[INFO] [launch]: All log files can be found below /home/cube/.ros/log/2026-03-01-15-51-05-702311-Cubot-9087
[INFO] [launch]: Default logging verbosity is set to INFO
[INFO] [random_forest-1]: process started with pid [9088]
[INFO] [ego_planner_node-2]: process started with pid [9090]
[INFO] [traj_server-3]: process started with pid [9092]
[INFO] [poscmd_2_odom-4]: process started with pid [9094]
[INFO] [odom_visualization-5]: process started with pid [9096]
[INFO] [pcl_render_node-6]: process started with pid [9098]
[ego_planner_node-2] hit: 0.619039
[ego_planner_node-2] miss: -0.619039
[ego_planner_node-2] min log: -1.99243
[ego_planner_node-2] max: 2.19722
[ego_planner_node-2] thresh log: 1.38629
[pcl_render_node-6] [WARN] [1772351465.854277745] [rcvGlobalPointCloudCallBack]: Global Pointcloud received..
[ego_planner_node-2] [INFO] [1772351466.013364662] [drone_0_ego_planner_node]: Wait for 1 second.
[ego_planner_node-2] no odom!
[ego_planner_node-2] [FSM]: from INIT to WAIT_TARGET
[random_forest-1] seed=1
[random_forest-1] [WARN] [1772351466.305659269] [RandomMapGenerateCylinder]: Finished generate random map 
[traj_server-3] [WARN] [1772351466.787794604] [drone_0_traj_server]: [Traj server]: ready.
[ego_planner_node-2] [FSM]: state: WAIT_TARGET
[ego_planner_node-2] wait for goal or trigger.
[ego_planner_node-2] [WARN] [1772351467.451340039] [drone_0_ego_planner_node]: Waiting for trigger from [n3ctrl] from RC
[ego_planner_node-2] [TRIG]: from WAIT_TARGET to GEN_NEW_TRAJ
[ego_planner_node-2] [47;30m
[ego_planner_node-2] [drone 0 replan 0]==============================================[0m
[ego_planner_node-2] [1;33mmulti-trajs=1[1;0m
[ego_planner_node-2] [32miter(+1)=98,time(ms)=0.404,total_t(ms)=0.404,cost=0.268
[ego_planner_node-2] [0mtraj 1 success.
[ego_planner_node-2] plan_success=1
[ego_planner_node-2] total time:[42m0.000559114[0m,optimize:0.000556037,refine:3.077e-06,avg_time=0.000559114
[ego_planner_node-2] refine_success=1
[ego_planner_node-2] [FSM]: from GEN_NEW_TRAJ to EXEC_TRAJ
[ego_planner_node-2] [FSM]: state: EXEC_TRAJ
[ego_planner_node-2] [FSM]: from EXEC_TRAJ to REPLAN_TRAJ
[ego_planner_node-2] [47;30m
[ego_planner_node-2] [drone 0 replan 1]==============================================[0m
[ego_planner_node-2] [1;33mmulti-trajs=1[1;0m
[ego_planner_node-2] [32miter(+1)=15,time(ms)=0.021,total_t(ms)=0.021,cost=0.104
[ego_planner_node-2] [0mtraj 1 success.
[ego_planner_node-2] plan_success=1
[ego_planner_node-2] total time:[42m9.5348e-05[0m,optimize:9.4318e-05,refine:1.03e-06,avg_time=0.000327231
[ego_planner_node-2] refine_success=1
[ego_planner_node-2] [FSM]: from REPLAN_TRAJ to EXEC_TRAJ
[ego_planner_node-2] [FSM]: state: EXEC_TRAJ
[ego_planner_node-2] [FSM]: from EXEC_TRAJ to REPLAN_TRAJ
[ego_planner_node-2] [47;30m
[ego_planner_node-2] [drone 0 replan 2]==============================================[0m
[ego_planner_node-2] [1;33mmulti-trajs=1[1;0m
[ego_planner_node-2] [32miter(+1)=7,time(ms)=0.016,total_t(ms)=0.016,cost=0.087
[ego_planner_node-2] [0mtraj 1 success.
[ego_planner_node-2] plan_success=1
[ego_planner_node-2] total time:[42m5.445e-05[0m,optimize:5.3372e-05,refine:1.078e-06,avg_time=0.000236304
[ego_planner_node-2] refine_success=1
[ego_planner_node-2] [FSM]: from REPLAN_TRAJ to EXEC_TRAJ
[ego_planner_node-2] [FSM]: state: EXEC_TRAJ
[ego_planner_node-2] [TRIG]: from EXEC_TRAJ to REPLAN_TRAJ
[ego_planner_node-2] [47;30m
[ego_planner_node-2] [drone 0 replan 3]==============================================[0m
[ego_planner_node-2] [1;33mmulti-trajs=1[1;0m
[ego_planner_node-2] [32miter(+1)=93,time(ms)=0.483,total_t(ms)=0.484,cost=0.364
[ego_planner_node-2] [0mtraj 1 success.
[ego_planner_node-2] plan_success=1
[ego_planner_node-2] total time:[42m0.000682738[0m,optimize:0.000680515,refine:2.223e-06,avg_time=0.000347912
[ego_planner_node-2] refine_success=1
[ego_planner_node-2] [FSM]: from REPLAN_TRAJ to EXEC_TRAJ
[ego_planner_node-2] [WARN] [1772351470.562390344] [distinctiveTrajs]: Can't find the new base points at the opposite within the threshold. i=1, j=1
[ego_planner_node-2] [47;30m
[ego_planner_node-2] [drone 0 replan 4]==============================================[0m
[ego_planner_node-2] [1;33mmulti-trajs=2[1;0m
[ego_planner_node-2] iter=6,time(ms)=2.1,rebound.
[ego_planner_node-2] iter=12,time(ms)=0.053,rebound.
[ego_planner_node-2] iter=19,time(ms)=0.21,rebound.
[ego_planner_node-2] iter=9,time(ms)=0.12,rebound.
[ego_planner_node-2] iter=5,time(ms)=0.057,rebound.
[ego_planner_node-2] iter=10,time(ms)=0.098,rebound.
[ego_planner_node-2] iter=8,time(ms)=0.041,rebound.
[ego_planner_node-2] [32miter(+1)=38,time(ms)=0.177,total_t(ms)=2.875,cost=3.652
[ego_planner_node-2] [0mtraj 1 success.
[ego_planner_node-2] iter=12,time(ms)=0.047,rebound.
[ego_planner_node-2] iter=8,time(ms)=0.16,rebound.
[ego_planner_node-2] iter=21,time(ms)=0.27,rebound.
[ego_planner_node-2] iter=14,time(ms)=0.075,rebound.
[ego_planner_node-2] iter=14,time(ms)=0.061,rebound.
[ego_planner_node-2] [32miter(+1)=10,time(ms)=0.031, collided, keep optimizing
[ego_planner_node-2] [0miter=11,time(ms)=0.052,rebound.
[ego_planner_node-2] iter=18,time(ms)=0.27,rebound.
[ego_planner_node-2] iter=31,time(ms)=0.34,rebound.
[ego_planner_node-2] [32miter(+1)=26,time(ms)=0.109, collided, keep optimizing
[ego_planner_node-2] [0m[32miter(+1)=23,time(ms)=0.102, collided, keep optimizing
[ego_planner_node-2] [0mtraj 2 failed.
[ego_planner_node-2] plan_success=1
[ego_planner_node-2] total time:[42m0.0058[0m,optimize:0.0058,refine:2.5e-06,avg_time=0.0014
[ego_planner_node-2] refine_success=1
[ego_planner_node-2] [SAFETY]: from EXEC_TRAJ to EXEC_TRAJ
[ego_planner_node-2] [WARN] [1772351470.811849358] [distinctiveTrajs]: Can't find the new base points at the opposite within the threshold. i=1, j=2
[ego_planner_node-2] [47;30m
[ego_planner_node-2] [drone 0 replan 5]==============================================[0m
[ego_planner_node-2] [1;33mmulti-trajs=2[1;0m
[ego_planner_node-2] iter=8,time(ms)=0.06,rebound.
[ego_planner_node-2] iter=7,time(ms)=0.06,rebound.
[ego_planner_node-2] iter=8,time(ms)=0.072,rebound.
[ego_planner_node-2] iter=21,time(ms)=0.11,rebound.
[ego_planner_node-2] iter=18,time(ms)=0.12,rebound.
[ego_planner_node-2] [32miter(+1)=16,time(ms)=0.064, collided, keep optimizing
[ego_planner_node-2] [0m[32miter(+1)=30,time(ms)=0.149, collided, keep optimizing
[ego_planner_node-2] [0m[32miter(+1)=25,time(ms)=0.125, collided, keep optimizing
[ego_planner_node-2] [0mtraj 1 failed.
[ego_planner_node-2] iter=10,time(ms)=0.044,rebound.
[ego_planner_node-2] [32miter(+1)=22,time(ms)=0.045, collided, keep optimizing
[ego_planner_node-2] [0m[32miter(+1)=13,time(ms)=0.023, collided, keep optimizing
[ego_planner_node-2] [0miter=24,time(ms)=0.093,rebound.
[ego_planner_node-2] [32miter(+1)=20,time(ms)=0.041, collided, keep optimizing
[ego_planner_node-2] [0mtraj 2 failed.
[ego_planner_node-2] plan_success=0
[ego_planner_node-2] refine_success=0
[ego_planner_node-2] [WARN] [1772351470.813968048] [distinctiveTrajs]: base_point and control point are too close!
[ego_planner_node-2] [47;30m
[ego_planner_node-2] [drone 0 replan 6]==============================================[0m
[ego_planner_node-2] base_point=  11 0.73  1.2 control point= 11 0.7 1.2
[ego_planner_node-2] [1;33mmulti-trajs=2[1;0m
[ego_planner_node-2] iter=5,time(ms)=0.088,rebound.
[ego_planner_node-2] iter=15,time(ms)=0.24,rebound.
[ego_planner_node-2] iter=24,time(ms)=0.11,rebound.
[ego_planner_node-2] iter=11,time(ms)=0.043,rebound.
[ego_planner_node-2] iter=21,time(ms)=0.074,rebound.
[ego_planner_node-2] [ERROR] [1772351470.814687972] [Coord2Index]: Ran out of pool, index=160 120 87, POOL_SIZE=160 160 160
[ego_planner_node-2] [ERROR] [1772351470.814716300] [AstarSearch]: Unable to handle the initial or end point, force return!
[ego_planner_node-2] [ERROR] [1772351470.814721903] [check_collision_and_rebound]: a star error
[ego_planner_node-2] [ERROR] [1772351470.814737888] [Coord2Index]: Ran out of pool, index=160 120 87, POOL_SIZE=160 160 160
[ego_planner_node-2] [ERROR] [1772351470.814740902] [AstarSearch]: Unable to handle the initial or end point, force return!
[ego_planner_node-2] [ERROR] [1772351470.814743169] [check_collision_and_rebound]: a star error
[ego_planner_node-2] [ERROR] [1772351470.814756550] [Coord2Index]: Ran out of pool, index=160 120 87, POOL_SIZE=160 160 160
[ego_planner_node-2] [ERROR] [1772351470.814759342] [AstarSearch]: Unable to handle the initial or end point, force return!
[ego_planner_node-2] [ERROR] [1772351470.814761494] [check_collision_and_rebound]: a star error
[ego_planner_node-2] iter=42,time(ms)=0.16,rebound.
[ego_planner_node-2] iter=5,time(ms)=0.019,rebound.
[ego_planner_node-2] iter=5,time(ms)=0.017,rebound.
[ego_planner_node-2] [32miter(+1)=3,time(ms)=0.005, collided, keep optimizing
[ego_planner_node-2] [0miter=5,time(ms)=0.018,rebound.
[ego_planner_node-2] iter=5,time(ms)=0.017,rebound.
[ego_planner_node-2] iter=5,time(ms)=0.019,rebound.
[ego_planner_node-2] [ERROR] [1772351470.814796714] [Coord2Index]: Ran out of pool, index=160 120 87, POOL_SIZE=160 160 160
[ego_planner_node-2] [ERROR] [1772351470.814799857] [AstarSearch]: Unable to handle the initial or end point, force return!
[ego_planner_node-2] [ERROR] [1772351470.814802316] [initControlPoints]: a star error, force return!
[ego_planner_node-2] [ERROR] [1772351470.814814754] [Coord2Index]: Ran out of pool, index=160 120 87, POOL_SIZE=160 160 160
[ego_planner_node-2] [ERROR] [1772351470.814817528] [AstarSearch]: Unable to handle the initial or end point, force return!
[ego_planner_node-2] [ERROR] [1772351470.814819680] [check_collision_and_rebound]: a star error
[ego_planner_node-2] [ERROR] [1772351470.814832915] [Coord2Index]: Ran out of pool, index=160 120 87, POOL_SIZE=160 160 160
[ego_planner_node-2] [ERROR] [1772351470.814835691] [AstarSearch]: Unable to handle the initial or end point, force return!
[ego_planner_node-2] [ERROR] [1772351470.814837805] [check_collision_and_rebound]: a star error
[ego_planner_node-2] [32miter(+1)=40,time(ms)=0.113, collided, keep optimizing
[ego_planner_node-2] [0miter=8,time(ms)=0.045,rebound.
[ego_planner_node-2] [32miter(+1)=47,time(ms)=0.120, collided, keep optimizing
[ego_planner_node-2] [0mtraj 1 failed.
[ego_planner_node-2] iter=5,time(ms)=0.097,rebound.
[ego_planner_node-2] iter=15,time(ms)=0.19,rebound.
[ego_planner_node-2] iter=16,time(ms)=0.053,rebound.
[ego_planner_node-2] iter=22,time(ms)=0.068,rebound.
[ego_planner_node-2] iter=20,time(ms)=0.068,rebound.
[ego_planner_node-2] iter=32,time(ms)=0.11,rebound.
[ego_planner_node-2] iter=38,time(ms)=0.13,rebound.
[ego_planner_node-2] [32miter(+1)=21,time(ms)=0.054, collided, keep optimizing
[ego_planner_node-2] [0m[32miter(+1)=23,time(ms)=0.075,total_t(ms)=0.886,cost=1.157
[ego_planner_node-2] [0mtraj 2 success.
[ego_planner_node-2] plan_success=1
[ego_planner_node-2] total time:[42m0.0027[0m,optimize:0.0027,refine:2.3e-06,avg_time=0.0017
[ego_planner_node-2] refine_success=1
[ego_planner_node-2] [SAFETY]: from EXEC_TRAJ to EXEC_TRAJ
[ego_planner_node-2] [FSM]: state: EXEC_TRAJ
[ego_planner_node-2] [FSM]: from EXEC_TRAJ to REPLAN_TRAJ
[ego_planner_node-2] [47;30m
[ego_planner_node-2] [drone 0 replan 7]==============================================[0m
[ego_planner_node-2] [1;33mmulti-trajs=1[1;0m
[ego_planner_node-2] [32miter(+1)=18,time(ms)=0.058,total_t(ms)=0.058,cost=0.093
[ego_planner_node-2] [0mtraj 1 success.
[ego_planner_node-2] plan_success=1
[ego_planner_node-2] total time:[42m0.00016[0m,optimize:0.00016,refine:1.8e-06,avg_time=0.0014
[ego_planner_node-2] refine_success=1
[ego_planner_node-2] [FSM]: from REPLAN_TRAJ to EXEC_TRAJ
[ego_planner_node-2] [47;30m
[ego_planner_node-2] [drone 0 replan 8]==============================================[0m
[ego_planner_node-2] [1;33mmulti-trajs=2[1;0m
[ego_planner_node-2] iter=9,time(ms)=0.58,rebound.
[ego_planner_node-2] iter=12,time(ms)=0.12,rebound.
[ego_planner_node-2] iter=8,time(ms)=0.15,rebound.
[ego_planner_node-2] iter=5,time(ms)=0.15,rebound.
[ego_planner_node-2] iter=6,time(ms)=0.3,rebound.
[ego_planner_node-2] [32miter(+1)=11,time(ms)=0.101, collided, keep optimizing
[ego_planner_node-2] [0miter=19,time(ms)=0.19,rebound.
[ego_planner_node-2] iter=23,time(ms)=0.18,rebound.
[ego_planner_node-2] [32miter(+1)=13,time(ms)=0.073, collided, keep optimizing
[ego_planner_node-2] [0m[32miter(+1)=15,time(ms)=0.136, collided, keep optimizing
[ego_planner_node-2] [0mtraj 1 failed.
[ego_planner_node-2] [32miter(+1)=19,time(ms)=0.159,total_t(ms)=0.159,cost=0.088
[ego_planner_node-2] [0mtraj 2 success.
[ego_planner_node-2] plan_success=1
[ego_planner_node-2] total time:[42m0.0029[0m,optimize:0.0029,refine:5.8e-06,avg_time=0.0016
[ego_planner_node-2] refine_success=1
[ego_planner_node-2] [SAFETY]: from EXEC_TRAJ to EXEC_TRAJ
[ego_planner_node-2] [WARN] [1772351472.111819104] [distinctiveTrajs]: Can't find the new base points at the opposite within the threshold. i=0, j=0
[ego_planner_node-2] [47;30m
[ego_planner_node-2] [drone 0 replan 9]==============================================[0m
[ego_planner_node-2] [1;33mmulti-trajs=1[1;0m
[ego_planner_node-2] iter=11,time(ms)=0.068,rebound.
[ego_planner_node-2] [32miter(+1)=11,time(ms)=0.040,total_t(ms)=0.162,cost=0.296
[ego_planner_node-2] [0mtraj 1 success.
[ego_planner_node-2] plan_success=1
[ego_planner_node-2] total time:[42m0.00034[0m,optimize:0.00033,refine:2.1e-06,avg_time=0.0015
[ego_planner_node-2] refine_success=1
[ego_planner_node-2] [SAFETY]: from EXEC_TRAJ to EXEC_TRAJ
[ego_planner_node-2] [FSM]: state: EXEC_TRAJ
[ego_planner_node-2] [47;30m
[ego_planner_node-2] [drone 0 replan 10]==============================================[0m
[ego_planner_node-2] [1;33mmulti-trajs=2[1;0m
[ego_planner_node-2] iter=13,time(ms)=0.08,rebound.
[ego_planner_node-2] iter=5,time(ms)=0.039,rebound.
[ego_planner_node-2] iter=15,time(ms)=0.07,rebound.
[ego_planner_node-2] iter=11,time(ms)=0.055,rebound.
[ego_planner_node-2] iter=9,time(ms)=0.05,rebound.
[ego_planner_node-2] [32miter(+1)=17,time(ms)=0.059, collided, keep optimizing
[ego_planner_node-2] [0miter=12,time(ms)=0.077,rebound.
[ego_planner_node-2] iter=5,time(ms)=0.03,rebound.
[ego_planner_node-2] iter=23,time(ms)=0.2,rebound.
[ego_planner_node-2] [32miter(+1)=28,time(ms)=0.129, collided, keep optimizing
[ego_planner_node-2] [0m[32miter(+1)=10,time(ms)=0.039,total_t(ms)=0.900,cost=4.819
[ego_planner_node-2] [0mtraj 1 success.
[ego_planner_node-2] [32miter(+1)=16,time(ms)=0.048, collided, keep optimizing
[ego_planner_node-2] [0m[32miter(+1)=1,time(ms)=0.005, collided, keep optimizing
[ego_planner_node-2] [0miter=7,time(ms)=0.032,rebound.
[ego_planner_node-2] iter=10,time(ms)=0.039,rebound.
[ego_planner_node-2] iter=14,time(ms)=0.055,rebound.
[ego_planner_node-2] iter=9,time(ms)=0.036,rebound.
[ego_planner_node-2] iter=17,time(ms)=0.073,rebound.
[ego_planner_node-2] iter=5,time(ms)=0.025,rebound.
[ego_planner_node-2] iter=9,time(ms)=0.095,rebound.
[ego_planner_node-2] iter=8,time(ms)=0.075,rebound.
[ego_planner_node-2] iter=5,time(ms)=0.039,rebound.
[ego_planner_node-2] iter=5,time(ms)=0.19,rebound.
[ego_planner_node-2] [32miter(+1)=25,time(ms)=0.107,total_t(ms)=0.884,cost=2.638
[ego_planner_node-2] [0mtraj 2 success.
[ego_planner_node-2] plan_success=1
[ego_planner_node-2] total time:[42m0.002[0m,optimize:0.002,refine:2.3e-06,avg_time=0.0015
[ego_planner_node-2] refine_success=1
[ego_planner_node-2] [ERROR] [1772351472.515332677] [Coord2Index]: Ran out of pool, index=160 108 87, POOL_SIZE=160 160 160
[ego_planner_node-2] [ERROR] [1772351472.515361694] [AstarSearch]: Unable to handle the initial or end point, force return!
[ego_planner_node-2] [ERROR] [1772351472.515369894] [check_collision_and_rebound]: a star error
[ego_planner_node-2] [ERROR] [1772351472.515401119] [Coord2Index]: Ran out of pool, index=160 109 87, POOL_SIZE=160 160 160
[ego_planner_node-2] [ERROR] [1772351472.515408959] [AstarSearch]: Unable to handle the initial or end point, force return!
[ego_planner_node-2] [ERROR] [1772351472.515414440] [check_collision_and_rebound]: a star error
[ego_planner_node-2] [SAFETY]: from EXEC_TRAJ to EXEC_TRAJ
[ego_planner_node-2] [47;30m
[ego_planner_node-2] [drone 0 replan 11]==============================================[0m
[ego_planner_node-2] [1;33mmulti-trajs=2[1;0m
[ego_planner_node-2] iter=28,time(ms)=0.22,rebound.
[ego_planner_node-2] iter=9,time(ms)=0.043,rebound.
[ego_planner_node-2] iter=8,time(ms)=0.034,rebound.
[ego_planner_node-2] iter=7,time(ms)=0.065,rebound.
[ego_planner_node-2] [ERROR] [1772351472.762661298] [Coord2Index]: Ran out of pool, index=-1 45 99, POOL_SIZE=160 160 160
[ego_planner_node-2] [ERROR] [1772351472.762690815] [AstarSearch]: Unable to handle the initial or end point, force return!
[ego_planner_node-2] [ERROR] [1772351472.762699563] [initControlPoints]: a star error, force return!
[ego_planner_node-2] [ERROR] [1772351472.762750429] [Coord2Index]: Ran out of pool, index=-1 27 109, POOL_SIZE=160 160 160
[ego_planner_node-2] [ERROR] [1772351472.762758799] [AstarSearch]: Unable to handle the initial or end point, force return!
[ego_planner_node-2] [ERROR] [1772351472.762764510] [initControlPoints]: a star error, force return!
[ego_planner_node-2] [32miter(+1)=23,time(ms)=0.094, collided, keep optimizing
[ego_planner_node-2] [0m[32miter(+1)=9,time(ms)=0.031, collided, keep optimizing
[ego_planner_node-2] [0miter=16,time(ms)=0.11,rebound.
[ego_planner_node-2] [32miter(+1)=29,time(ms)=0.137,total_t(ms)=0.846,cost=2.473
[ego_planner_node-2] [0mtraj 1 success.
[ego_planner_node-2] [32miter(+1)=25,time(ms)=0.086, collided, keep optimizing
[ego_planner_node-2] [0miter=10,time(ms)=0.039,rebound.
[ego_planner_node-2] iter=5,time(ms)=0.023,rebound.
[ego_planner_node-2] [32miter(+1)=8,time(ms)=0.024,total_t(ms)=0.200,cost=0.738
[ego_planner_node-2] [0mtraj 2 success.
[ego_planner_node-2] plan_success=1
[ego_planner_node-2] total time:[42m0.0014[0m,optimize:0.0014,refine:2.2e-06,avg_time=0.0015
[ego_planner_node-2] refine_success=1
[ego_planner_node-2] [SAFETY]: from EXEC_TRAJ to EXEC_TRAJ
[ego_planner_node-2] [47;30m
[ego_planner_node-2] [drone 0 replan 12]==============================================[0m
[ego_planner_node-2] [1;33mmulti-trajs=1[1;0m
[ego_planner_node-2] iter=11,time(ms)=0.084,rebound.
[ego_planner_node-2] [32miter(+1)=12,time(ms)=0.054,total_t(ms)=0.159,cost=0.272
[ego_planner_node-2] [0mtraj 1 success.
[ego_planner_node-2] plan_success=1
[ego_planner_node-2] total time:[42m0.00036[0m,optimize:0.00035,refine:3e-06,avg_time=0.0014
[ego_planner_node-2] refine_success=1
[ego_planner_node-2] [SAFETY]: from EXEC_TRAJ to EXEC_TRAJ
[ego_planner_node-2] [FSM]: state: EXEC_TRAJ
[ego_planner_node-2] [FSM]: from EXEC_TRAJ to REPLAN_TRAJ
[ego_planner_node-2] [47;30m
[ego_planner_node-2] [drone 0 replan 13]==============================================[0m
[ego_planner_node-2] [1;33mmulti-trajs=1[1;0m
[ego_planner_node-2] [32miter(+1)=12,time(ms)=0.039,total_t(ms)=0.039,cost=0.029
[ego_planner_node-2] [0mtraj 1 success.
[ego_planner_node-2] plan_success=1
[ego_planner_node-2] total time:[42m0.00015[0m,optimize:0.00015,refine:2e-06,avg_time=0.0013
[ego_planner_node-2] refine_success=1
[ego_planner_node-2] [FSM]: from REPLAN_TRAJ to EXEC_TRAJ
[ego_planner_node-2] [FSM]: state: EXEC_TRAJ
[ego_planner_node-2] [FSM]: from EXEC_TRAJ to REPLAN_TRAJ
[ego_planner_node-2] [47;30m
[ego_planner_node-2] [drone 0 replan 14]==============================================[0m
[ego_planner_node-2] [1;33mmulti-trajs=2[1;0m
[ego_planner_node-2] [32miter(+1)=34,time(ms)=0.260,total_t(ms)=0.261,cost=0.061
[ego_planner_node-2] [0mtraj 1 success.
[ego_planner_node-2] [32miter(+1)=25,time(ms)=0.171,total_t(ms)=0.171,cost=0.016
[ego_planner_node-2] [0mtraj 2 success.
[ego_planner_node-2] plan_success=1
[ego_planner_node-2] total time:[42m0.00076[0m,optimize:0.00075,refine:3.9e-06,avg_time=0.0013
[ego_planner_node-2] refine_success=1
[ego_planner_node-2] [FSM]: from REPLAN_TRAJ to EXEC_TRAJ
[ego_planner_node-2] [47;30m
[ego_planner_node-2] [drone 0 replan 15]==============================================[0m
[ego_planner_node-2] [1;33mmulti-trajs=2[1;0m
[ego_planner_node-2] iter=17,time(ms)=0.082,rebound.
[ego_planner_node-2] iter=12,time(ms)=0.068,rebound.
[ego_planner_node-2] iter=30,time(ms)=0.14,rebound.
[ego_planner_node-2] [32miter(+1)=20,time(ms)=0.081, collided, keep optimizing
[ego_planner_node-2] [0m[32miter(+1)=9,time(ms)=0.029, collided, keep optimizing
[ego_planner_node-2] [0miter=18,time(ms)=0.086,rebound.
[ego_planner_node-2] iter=16,time(ms)=0.077,rebound.
[ego_planner_node-2] [32miter(+1)=19,time(ms)=0.074,total_t(ms)=0.702,cost=0.691
[ego_planner_node-2] [0mtraj 1 success.
[ego_planner_node-2] [32miter(+1)=28,time(ms)=0.114,total_t(ms)=0.115,cost=0.019
[ego_planner_node-2] [0mtraj 2 success.
[ego_planner_node-2] plan_success=1
[ego_planner_node-2] total time:[42m0.001[0m,optimize:0.001,refine:2.7e-06,avg_time=0.0013
[ego_planner_node-2] refine_success=1
[ego_planner_node-2] [SAFETY]: from EXEC_TRAJ to EXEC_TRAJ
[ego_planner_node-2] [FSM]: state: EXEC_TRAJ
[ego_planner_node-2] [FSM]: from EXEC_TRAJ to REPLAN_TRAJ
[ego_planner_node-2] [47;30m
[ego_planner_node-2] [drone 0 replan 16]==============================================[0m
[ego_planner_node-2] [1;33mmulti-trajs=1[1;0m
[ego_planner_node-2] [32miter(+1)=22,time(ms)=0.045,total_t(ms)=0.045,cost=0.014
[ego_planner_node-2] [0mtraj 1 success.
[ego_planner_node-2] plan_success=1
[ego_planner_node-2] total time:[42m0.00013[0m,optimize:0.00013,refine:1.3e-06,avg_time=0.0012
[ego_planner_node-2] refine_success=1
[ego_planner_node-2] [FSM]: from REPLAN_TRAJ to EXEC_TRAJ
[ego_planner_node-2] [47;30m
[ego_planner_node-2] [drone 0 replan 17]==============================================[0m
[ego_planner_node-2] [1;33mmulti-trajs=1[1;0m
[ego_planner_node-2] [32miter(+1)=13,time(ms)=0.041, collided, keep optimizing
[ego_planner_node-2] [0m[32miter(+1)=1,time(ms)=0.005, collided, keep optimizing
[ego_planner_node-2] [0m[32miter(+1)=1,time(ms)=0.004, collided, keep optimizing
[ego_planner_node-2] [0mtraj 1 failed.
[ego_planner_node-2] plan_success=0
[ego_planner_node-2] refine_success=0
[ego_planner_node-2] [47;30m
[ego_planner_node-2] [drone 0 replan 18]==============================================[0m
[ego_planner_node-2] [1;33mmulti-trajs=2[1;0m
[ego_planner_node-2] iter=5,time(ms)=0.04,rebound.
[ego_planner_node-2] iter=18,time(ms)=0.67,rebound.
[ego_planner_node-2] iter=7,time(ms)=0.044,rebound.
[ego_planner_node-2] [32miter(+1)=74,time(ms)=0.255, collided, keep optimizing
[ego_planner_node-2] [0miter=68,time(ms)=0.27,rebound.
[ego_planner_node-2] iter=27,time(ms)=0.12,rebound.
[ego_planner_node-2] [32miter(+1)=167,time(ms)=0.650, collided, keep optimizing
[ego_planner_node-2] [0m[32miter(+1)=141,time(ms)=0.559, collided, keep optimizing
[ego_planner_node-2] [0mtraj 1 failed.
[ego_planner_node-2] iter=5,time(ms)=2.1,rebound.
[ego_planner_node-2] iter=12,time(ms)=0.086,rebound.
[ego_planner_node-2] [32miter(+1)=49,time(ms)=0.180, collided, keep optimizing
[ego_planner_node-2] [0miter=29,time(ms)=0.097,rebound.
[ego_planner_node-2] [32miter(+1)=36,time(ms)=0.133, collided, keep optimizing
[ego_planner_node-2] [0miter=120,time(ms)=0.43,rebound.
[ego_planner_node-2] [32miter(+1)=51,time(ms)=0.200,total_t(ms)=3.234,cost=1.163
[ego_planner_node-2] [0mtraj 2 success.
[ego_planner_node-2] plan_success=1
[ego_planner_node-2] total time:[42m0.006[0m,optimize:0.006,refine:2.5e-06,avg_time=0.0015
[ego_planner_node-2] refine_success=1
[ego_planner_node-2] [SAFETY]: from EXEC_TRAJ to EXEC_TRAJ
[ego_planner_node-2] [FSM]: state: EXEC_TRAJ
[ego_planner_node-2] [FSM]: from EXEC_TRAJ to REPLAN_TRAJ
[ego_planner_node-2] [47;30m
[ego_planner_node-2] [drone 0 replan 19]==============================================[0m
[ego_planner_node-2] [1;33mmulti-trajs=1[1;0m
[ego_planner_node-2] iter=5,time(ms)=0.23,rebound.
[ego_planner_node-2] [32miter(+1)=41,time(ms)=0.122,total_t(ms)=0.371,cost=0.028
[ego_planner_node-2] [0mtraj 1 success.
[ego_planner_node-2] plan_success=1
[ego_planner_node-2] total time:[42m0.00054[0m,optimize:0.00053,refine:2.5e-06,avg_time=0.0014
[ego_planner_node-2] refine_success=1
[ego_planner_node-2] [FSM]: from REPLAN_TRAJ to EXEC_TRAJ
[ego_planner_node-2] [FSM]: state: EXEC_TRAJ
[ego_planner_node-2] [FSM]: from EXEC_TRAJ to REPLAN_TRAJ
[ego_planner_node-2] [47;30m
[ego_planner_node-2] [drone 0 replan 20]==============================================[0m
[ego_planner_node-2] [1;33mmulti-trajs=1[1;0m
[ego_planner_node-2] iter=5,time(ms)=0.17,rebound.
[ego_planner_node-2] iter=8,time(ms)=0.035,rebound.
[ego_planner_node-2] iter=25,time(ms)=0.059,rebound.
[ego_planner_node-2] iter=6,time(ms)=0.026,rebound.
[ego_planner_node-2] [32miter(+1)=32,time(ms)=0.068,total_t(ms)=0.380,cost=0.430
[ego_planner_node-2] [0mtraj 1 success.
[ego_planner_node-2] plan_success=1
[ego_planner_node-2] total time:[42m0.00056[0m,optimize:0.00055,refine:1.4e-06,avg_time=0.0014
[ego_planner_node-2] refine_success=1
[ego_planner_node-2] [FSM]: from REPLAN_TRAJ to EXEC_TRAJ
[ego_planner_node-2] [FSM]: state: EXEC_TRAJ
[ego_planner_node-2] [47;30m
[ego_planner_node-2] [drone 0 replan 21]==============================================[0m
[ego_planner_node-2] [1;33mmulti-trajs=4[1;0m
[ego_planner_node-2] iter=14,time(ms)=0.13,rebound.
[ego_planner_node-2] iter=8,time(ms)=0.16,rebound.
[ego_planner_node-2] iter=7,time(ms)=0.12,rebound.
[ego_planner_node-2] iter=10,time(ms)=0.082,rebound.
[ego_planner_node-2] iter=22,time(ms)=0.65,rebound.
[ego_planner_node-2] iter=6,time(ms)=0.054,rebound.
[ego_planner_node-2] iter=11,time(ms)=1.9,rebound.
[ego_planner_node-2] iter=20,time(ms)=0.13,rebound.
[ego_planner_node-2] iter=15,time(ms)=0.083,rebound.
[ego_planner_node-2] iter=15,time(ms)=0.073,rebound.
[ego_planner_node-2] iter=19,time(ms)=0.08,rebound.
[ego_planner_node-2] iter=18,time(ms)=0.085,rebound.
[ego_planner_node-2] iter=42,time(ms)=0.2,rebound.
[ego_planner_node-2] [32miter(+1)=87,time(ms)=0.439, collided, keep optimizing
[ego_planner_node-2] [0m[32miter(+1)=39,time(ms)=0.142, collided, keep optimizing
[ego_planner_node-2] [0m[32miter(+1)=39,time(ms)=0.143, collided, keep optimizing
[ego_planner_node-2] [0mtraj 1 failed.
[ego_planner_node-2] iter=10,time(ms)=0.028,rebound.
[ego_planner_node-2] iter=13,time(ms)=0.073,rebound.
[ego_planner_node-2] iter=17,time(ms)=0.047,rebound.
[ego_planner_node-2] iter=21,time(ms)=0.057,rebound.
[ego_planner_node-2] iter=19,time(ms)=0.051,rebound.
[ego_planner_node-2] iter=23,time(ms)=0.076,rebound.
[ego_planner_node-2] iter=21,time(ms)=0.2,rebound.
[ego_planner_node-2] iter=16,time(ms)=0.065,rebound.
[ego_planner_node-2] iter=38,time(ms)=0.18,rebound.
[ego_planner_node-2] [32miter(+1)=47,time(ms)=0.156, collided, keep optimizing
[ego_planner_node-2] [0m[32miter(+1)=39,time(ms)=0.123, collided, keep optimizing
[ego_planner_node-2] [0m[32miter(+1)=78,time(ms)=0.229, collided, keep optimizing
[ego_planner_node-2] [0mtraj 2 failed.
[ego_planner_node-2] iter=22,time(ms)=0.048,rebound.
[ego_planner_node-2] iter=13,time(ms)=0.039,rebound.
[ego_planner_node-2] iter=7,time(ms)=0.023,rebound.
[ego_planner_node-2] iter=6,time(ms)=0.019,rebound.
[ego_planner_node-2] iter=9,time(ms)=0.026,rebound.
[ego_planner_node-2] iter=22,time(ms)=0.058,rebound.
[ego_planner_node-2] iter=5,time(ms)=0.018,rebound.
[ego_planner_node-2] iter=16,time(ms)=0.044,rebound.
[ego_planner_node-2] iter=31,time(ms)=1.2,rebound.
[ego_planner_node-2] iter=14,time(ms)=0.037,rebound.
[ego_planner_node-2] iter=56,time(ms)=0.17,rebound.
[ego_planner_node-2] [32miter(+1)=21,time(ms)=0.050, collided, keep optimizing
[ego_planner_node-2] [0m[32miter(+1)=42,time(ms)=0.110, collided, keep optimizing
[ego_planner_node-2] [0m[32miter(+1)=46,time(ms)=0.127, collided, keep optimizing
[ego_planner_node-2] [0mtraj 3 failed.
[ego_planner_node-2] iter=11,time(ms)=0.024,rebound.
[ego_planner_node-2] iter=17,time(ms)=0.034,rebound.
[ego_planner_node-2] iter=6,time(ms)=0.018,rebound.
[ego_planner_node-2] iter=75,time(ms)=0.22,rebound.
[ego_planner_node-2] [ERROR] [1772351478.721302640] [Coord2Index]: Ran out of pool, index=-1 87 91, POOL_SIZE=160 160 160
[ego_planner_node-2] [ERROR] [1772351478.721344570] [AstarSearch]: Unable to handle the initial or end point, force return!
[ego_planner_node-2] [ERROR] [1772351478.721351210] [check_collision_and_rebound]: a star error
[ego_planner_node-2] [ERROR] [1772351478.721377077] [Coord2Index]: Ran out of pool, index=-1 87 91, POOL_SIZE=160 160 160
[ego_planner_node-2] [ERROR] [1772351478.721382539] [AstarSearch]: Unable to handle the initial or end point, force return!
[ego_planner_node-2] [ERROR] [1772351478.721386490] [check_collision_and_rebound]: a star error
[ego_planner_node-2] [32miter(+1)=31,time(ms)=0.096, collided, keep optimizing
[ego_planner_node-2] [0miter=8,time(ms)=0.082,rebound.
[ego_planner_node-2] iter=5,time(ms)=0.03,rebound.
[ego_planner_node-2] iter=5,time(ms)=0.032,rebound.
[ego_planner_node-2] iter=13,time(ms)=0.14,rebound.
[ego_planner_node-2] iter=18,time(ms)=0.045,rebound.
[ego_planner_node-2] iter=18,time(ms)=0.056,rebound.
[ego_planner_node-2] iter=15,time(ms)=0.062,rebound.
[ego_planner_node-2] iter=13,time(ms)=0.048,rebound.
[ego_planner_node-2] iter=18,time(ms)=0.075,rebound.
[ego_planner_node-2] iter=5,time(ms)=0.047,rebound.
[ego_planner_node-2] iter=43,time(ms)=0.14,rebound.
[ego_planner_node-2] iter=56,time(ms)=0.28,rebound.
[ego_planner_node-2] [32miter(+1)=53,time(ms)=0.142, collided, keep optimizing
[ego_planner_node-2] [0m[32miter(+1)=31,time(ms)=0.080, collided, keep optimizing
[ego_planner_node-2] [0mtraj 4 failed.
[ego_planner_node-2] plan_success=0
[ego_planner_node-2] refine_success=0
[ego_planner_node-2] [WARN] [1772351478.723131278] [distinctiveTrajs]: Can't find the new base points at the opposite within the threshold. i=0, j=0
[ego_planner_node-2] [47;30m
[ego_planner_node-2] [drone 0 replan 22]==============================================[0m
[ego_planner_node-2] [1;33mmulti-trajs=2[1;0m
[ego_planner_node-2] iter=5,time(ms)=0.043,rebound.
[ego_planner_node-2] iter=12,time(ms)=0.041,rebound.
[ego_planner_node-2] iter=13,time(ms)=0.038,rebound.
[ego_planner_node-2] iter=10,time(ms)=0.076,rebound.
[ego_planner_node-2] iter=5,time(ms)=0.021,rebound.
[ego_planner_node-2] iter=21,time(ms)=0.074,rebound.
[ego_planner_node-2] iter=7,time(ms)=0.073,rebound.
[ego_planner_node-2] iter=28,time(ms)=0.11,rebound.
[ego_planner_node-2] iter=58,time(ms)=0.22,rebound.
[ego_planner_node-2] [32miter(+1)=85,time(ms)=0.529, collided, keep optimizing
[ego_planner_node-2] [0m[32miter(+1)=94,time(ms)=1.316, collided, keep optimizing
[ego_planner_node-2] [0miter=49,time(ms)=0.18,rebound.
[ego_planner_node-2] iter=11,time(ms)=0.083,rebound.
[ego_planner_node-2] [32miter(+1)=114,time(ms)=0.340, collided, keep optimizing
[ego_planner_node-2] [0mtraj 1 failed.
[ego_planner_node-2] iter=5,time(ms)=0.028,rebound.
[ego_planner_node-2] iter=14,time(ms)=0.076,rebound.
[ego_planner_node-2] iter=8,time(ms)=0.028,rebound.
[ego_planner_node-2] iter=12,time(ms)=0.059,rebound.
[ego_planner_node-2] iter=20,time(ms)=0.087,rebound.
[ego_planner_node-2] iter=13,time(ms)=0.034,rebound.
[ego_planner_node-2] iter=11,time(ms)=0.043,rebound.
[ego_planner_node-2] iter=14,time(ms)=0.046,rebound.
[ego_planner_node-2] iter=19,time(ms)=0.052,rebound.
[ego_planner_node-2] iter=30,time(ms)=0.087,rebound.
[ego_planner_node-2] iter=55,time(ms)=0.21,rebound.
[ego_planner_node-2] [32miter(+1)=76,time(ms)=0.223, collided, keep optimizing
[ego_planner_node-2] [0m[32miter(+1)=102,time(ms)=0.366, collided, keep optimizing
[ego_planner_node-2] [0m[32miter(+1)=74,time(ms)=0.208, collided, keep optimizing
[ego_planner_node-2] [0mtraj 2 failed.
[ego_planner_node-2] plan_success=0
[ego_planner_node-2] refine_success=0
[ego_planner_node-2] [WARN] [1772351478.728466060] [distinctiveTrajs]: Can't find the new base points at the opposite within the threshold. i=1, j=2
[ego_planner_node-2] [47;30m
[ego_planner_node-2] [drone 0 replan 23]==============================================[0m
[ego_planner_node-2] [1;33mmulti-trajs=4[1;0m
[ego_planner_node-2] iter=22,time(ms)=0.053,rebound.
[ego_planner_node-2] iter=22,time(ms)=0.28,rebound.
[ego_planner_node-2] iter=33,time(ms)=0.13,rebound.
[ego_planner_node-2] iter=36,time(ms)=0.17,rebound.
[ego_planner_node-2] iter=115,time(ms)=0.43,rebound.
[ego_planner_node-2] [32miter(+1)=145,time(ms)=0.386, collided, keep optimizing
[ego_planner_node-2] [0m[32miter(+1)=133,time(ms)=0.340, collided, keep optimizing
[ego_planner_node-2] [0m[32miter(+1)=180,time(ms)=0.494, collided, keep optimizing
[ego_planner_node-2] [0mtraj 1 failed.
[ego_planner_node-2] iter=13,time(ms)=0.029,rebound.
[ego_planner_node-2] iter=14,time(ms)=0.036,rebound.
[ego_planner_node-2] iter=15,time(ms)=0.033,rebound.
[ego_planner_node-2] iter=37,time(ms)=0.09,rebound.
[ego_planner_node-2] [32miter(+1)=122,time(ms)=0.301, collided, keep optimizing
[ego_planner_node-2] [0m[32miter(+1)=57,time(ms)=0.143, collided, keep optimizing
[ego_planner_node-2] [0m[32miter(+1)=53,time(ms)=0.135, collided, keep optimizing
[ego_planner_node-2] [0mtraj 2 failed.
[ego_planner_node-2] iter=27,time(ms)=0.82,rebound.
[ego_planner_node-2] iter=6,time(ms)=0.029,rebound.
[ego_planner_node-2] iter=22,time(ms)=0.079,rebound.
[ego_planner_node-2] [32miter(+1)=96,time(ms)=0.375, collided, keep optimizing
[ego_planner_node-2] [0miter=113,time(ms)=0.5,rebound.
[ego_planner_node-2] iter=17,time(ms)=0.11,rebound.
[ego_planner_node-2] [32miter(+1)=79,time(ms)=0.478, collided, keep optimizing
[ego_planner_node-2] [0m[32miter(+1)=73,time(ms)=0.361, collided, keep optimizing
[ego_planner_node-2] [0mtraj 3 failed.
[ego_planner_node-2] iter=14,time(ms)=0.11,rebound.
[ego_planner_node-2] iter=15,time(ms)=0.066,rebound.
[ego_planner_node-2] iter=62,time(ms)=0.28,rebound.
[ego_planner_node-2] iter=52,time(ms)=0.21,rebound.
[ego_planner_node-2] [32miter(+1)=47,time(ms)=0.223, collided, keep optimizing
[ego_planner_node-2] [0m[32miter(+1)=107,time(ms)=0.438, collided, keep optimizing
[ego_planner_node-2] [0m[32miter(+1)=105,time(ms)=0.513,total_t(ms)=1.953,cost=4.381
[ego_planner_node-2] [0mtraj 4 success.
[ego_planner_node-2] plan_success=1
[ego_planner_node-2] total time:[42m0.011[0m,optimize:0.011,refine:4.1e-06,avg_time=0.0019
[ego_planner_node-2] refine_success=1
[ego_planner_node-2] [SAFETY]: from EXEC_TRAJ to EXEC_TRAJ
[ego_planner_node-2] [47;30m
[ego_planner_node-2] [drone 0 replan 24]==============================================[0m
[ego_planner_node-2] [1;33mmulti-trajs=1[1;0m
[ego_planner_node-2] iter=5,time(ms)=0.051,rebound.
[ego_planner_node-2] iter=14,time(ms)=0.11,rebound.
[ego_planner_node-2] iter=18,time(ms)=0.047,rebound.
[ego_planner_node-2] iter=7,time(ms)=0.019,rebound.
[ego_planner_node-2] iter=5,time(ms)=0.023,rebound.
[ego_planner_node-2] iter=17,time(ms)=0.042,rebound.
[ego_planner_node-2] iter=7,time(ms)=0.11,rebound.
[ego_planner_node-2] iter=8,time(ms)=0.02,rebound.
[ego_planner_node-2] [32miter(+1)=35,time(ms)=0.080, collided, keep optimizing
[ego_planner_node-2] [0miter=39,time(ms)=0.11,rebound.
[ego_planner_node-2] [32miter(+1)=61,time(ms)=0.163, collided, keep optimizing
[ego_planner_node-2] [0m[32miter(+1)=46,time(ms)=0.119, collided, keep optimizing
[ego_planner_node-2] [0mtraj 1 failed.
[ego_planner_node-2] plan_success=0
[ego_planner_node-2] refine_success=0
[ego_planner_node-2] [WARN] [1772351478.763228472] [distinctiveTrajs]: Can't find the new base points at the opposite within the threshold. i=0, j=0
[ego_planner_node-2] [47;30m
[ego_planner_node-2] [drone 0 replan 25]==============================================[0m
[ego_planner_node-2] [1;33mmulti-trajs=4[1;0m
[ego_planner_node-2] iter=5,time(ms)=0.035,rebound.
[ego_planner_node-2] iter=13,time(ms)=0.029,rebound.
[ego_planner_node-2] iter=17,time(ms)=0.1,rebound.
[ego_planner_node-2] iter=25,time(ms)=0.12,rebound.
[ego_planner_node-2] iter=15,time(ms)=0.054,rebound.
[ego_planner_node-2] iter=178,time(ms)=0.52,rebound.
[ego_planner_node-2] [32miter(+1)=99,time(ms)=0.312, collided, keep optimizing
[ego_planner_node-2] [0m[32miter(+1)=78,time(ms)=0.205, collided, keep optimizing
[ego_planner_node-2] [0m[32miter(+1)=95,time(ms)=0.258, collided, keep optimizing
[ego_planner_node-2] [0mtraj 1 failed.
[ego_planner_node-2] iter=5,time(ms)=0.02,rebound.
[ego_planner_node-2] iter=13,time(ms)=0.029,rebound.
[ego_planner_node-2] iter=17,time(ms)=0.049,rebound.
[ego_planner_node-2] iter=10,time(ms)=0.023,rebound.
[ego_planner_node-2] iter=5,time(ms)=0.018,rebound.
[ego_planner_node-2] iter=32,time(ms)=0.08,rebound.
[ego_planner_node-2] iter=18,time(ms)=0.045,rebound.
[ego_planner_node-2] [ERROR] [1772351478.765407796] [Coord2Index]: Ran out of pool, index=-1 8 108, POOL_SIZE=160 160 160
[ego_planner_node-2] [ERROR] [1772351478.765431193] [AstarSearch]: Unable to handle the initial or end point, force return!
[ego_planner_node-2] [ERROR] [1772351478.765434743] [check_collision_and_rebound]: a star error
[ego_planner_node-2] [ERROR] [1772351478.765451379] [Coord2Index]: Ran out of pool, index=-1 8 107, POOL_SIZE=160 160 160
[ego_planner_node-2] [ERROR] [1772351478.765454297] [AstarSearch]: Unable to handle the initial or end point, force return!
[ego_planner_node-2] [ERROR] [1772351478.765456503] [check_collision_and_rebound]: a star error
[ego_planner_node-2] iter=68,time(ms)=0.21,rebound.
[ego_planner_node-2] iter=5,time(ms)=0.019,rebound.
[ego_planner_node-2] [ERROR] [1772351478.765471230] [Coord2Index]: Ran out of pool, index=-1 8 107, POOL_SIZE=160 160 160
[ego_planner_node-2] [ERROR] [1772351478.765474081] [AstarSearch]: Unable to handle the initial or end point, force return!
[ego_planner_node-2] [ERROR] [1772351478.765476157] [check_collision_and_rebound]: a star error
[ego_planner_node-2] [ERROR] [1772351478.765490590] [Coord2Index]: Ran out of pool, index=-1 8 107, POOL_SIZE=160 160 160
[ego_planner_node-2] [ERROR] [1772351478.765493255] [AstarSearch]: Unable to handle the initial or end point, force return!
[ego_planner_node-2] [ERROR] [1772351478.765495303] [check_collision_and_rebound]: a star error
[ego_planner_node-2] iter=5,time(ms)=0.019,rebound.
[ego_planner_node-2] iter=5,time(ms)=0.018,rebound.
[ego_planner_node-2] iter=5,time(ms)=0.018,rebound.
[ego_planner_node-2] iter=5,time(ms)=0.018,rebound.
[ego_planner_node-2] iter=5,time(ms)=0.018,rebound.
[ego_planner_node-2] iter=5,time(ms)=0.018,rebound.
[ego_planner_node-2] iter=5,time(ms)=0.018,rebound.
[ego_planner_node-2] iter=5,time(ms)=0.018,rebound.
[ego_planner_node-2] [ERROR] [1772351478.765509417] [Coord2Index]: Ran out of pool, index=-1 8 107, POOL_SIZE=160 160 160
[ego_planner_node-2] [ERROR] [1772351478.765512154] [AstarSearch]: Unable to handle the initial or end point, force return!
[ego_planner_node-2] [ERROR] [1772351478.765514237] [check_collision_and_rebound]: a star error
[ego_planner_node-2] [ERROR] [1772351478.765528181] [Coord2Index]: Ran out of pool, index=-1 8 107, POOL_SIZE=160 160 160
[ego_planner_node-2] [ERROR] [1772351478.765530784] [AstarSearch]: Unable to handle the initial or end point, force return!
[ego_planner_node-2] [ERROR] [1772351478.765532849] [check_collision_and_rebound]: a star error
[ego_planner_node-2] [ERROR] [1772351478.765546768] [Coord2Index]: Ran out of pool, index=-1 8 107, POOL_SIZE=160 160 160
[ego_planner_node-2] [ERROR] [1772351478.765549355] [AstarSearch]: Unable to handle the initial or end point, force return!
[ego_planner_node-2] [ERROR] [1772351478.765551445] [check_collision_and_rebound]: a star error
[ego_planner_node-2] [ERROR] [1772351478.765565445] [Coord2Index]: Ran out of pool, index=-1 9 107, POOL_SIZE=160 160 160
[ego_planner_node-2] [ERROR] [1772351478.765568072] [AstarSearch]: Unable to handle the initial or end point, force return!
[ego_planner_node-2] [ERROR] [1772351478.765570138] [check_collision_and_rebound]: a star error
[ego_planner_node-2] [ERROR] [1772351478.765583982] [Coord2Index]: Ran out of pool, index=-1 8 107, POOL_SIZE=160 160 160
[ego_planner_node-2] [ERROR] [1772351478.765586575] [AstarSearch]: Unable to handle the initial or end point, force return!
[ego_planner_node-2] [ERROR] [1772351478.765588671] [check_collision_and_rebound]: a star error
[ego_planner_node-2] [ERROR] [1772351478.765602616] [Coord2Index]: Ran out of pool, index=-1 9 107, POOL_SIZE=160 160 160
[ego_planner_node-2] [ERROR] [1772351478.765605206] [AstarSearch]: Unable to handle the initial or end point, force return!
[ego_planner_node-2] [ERROR] [1772351478.765607308] [check_collision_and_rebound]: a star error
[ego_planner_node-2] [ERROR] [1772351478.765621120] [Coord2Index]: Ran out of pool, index=-1 9 107, POOL_SIZE=160 160 160
[ego_planner_node-2] [ERROR] [1772351478.765623853] [AstarSearch]: Unable to handle the initial or end point, force return!
[ego_planner_node-2] [ERROR] [1772351478.765625915] [check_collision_and_rebound]: a star error
[ego_planner_node-2] iter=5,time(ms)=0.018,rebound.
[ego_planner_node-2] iter=5,time(ms)=0.018,rebound.
[ego_planner_node-2] [ERROR] [1772351478.765639972] [Coord2Index]: Ran out of pool, index=-1 9 107, POOL_SIZE=160 160 160
[ego_planner_node-2] [ERROR] [1772351478.765642679] [AstarSearch]: Unable to handle the initial or end point, force return!
[ego_planner_node-2] [ERROR] [1772351478.765644725] [check_collision_and_rebound]: a star error
[ego_planner_node-2] [ERROR] [1772351478.765658738] [Coord2Index]: Ran out of pool, index=-1 9 107, POOL_SIZE=160 160 160
[ego_planner_node-2] [ERROR] [1772351478.765661413] [AstarSearch]: Unable to handle the initial or end point, force return!
[ego_planner_node-2] [ERROR] [1772351478.765663473] [check_collision_and_rebound]: a star error
[ego_planner_node-2] [ERROR] [1772351478.765677336] [Coord2Index]: Ran out of pool, index=-1 9 107, POOL_SIZE=160 160 160
[ego_planner_node-2] [ERROR] [1772351478.765679942] [AstarSearch]: Unable to handle the initial or end point, force return!
[ego_planner_node-2] [ERROR] [1772351478.765689467] [check_collision_and_rebound]: a star error
[ego_planner_node-2] iter=5,time(ms)=0.018,rebound.
[ego_planner_node-2] iter=5,time(ms)=0.025,rebound.
[ego_planner_node-2] traj 2 failed.
[ego_planner_node-2] iter=5,time(ms)=0.027,rebound.
[ego_planner_node-2] iter=9,time(ms)=0.052,rebound.
[ego_planner_node-2] iter=15,time(ms)=0.036,rebound.
[ego_planner_node-2] iter=17,time(ms)=0.04,rebound.
[ego_planner_node-2] iter=11,time(ms)=0.051,rebound.
[ego_planner_node-2] iter=28,time(ms)=0.081,rebound.
[ego_planner_node-2] iter=10,time(ms)=0.027,rebound.
[ego_planner_node-2] [32miter(+1)=196,time(ms)=0.522, collided, keep optimizing
[ego_planner_node-2] [0m[32miter(+1)=72,time(ms)=0.197, collided, keep optimizing
[ego_planner_node-2] [0miter=5,time(ms)=0.016,rebound.
[ego_planner_node-2] iter=16,time(ms)=0.042,rebound.
[ego_planner_node-2] [32miter(+1)=60,time(ms)=0.166, collided, keep optimizing
[ego_planner_node-2] [0mtraj 3 failed.
[ego_planner_node-2] iter=5,time(ms)=0.026,rebound.
[ego_planner_node-2] iter=15,time(ms)=0.029,rebound.
[ego_planner_node-2] iter=6,time(ms)=0.016,rebound.
[ego_planner_node-2] iter=9,time(ms)=0.026,rebound.
[ego_planner_node-2] iter=53,time(ms)=0.14,rebound.
[ego_planner_node-2] iter=64,time(ms)=0.17,rebound.
[ego_planner_node-2] [32miter(+1)=91,time(ms)=0.236, collided, keep optimizing
[ego_planner_node-2] [0m[32miter(+1)=179,time(ms)=0.489, collided, keep optimizing
[ego_planner_node-2] [0m[32miter(+1)=60,time(ms)=0.161, collided, keep optimizing
[ego_planner_node-2] [0mtraj 4 failed.
[ego_planner_node-2] plan_success=0
[ego_planner_node-2] refine_success=0
[ego_planner_node-2] [47;30m
[ego_planner_node-2] [drone 0 replan 26]==============================================[0m
[ego_planner_node-2] [1;33mmulti-trajs=8[1;0m
[ego_planner_node-2] iter=5,time(ms)=0.039,rebound.
[ego_planner_node-2] iter=19,time(ms)=0.091,rebound.
[ego_planner_node-2] [32miter(+1)=176,time(ms)=0.450, collided, keep optimizing
[ego_planner_node-2] [0m[32miter(+1)=209,time(ms)=0.757, collided, keep optimizing
[ego_planner_node-2] [0m[32miter(+1)=210,time(ms)=1.506, collided, keep optimizing
[ego_planner_node-2] [0mtraj 1 failed.
[ego_planner_node-2] iter=5,time(ms)=0.042,rebound.
[ego_planner_node-2] iter=12,time(ms)=0.63,rebound.
[ego_planner_node-2] iter=5,time(ms)=0.034,rebound.
[ego_planner_node-2] iter=24,time(ms)=0.43,rebound.
[ego_planner_node-2] [32miter(+1)=107,time(ms)=0.403, collided, keep optimizing
[ego_planner_node-2] [0miter=25,time(ms)=0.12,rebound.
[ego_planner_node-2] [32miter(+1)=104,time(ms)=0.432, collided, keep optimizing
[ego_planner_node-2] [0m[32miter(+1)=97,time(ms)=0.272, collided, keep optimizing
[ego_planner_node-2] [0mtraj 2 failed.
[ego_planner_node-2] iter=5,time(ms)=0.015,rebound.
[ego_planner_node-2] iter=55,time(ms)=0.14,rebound.
[ego_planner_node-2] iter=70,time(ms)=0.22,rebound.
[ego_planner_node-2] iter=101,time(ms)=0.31,rebound.
[ego_planner_node-2] [32miter(+1)=102,time(ms)=0.346, collided, keep optimizing
[ego_planner_node-2] [0m[32miter(+1)=98,time(ms)=0.267, collided, keep optimizing
[ego_planner_node-2] [0m[32miter(+1)=77,time(ms)=0.192, collided, keep optimizing
[ego_planner_node-2] [0mtraj 3 failed.
[ego_planner_node-2] iter=7,time(ms)=0.017,rebound.
[ego_planner_node-2] iter=11,time(ms)=0.027,rebound.
[ego_planner_node-2] iter=40,time(ms)=0.096,rebound.
[ego_planner_node-2] iter=158,time(ms)=0.56,rebound.
[ego_planner_node-2] [32miter(+1)=68,time(ms)=0.169, collided, keep optimizing
[ego_planner_node-2] [0m[32miter(+1)=51,time(ms)=0.124, collided, keep optimizing
[ego_planner_node-2] [0m[32miter(+1)=41,time(ms)=0.098, collided, keep optimizing
[ego_planner_node-2] [0mtraj 4 failed.
[ego_planner_node-2] iter=5,time(ms)=0.023,rebound.
[ego_planner_node-2] iter=30,time(ms)=0.069,rebound.
[ego_planner_node-2] iter=41,time(ms)=0.17,rebound.
[ego_planner_node-2] iter=120,time(ms)=0.74,rebound.
[ego_planner_node-2] iter=23,time(ms)=0.061,rebound.
[ego_planner_node-2] iter=92,time(ms)=0.32,rebound.
[ego_planner_node-2] [32miter(+1)=131,time(ms)=0.362, collided, keep optimizing
[ego_planner_node-2] [0m[32miter(+1)=88,time(ms)=0.237, collided, keep optimizing
[ego_planner_node-2] [0m[32miter(+1)=168,time(ms)=0.468, collided, keep optimizing
[ego_planner_node-2] [0mtraj 5 failed.
[ego_planner_node-2] iter=5,time(ms)=0.013,rebound.
[ego_planner_node-2] iter=16,time(ms)=0.12,rebound.
[ego_planner_node-2] iter=9,time(ms)=0.035,rebound.
[ego_planner_node-2] iter=20,time(ms)=0.066,rebound.
[ego_planner_node-2] iter=39,time(ms)=0.15,rebound.
[ego_planner_node-2] iter=76,time(ms)=0.31,rebound.
[ego_planner_node-2] [32miter(+1)=157,time(ms)=0.438, collided, keep optimizing
[ego_planner_node-2] [0miter=59,time(ms)=0.16,rebound.
[ego_planner_node-2] iter=19,time(ms)=0.054,rebound.
[ego_planner_node-2] iter=32,time(ms)=0.086,rebound.
[ego_planner_node-2] iter=11,time(ms)=0.089,rebound.
[ego_planner_node-2] [32miter(+1)=89,time(ms)=0.393, collided, keep optimizing
[ego_planner_node-2] [0m[32miter(+1)=93,time(ms)=0.267, collided, keep optimizing
[ego_planner_node-2] [0mtraj 6 failed.
[ego_planner_node-2] iter=5,time(ms)=0.016,rebound.
[ego_planner_node-2] iter=28,time(ms)=0.074,rebound.
[ego_planner_node-2] iter=33,time(ms)=0.076,rebound.
[ego_planner_node-2] iter=17,time(ms)=0.038,rebound.
[ego_planner_node-2] iter=21,time(ms)=0.053,rebound.
[ego_planner_node-2] iter=67,time(ms)=0.18,rebound.
[ego_planner_node-2] iter=19,time(ms)=0.059,rebound.
[ego_planner_node-2] iter=20,time(ms)=0.05,rebound.
[ego_planner_node-2] iter=47,time(ms)=0.12,rebound.
[ego_planner_node-2] iter=52,time(ms)=0.15,rebound.
[ego_planner_node-2] [32miter(+1)=61,time(ms)=0.167, collided, keep optimizing
[ego_planner_node-2] [0m[32miter(+1)=109,time(ms)=0.314, collided, keep optimizing
[ego_planner_node-2] [0m[32miter(+1)=104,time(ms)=0.303, collided, keep optimizing
[ego_planner_node-2] [0mtraj 7 failed.
[ego_planner_node-2] iter=5,time(ms)=0.017,rebound.
[ego_planner_node-2] iter=13,time(ms)=0.03,rebound.
[ego_planner_node-2] iter=18,time(ms)=0.062,rebound.
[ego_planner_node-2] iter=13,time(ms)=0.038,rebound.
[ego_planner_node-2] iter=65,time(ms)=0.17,rebound.
[ego_planner_node-2] iter=28,time(ms)=0.072,rebound.
[ego_planner_node-2] iter=15,time(ms)=0.035,rebound.
[ego_planner_node-2] [32miter(+1)=111,time(ms)=0.292, collided, keep optimizing
[ego_planner_node-2] [0miter=9,time(ms)=0.034,rebound.
[ego_planner_node-2] [32miter(+1)=98,time(ms)=0.271, collided, keep optimizing
[ego_planner_node-2] [0miter=41,time(ms)=0.12,rebound.
[ego_planner_node-2] [32miter(+1)=170,time(ms)=0.494, collided, keep optimizing
[ego_planner_node-2] [0mtraj 8 failed.
[ego_planner_node-2] plan_success=0
[ego_planner_node-2] refine_success=0
[ego_planner_node-2] [WARN] [1772351478.786129266] [drone_0_ego_planner_node]: Suddenly discovered obstacles. emergency stop! time=0.450000
[ego_planner_node-2] [SAFETY]: from EXEC_TRAJ to EMERGENCY_STOP
[ego_planner_node-2] [FSM]: from EMERGENCY_STOP to GEN_NEW_TRAJ
[ego_planner_node-2] [WARN] [1772351478.820643391] [distinctiveTrajs]: Can't find the new base points at the opposite within the threshold. i=0, j=0
[ego_planner_node-2] [47;30m
[ego_planner_node-2] [drone 0 replan 27]==============================================[0m
[ego_planner_node-2] [1;33mmulti-trajs=2[1;0m
[ego_planner_node-2] iter=5,time(ms)=0.084,rebound.
[ego_planner_node-2] iter=19,time(ms)=0.09,rebound.
[ego_planner_node-2] iter=9,time(ms)=0.11,rebound.
[ego_planner_node-2] iter=5,time(ms)=0.021,rebound.
[ego_planner_node-2] iter=26,time(ms)=0.11,rebound.
[ego_planner_node-2] iter=17,time(ms)=0.042,rebound.
[ego_planner_node-2] iter=22,time(ms)=0.07,rebound.
[ego_planner_node-2] [32miter(+1)=114,time(ms)=0.308, collided, keep optimizing
[ego_planner_node-2] [0m[32miter(+1)=120,time(ms)=0.357, collided, keep optimizing
[ego_planner_node-2] [0m[32miter(+1)=62,time(ms)=0.175, collided, keep optimizing
[ego_planner_node-2] [0mtraj 1 failed.
[ego_planner_node-2] iter=5,time(ms)=0.025,rebound.
[ego_planner_node-2] iter=14,time(ms)=0.088,rebound.
[ego_planner_node-2] iter=13,time(ms)=0.03,rebound.
[ego_planner_node-2] iter=26,time(ms)=0.064,rebound.
[ego_planner_node-2] iter=18,time(ms)=0.041,rebound.
[ego_planner_node-2] iter=18,time(ms)=0.058,rebound.
[ego_planner_node-2] iter=16,time(ms)=0.036,rebound.
[ego_planner_node-2] iter=17,time(ms)=0.044,rebound.
[ego_planner_node-2] [32miter(+1)=212,time(ms)=0.572, collided, keep optimizing
[ego_planner_node-2] [0miter=5,time(ms)=0.39,rebound.
[ego_planner_node-2] [32miter(+1)=200,time(ms)=0.553, collided, keep optimizing
[ego_planner_node-2] [0m[32miter(+1)=113,time(ms)=0.335, collided, keep optimizing
[ego_planner_node-2] [0mtraj 2 failed.
[ego_planner_node-2] plan_success=0
[ego_planner_node-2] refine_success=0
[ego_planner_node-2] [WARN] [1772351478.824979278] [distinctiveTrajs]: Can't find the new base points at the opposite within the threshold. i=0, j=0
[ego_planner_node-2] [47;30m
[ego_planner_node-2] [drone 0 replan 28]==============================================[0m
[ego_planner_node-2] [1;33mmulti-trajs=2[1;0m
[ego_planner_node-2] iter=5,time(ms)=0.026,rebound.
[ego_planner_node-2] iter=19,time(ms)=0.046,rebound.
[ego_planner_node-2] iter=9,time(ms)=0.032,rebound.
[ego_planner_node-2] iter=5,time(ms)=0.016,rebound.
[ego_planner_node-2] iter=26,time(ms)=0.095,rebound.
[ego_planner_node-2] iter=17,time(ms)=0.039,rebound.
[ego_planner_node-2] iter=22,time(ms)=0.062,rebound.
[ego_planner_node-2] [32miter(+1)=114,time(ms)=0.298, collided, keep optimizing
[ego_planner_node-2] [0m[32miter(+1)=120,time(ms)=0.322, collided, keep optimizing
[ego_planner_node-2] [0m[32miter(+1)=62,time(ms)=0.167, collided, keep optimizing
[ego_planner_node-2] [0mtraj 1 failed.
[ego_planner_node-2] iter=5,time(ms)=0.022,rebound.
[ego_planner_node-2] iter=14,time(ms)=0.075,rebound.
[ego_planner_node-2] iter=13,time(ms)=0.029,rebound.
[ego_planner_node-2] iter=26,time(ms)=0.062,rebound.
[ego_planner_node-2] iter=18,time(ms)=0.04,rebound.
[ego_planner_node-2] iter=18,time(ms)=0.057,rebound.
[ego_planner_node-2] iter=16,time(ms)=0.036,rebound.
[ego_planner_node-2] iter=17,time(ms)=0.044,rebound.
[ego_planner_node-2] [32miter(+1)=212,time(ms)=0.575, collided, keep optimizing
[ego_planner_node-2] [0miter=5,time(ms)=0.38,rebound.
[ego_planner_node-2] [32miter(+1)=200,time(ms)=0.537, collided, keep optimizing
[ego_planner_node-2] [0m[32miter(+1)=113,time(ms)=0.320, collided, keep optimizing
[ego_planner_node-2] [0mtraj 2 failed.
[ego_planner_node-2] plan_success=0
[ego_planner_node-2] refine_success=0
[ego_planner_node-2] [WARN] [1772351478.828784971] [distinctiveTrajs]: Can't find the new base points at the opposite within the threshold. i=0, j=0
[ego_planner_node-2] [47;30m
[ego_planner_node-2] [drone 0 replan 29]==============================================[0m
[ego_planner_node-2] [1;33mmulti-trajs=2[1;0m
[ego_planner_node-2] iter=5,time(ms)=0.024,rebound.
[ego_planner_node-2] iter=19,time(ms)=0.045,rebound.
[ego_planner_node-2] iter=9,time(ms)=0.031,rebound.
[ego_planner_node-2] iter=5,time(ms)=0.015,rebound.
[ego_planner_node-2] iter=26,time(ms)=0.096,rebound.
[ego_planner_node-2] iter=17,time(ms)=0.04,rebound.
[ego_planner_node-2] iter=22,time(ms)=0.062,rebound.
[ego_planner_node-2] [32miter(+1)=114,time(ms)=0.297, collided, keep optimizing
[ego_planner_node-2] [0m[32miter(+1)=120,time(ms)=0.324, collided, keep optimizing
[ego_planner_node-2] [0m[32miter(+1)=62,time(ms)=0.171, collided, keep optimizing
[ego_planner_node-2] [0mtraj 1 failed.
[ego_planner_node-2] iter=5,time(ms)=0.022,rebound.
[ego_planner_node-2] iter=14,time(ms)=0.074,rebound.
[ego_planner_node-2] iter=13,time(ms)=0.028,rebound.
[ego_planner_node-2] iter=26,time(ms)=0.061,rebound.
[ego_planner_node-2] iter=18,time(ms)=0.04,rebound.
[ego_planner_node-2] iter=18,time(ms)=0.056,rebound.
[ego_planner_node-2] iter=16,time(ms)=0.036,rebound.
[ego_planner_node-2] iter=17,time(ms)=0.043,rebound.
[ego_planner_node-2] [32miter(+1)=212,time(ms)=0.561, collided, keep optimizing
[ego_planner_node-2] [0miter=5,time(ms)=0.35,rebound.
[ego_planner_node-2] [32miter(+1)=200,time(ms)=0.559, collided, keep optimizing
[ego_planner_node-2] [0m[32miter(+1)=113,time(ms)=0.317, collided, keep optimizing
[ego_planner_node-2] [0mtraj 2 failed.
[ego_planner_node-2] plan_success=0
[ego_planner_node-2] refine_success=0
[ego_planner_node-2] [WARN] [1772351478.832563220] [distinctiveTrajs]: Can't find the new base points at the opposite within the threshold. i=0, j=0
[ego_planner_node-2] [47;30m
[ego_planner_node-2] [drone 0 replan 30]==============================================[0m
[ego_planner_node-2] [1;33mmulti-trajs=2[1;0m
[ego_planner_node-2] iter=5,time(ms)=0.027,rebound.
[ego_planner_node-2] iter=19,time(ms)=0.045,rebound.
[ego_planner_node-2] iter=9,time(ms)=0.033,rebound.
[ego_planner_node-2] iter=5,time(ms)=0.016,rebound.
[ego_planner_node-2] iter=26,time(ms)=0.096,rebound.
[ego_planner_node-2] iter=17,time(ms)=0.04,rebound.
[ego_planner_node-2] iter=22,time(ms)=0.063,rebound.
[ego_planner_node-2] [32miter(+1)=114,time(ms)=0.302, collided, keep optimizing
[ego_planner_node-2] [0m[32miter(+1)=120,time(ms)=0.318, collided, keep optimizing
[ego_planner_node-2] [0m[32miter(+1)=62,time(ms)=0.168, collided, keep optimizing
[ego_planner_node-2] [0mtraj 1 failed.
[ego_planner_node-2] iter=5,time(ms)=0.021,rebound.
[ego_planner_node-2] iter=14,time(ms)=0.074,rebound.
[ego_planner_node-2] iter=13,time(ms)=0.031,rebound.
[ego_planner_node-2] iter=26,time(ms)=0.062,rebound.
[ego_planner_node-2] iter=18,time(ms)=0.047,rebound.
[ego_planner_node-2] iter=18,time(ms)=0.071,rebound.
[ego_planner_node-2] iter=16,time(ms)=0.036,rebound.
[ego_planner_node-2] iter=17,time(ms)=0.044,rebound.
[ego_planner_node-2] [32miter(+1)=212,time(ms)=0.627, collided, keep optimizing
[ego_planner_node-2] [0miter=5,time(ms)=0.5,rebound.
[ego_planner_node-2] [32miter(+1)=200,time(ms)=0.701, collided, keep optimizing
[ego_planner_node-2] [0m[32miter(+1)=113,time(ms)=0.374, collided, keep optimizing
[ego_planner_node-2] [0mtraj 2 failed.
[ego_planner_node-2] plan_success=0
[ego_planner_node-2] refine_success=0
[ego_planner_node-2] [WARN] [1772351478.837113397] [distinctiveTrajs]: Can't find the new base points at the opposite within the threshold. i=0, j=0
[ego_planner_node-2] [47;30m
[ego_planner_node-2] [drone 0 replan 31]==============================================[0m
[ego_planner_node-2] [1;33mmulti-trajs=2[1;0m
[ego_planner_node-2] iter=5,time(ms)=0.03,rebound.
[ego_planner_node-2] iter=19,time(ms)=0.046,rebound.
[ego_planner_node-2] iter=9,time(ms)=0.042,rebound.
[ego_planner_node-2] iter=5,time(ms)=0.02,rebound.
[ego_planner_node-2] iter=26,time(ms)=0.13,rebound.
[ego_planner_node-2] iter=17,time(ms)=0.054,rebound.
[ego_planner_node-2] iter=22,time(ms)=0.083,rebound.
[ego_planner_node-2] [32miter(+1)=114,time(ms)=0.491, collided, keep optimizing
[ego_planner_node-2] [0m[32miter(+1)=120,time(ms)=0.476, collided, keep optimizing
[ego_planner_node-2] [0m[32miter(+1)=62,time(ms)=0.198, collided, keep optimizing
[ego_planner_node-2] [0mtraj 1 failed.
[ego_planner_node-2] iter=5,time(ms)=0.026,rebound.
[ego_planner_node-2] iter=14,time(ms)=0.096,rebound.
[ego_planner_node-2] iter=13,time(ms)=0.037,rebound.
[ego_planner_node-2] iter=26,time(ms)=0.073,rebound.
[ego_planner_node-2] iter=18,time(ms)=0.046,rebound.
[ego_planner_node-2] iter=18,time(ms)=0.07,rebound.
[ego_planner_node-2] iter=16,time(ms)=0.057,rebound.
[ego_planner_node-2] iter=17,time(ms)=0.067,rebound.
[ego_planner_node-2] [32miter(+1)=212,time(ms)=0.690, collided, keep optimizing
[ego_planner_node-2] [0miter=5,time(ms)=0.45,rebound.
[ego_planner_node-2] [32miter(+1)=200,time(ms)=0.639, collided, keep optimizing
[ego_planner_node-2] [0m[32miter(+1)=113,time(ms)=0.324, collided, keep optimizing
[ego_planner_node-2] [0mtraj 2 failed.
[ego_planner_node-2] plan_success=0
[ego_planner_node-2] refine_success=0
[ego_planner_node-2] [WARN] [1772351478.842145290] [distinctiveTrajs]: Can't find the new base points at the opposite within the threshold. i=0, j=0
[ego_planner_node-2] [47;30m
[ego_planner_node-2] [drone 0 replan 32]==============================================[0m
[ego_planner_node-2] [1;33mmulti-trajs=2[1;0m
[ego_planner_node-2] iter=5,time(ms)=0.027,rebound.
[ego_planner_node-2] iter=19,time(ms)=0.047,rebound.
[ego_planner_node-2] iter=9,time(ms)=0.034,rebound.
[ego_planner_node-2] iter=5,time(ms)=0.016,rebound.
[ego_planner_node-2] iter=26,time(ms)=0.1,rebound.
[ego_planner_node-2] iter=17,time(ms)=0.041,rebound.
[ego_planner_node-2] iter=22,time(ms)=0.064,rebound.
[ego_planner_node-2] [32miter(+1)=114,time(ms)=0.314, collided, keep optimizing
[ego_planner_node-2] [0m[32miter(+1)=120,time(ms)=0.339, collided, keep optimizing
[ego_planner_node-2] [0m[32miter(+1)=62,time(ms)=0.170, collided, keep optimizing
[ego_planner_node-2] [0mtraj 1 failed.
[ego_planner_node-2] iter=5,time(ms)=0.022,rebound.
[ego_planner_node-2] iter=14,time(ms)=0.077,rebound.
[ego_planner_node-2] iter=13,time(ms)=0.028,rebound.
[ego_planner_node-2] iter=26,time(ms)=0.061,rebound.
[ego_planner_node-2] iter=18,time(ms)=0.041,rebound.
[ego_planner_node-2] iter=18,time(ms)=0.057,rebound.
[ego_planner_node-2] iter=16,time(ms)=0.036,rebound.
[ego_planner_node-2] iter=17,time(ms)=0.043,rebound.
[ego_planner_node-2] [32miter(+1)=212,time(ms)=0.561, collided, keep optimizing
[ego_planner_node-2] [0miter=5,time(ms)=0.38,rebound.
[ego_planner_node-2] [32miter(+1)=200,time(ms)=0.535, collided, keep optimizing
[ego_planner_node-2] [0m[32miter(+1)=113,time(ms)=0.318, collided, keep optimizing
[ego_planner_node-2] [0mtraj 2 failed.
[ego_planner_node-2] plan_success=0
[ego_planner_node-2] refine_success=0
[ego_planner_node-2] [WARN] [1772351478.846021619] [distinctiveTrajs]: Can't find the new base points at the opposite within the threshold. i=0, j=0
[ego_planner_node-2] [47;30m
[ego_planner_node-2] [drone 0 replan 33]==============================================[0m
[ego_planner_node-2] [1;33mmulti-trajs=2[1;0m
[ego_planner_node-2] iter=5,time(ms)=0.025,rebound.
[ego_planner_node-2] iter=19,time(ms)=0.044,rebound.
[ego_planner_node-2] iter=9,time(ms)=0.031,rebound.
[ego_planner_node-2] iter=5,time(ms)=0.016,rebound.
[ego_planner_node-2] iter=26,time(ms)=0.094,rebound.
[ego_planner_node-2] iter=17,time(ms)=0.04,rebound.
[ego_planner_node-2] iter=22,time(ms)=0.062,rebound.
[ego_planner_node-2] [32miter(+1)=114,time(ms)=0.298, collided, keep optimizing
[ego_planner_node-2] [0m[32miter(+1)=120,time(ms)=0.320, collided, keep optimizing
[ego_planner_node-2] [0m[32miter(+1)=62,time(ms)=0.167, collided, keep optimizing
[ego_planner_node-2] [0mtraj 1 failed.
[ego_planner_node-2] iter=5,time(ms)=0.022,rebound.
[ego_planner_node-2] iter=14,time(ms)=0.075,rebound.
[ego_planner_node-2] iter=13,time(ms)=0.028,rebound.
[ego_planner_node-2] iter=26,time(ms)=0.062,rebound.
[ego_planner_node-2] iter=18,time(ms)=0.04,rebound.
[ego_planner_node-2] iter=18,time(ms)=0.056,rebound.
[ego_planner_node-2] iter=16,time(ms)=0.036,rebound.
[ego_planner_node-2] iter=17,time(ms)=0.043,rebound.
[ego_planner_node-2] [32miter(+1)=212,time(ms)=0.566, collided, keep optimizing
[ego_planner_node-2] [0miter=5,time(ms)=0.35,rebound.
[ego_planner_node-2] [32miter(+1)=200,time(ms)=0.532, collided, keep optimizing
[ego_planner_node-2] [0m[32miter(+1)=113,time(ms)=0.321, collided, keep optimizing
[ego_planner_node-2] [0mtraj 2 failed.
[ego_planner_node-2] plan_success=0
[ego_planner_node-2] refine_success=0
[ego_planner_node-2] [WARN] [1772351478.849819585] [distinctiveTrajs]: Can't find the new base points at the opposite within the threshold. i=0, j=0
[ego_planner_node-2] [47;30m
[ego_planner_node-2] [drone 0 replan 34]==============================================[0m
[ego_planner_node-2] [1;33mmulti-trajs=2[1;0m
[ego_planner_node-2] iter=5,time(ms)=0.025,rebound.
[ego_planner_node-2] iter=19,time(ms)=0.045,rebound.
[ego_planner_node-2] iter=9,time(ms)=0.04,rebound.
[ego_planner_node-2] iter=5,time(ms)=0.015,rebound.
[ego_planner_node-2] iter=26,time(ms)=0.094,rebound.
[ego_planner_node-2] iter=17,time(ms)=0.039,rebound.
[ego_planner_node-2] iter=22,time(ms)=0.061,rebound.
[ego_planner_node-2] [32miter(+1)=114,time(ms)=0.303, collided, keep optimizing
[ego_planner_node-2] [0m[32miter(+1)=120,time(ms)=0.322, collided, keep optimizing
[ego_planner_node-2] [0m[32miter(+1)=62,time(ms)=0.176, collided, keep optimizing
[ego_planner_node-2] [0mtraj 1 failed.
[ego_planner_node-2] iter=5,time(ms)=0.022,rebound.
[ego_planner_node-2] iter=14,time(ms)=0.074,rebound.
[ego_planner_node-2] iter=13,time(ms)=0.028,rebound.
[ego_planner_node-2] iter=26,time(ms)=0.062,rebound.
[ego_planner_node-2] iter=18,time(ms)=0.041,rebound.
[ego_planner_node-2] iter=18,time(ms)=0.056,rebound.
[ego_planner_node-2] iter=16,time(ms)=0.036,rebound.
[ego_planner_node-2] iter=17,time(ms)=0.043,rebound.
[ego_planner_node-2] [32miter(+1)=212,time(ms)=0.572, collided, keep optimizing
[ego_planner_node-2] [0miter=5,time(ms)=0.4,rebound.
[ego_planner_node-2] [32miter(+1)=200,time(ms)=0.547, collided, keep optimizing
[ego_planner_node-2] [0m[32miter(+1)=113,time(ms)=0.323, collided, keep optimizing
[ego_planner_node-2] [0mtraj 2 failed.
[ego_planner_node-2] plan_success=0
[ego_planner_node-2] refine_success=0
[ego_planner_node-2] [WARN] [1772351478.853752714] [distinctiveTrajs]: Can't find the new base points at the opposite within the threshold. i=0, j=0
[ego_planner_node-2] [47;30m
[ego_planner_node-2] [drone 0 replan 35]==============================================[0m
[ego_planner_node-2] [1;33mmulti-trajs=2[1;0m
[ego_planner_node-2] iter=5,time(ms)=0.027,rebound.
[ego_planner_node-2] iter=19,time(ms)=0.049,rebound.
[ego_planner_node-2] iter=9,time(ms)=0.033,rebound.
[ego_planner_node-2] iter=5,time(ms)=0.017,rebound.
[ego_planner_node-2] iter=26,time(ms)=0.11,rebound.
[ego_planner_node-2] iter=17,time(ms)=0.04,rebound.
[ego_planner_node-2] iter=22,time(ms)=0.079,rebound.
[ego_planner_node-2] [32miter(+1)=114,time(ms)=0.310, collided, keep optimizing
[ego_planner_node-2] [0m[32miter(+1)=120,time(ms)=0.328, collided, keep optimizing
[ego_planner_node-2] [0m[32miter(+1)=62,time(ms)=0.182, collided, keep optimizing
[ego_planner_node-2] [0mtraj 1 failed.
[ego_planner_node-2] iter=5,time(ms)=0.023,rebound.
[ego_planner_node-2] iter=14,time(ms)=0.087,rebound.
[ego_planner_node-2] iter=13,time(ms)=0.037,rebound.
[ego_planner_node-2] iter=26,time(ms)=0.067,rebound.
[ego_planner_node-2] iter=18,time(ms)=0.041,rebound.
[ego_planner_node-2] iter=18,time(ms)=0.059,rebound.
[ego_planner_node-2] iter=16,time(ms)=0.036,rebound.
[ego_planner_node-2] iter=17,time(ms)=0.044,rebound.
[ego_planner_node-2] [32miter(+1)=212,time(ms)=0.626, collided, keep optimizing
[ego_planner_node-2] [0miter=5,time(ms)=0.46,rebound.
[ego_planner_node-2] [32miter(+1)=200,time(ms)=0.556, collided, keep optimizing
[ego_planner_node-2] [0m[32miter(+1)=113,time(ms)=0.319, collided, keep optimizing
[ego_planner_node-2] [0mtraj 2 failed.
[ego_planner_node-2] plan_success=0
[ego_planner_node-2] refine_success=0
[ego_planner_node-2] [WARN] [1772351478.857965308] [distinctiveTrajs]: Can't find the new base points at the opposite within the threshold. i=0, j=0
[ego_planner_node-2] [47;30m
[ego_planner_node-2] [drone 0 replan 36]==============================================[0m
[ego_planner_node-2] [1;33mmulti-trajs=2[1;0m
[ego_planner_node-2] iter=5,time(ms)=0.025,rebound.
[ego_planner_node-2] iter=19,time(ms)=0.05,rebound.
[ego_planner_node-2] iter=9,time(ms)=0.032,rebound.
[ego_planner_node-2] iter=5,time(ms)=0.016,rebound.
[ego_planner_node-2] iter=26,time(ms)=0.11,rebound.
[ego_planner_node-2] iter=17,time(ms)=0.047,rebound.
[ego_planner_node-2] iter=22,time(ms)=0.063,rebound.
[ego_planner_node-2] [32miter(+1)=114,time(ms)=0.307, collided, keep optimizing
[ego_planner_node-2] [0m[32miter(+1)=120,time(ms)=0.322, collided, keep optimizing
[ego_planner_node-2] [0m[32miter(+1)=62,time(ms)=0.169, collided, keep optimizing
[ego_planner_node-2] [0mtraj 1 failed.
[ego_planner_node-2] iter=5,time(ms)=0.022,rebound.
[ego_planner_node-2] iter=14,time(ms)=0.081,rebound.
[ego_planner_node-2] iter=13,time(ms)=0.036,rebound.
[ego_planner_node-2] iter=26,time(ms)=0.063,rebound.
[ego_planner_node-2] iter=18,time(ms)=0.044,rebound.
[ego_planner_node-2] iter=18,time(ms)=0.059,rebound.
[ego_planner_node-2] iter=16,time(ms)=0.036,rebound.
[ego_planner_node-2] iter=17,time(ms)=0.047,rebound.
[ego_planner_node-2] [32miter(+1)=212,time(ms)=0.576, collided, keep optimizing
[ego_planner_node-2] [0miter=5,time(ms)=0.36,rebound.
[ego_planner_node-2] [32miter(+1)=200,time(ms)=0.543, collided, keep optimizing
[ego_planner_node-2] [0m[32miter(+1)=113,time(ms)=0.320, collided, keep optimizing
[ego_planner_node-2] [0mtraj 2 failed.
[ego_planner_node-2] plan_success=0
[ego_planner_node-2] refine_success=0
[ego_planner_node-2] [FSM]: from GEN_NEW_TRAJ to GEN_NEW_TRAJ
[ego_planner_node-2] [WARN] [1772351478.872396717] [distinctiveTrajs]: Can't find the new base points at the opposite within the threshold. i=0, j=3
[ego_planner_node-2] [47;30m
[ego_planner_node-2] [drone 0 replan 37]==============================================[0m
[ego_planner_node-2] [1;33mmulti-trajs=1[1;0m
[ego_planner_node-2] iter=9,time(ms)=0.46,rebound.
[ego_planner_node-2] iter=25,time(ms)=0.12,rebound.
[ego_planner_node-2] iter=16,time(ms)=0.12,rebound.
[ego_planner_node-2] iter=25,time(ms)=0.11,rebound.
[ego_planner_node-2] iter=37,time(ms)=0.13,rebound.
[ego_planner_node-2] iter=31,time(ms)=0.12,rebound.
[ego_planner_node-2] iter=65,time(ms)=0.25,rebound.
[ego_planner_node-2] [32miter(+1)=208,time(ms)=0.782,total_t(ms)=2.126,cost=1.215
[ego_planner_node-2] [0mtraj 1 success.
[ego_planner_node-2] plan_success=1
[ego_planner_node-2] total time:[42m0.0029[0m,optimize:0.0029,refine:4.3e-06,avg_time=0.0019
[ego_planner_node-2] refine_success=1
[ego_planner_node-2] [FSM]: from GEN_NEW_TRAJ to EXEC_TRAJ
[ego_planner_node-2] [47;30m
[ego_planner_node-2] [drone 0 replan 38]==============================================[0m
[ego_planner_node-2] [1;33mmulti-trajs=1[1;0m
[ego_planner_node-2] iter=11,time(ms)=0.032,rebound.
[ego_planner_node-2] iter=8,time(ms)=0.023,rebound.
[ego_planner_node-2] iter=10,time(ms)=0.022,rebound.
[ego_planner_node-2] iter=36,time(ms)=0.095,rebound.
[ego_planner_node-2] iter=22,time(ms)=0.09,rebound.
[ego_planner_node-2] [32miter(+1)=29,time(ms)=0.065,total_t(ms)=0.338,cost=0.465
[ego_planner_node-2] [0mtraj 1 success.
[ego_planner_node-2] plan_success=1
[ego_planner_node-2] total time:[42m0.00043[0m,optimize:0.00043,refine:1.3e-06,avg_time=0.0018
[ego_planner_node-2] refine_success=1
[ego_planner_node-2] [SAFETY]: from EXEC_TRAJ to EXEC_TRAJ
[ego_planner_node-2] [FSM]: state: EXEC_TRAJ
[ego_planner_node-2] [FSM]: from EXEC_TRAJ to REPLAN_TRAJ
[ego_planner_node-2] [47;30m
[ego_planner_node-2] [drone 0 replan 39]==============================================[0m
[ego_planner_node-2] [1;33mmulti-trajs=1[1;0m
[ego_planner_node-2] [32miter(+1)=28,time(ms)=0.058,total_t(ms)=0.058,cost=0.014
[ego_planner_node-2] [0mtraj 1 success.
[ego_planner_node-2] plan_success=1
[ego_planner_node-2] total time:[42m0.00016[0m,optimize:0.00015,refine:1.3e-06,avg_time=0.0018
[ego_planner_node-2] refine_success=1
[ego_planner_node-2] [FSM]: from REPLAN_TRAJ to EXEC_TRAJ
[ego_planner_node-2] [47;30m
[ego_planner_node-2] [drone 0 replan 40]==============================================[0m
[ego_planner_node-2] [1;33mmulti-trajs=2[1;0m
[ego_planner_node-2] iter=26,time(ms)=0.085,rebound.
[ego_planner_node-2] [32miter(+1)=30,time(ms)=0.083,total_t(ms)=0.178,cost=0.168
[ego_planner_node-2] [0mtraj 1 success.
[ego_planner_node-2] iter=12,time(ms)=0.034,rebound.
[ego_planner_node-2] iter=5,time(ms)=0.029,rebound.
[ego_planner_node-2] iter=8,time(ms)=0.031,rebound.
[ego_planner_node-2] iter=5,time(ms)=0.042,rebound.
[ego_planner_node-2] iter=16,time(ms)=0.097,rebound.
[ego_planner_node-2] iter=37,time(ms)=0.12,rebound.
[ego_planner_node-2] iter=6,time(ms)=0.028,rebound.
[ego_planner_node-2] iter=8,time(ms)=0.026,rebound.
[ego_planner_node-2] iter=8,time(ms)=0.045,rebound.
[ego_planner_node-2] iter=18,time(ms)=0.079,rebound.
[ego_planner_node-2] iter=36,time(ms)=0.17,rebound.
[ego_planner_node-2] iter=22,time(ms)=0.066,rebound.
[ego_planner_node-2] iter=9,time(ms)=0.093,rebound.
[ego_planner_node-2] iter=20,time(ms)=0.065,rebound.
[ego_planner_node-2] iter=8,time(ms)=0.033,rebound.
[ego_planner_node-2] iter=36,time(ms)=0.13,rebound.
[ego_planner_node-2] iter=37,time(ms)=0.13,rebound.
[ego_planner_node-2] iter=71,time(ms)=0.25,rebound.
[ego_planner_node-2] [32miter(+1)=42,time(ms)=0.139, collided, keep optimizing
[ego_planner_node-2] [0m[32miter(+1)=38,time(ms)=0.125, collided, keep optimizing
[ego_planner_node-2] [0m[32miter(+1)=31,time(ms)=0.111, collided, keep optimizing
[ego_planner_node-2] [0mtraj 2 failed.
[ego_planner_node-2] plan_success=1
[ego_planner_node-2] total time:[42m0.0023[0m,optimize:0.0023,refine:1.8e-06,avg_time=0.0018
[ego_planner_node-2] refine_success=1
[ego_planner_node-2] [SAFETY]: from EXEC_TRAJ to EXEC_TRAJ
[ego_planner_node-2] [FSM]: state: EXEC_TRAJ
[ego_planner_node-2] [FSM]: from EXEC_TRAJ to REPLAN_TRAJ
[ego_planner_node-2] [47;30m
[ego_planner_node-2] [drone 0 replan 41]==============================================[0m
[ego_planner_node-2] [1;33mmulti-trajs=1[1;0m
[ego_planner_node-2] [32miter(+1)=13,time(ms)=0.096,total_t(ms)=0.097,cost=0.021
[ego_planner_node-2] [0mtraj 1 success.
[ego_planner_node-2] plan_success=1
[ego_planner_node-2] total time:[42m0.00037[0m,optimize:0.00037,refine:5.1e-06,avg_time=0.0017
[ego_planner_node-2] refine_success=1
[ego_planner_node-2] [FSM]: from REPLAN_TRAJ to EXEC_TRAJ
[ego_planner_node-2] [FSM]: state: EXEC_TRAJ
[ego_planner_node-2] [FSM]: from EXEC_TRAJ to REPLAN_TRAJ
[ego_planner_node-2] [47;30m
[ego_planner_node-2] [drone 0 replan 42]==============================================[0m
[ego_planner_node-2] [1;33mmulti-trajs=1[1;0m
[ego_planner_node-2] [32miter(+1)=13,time(ms)=0.064,total_t(ms)=0.065,cost=0.014
[ego_planner_node-2] [0mtraj 1 success.
[ego_planner_node-2] plan_success=1
[ego_planner_node-2] total time:[42m0.00026[0m,optimize:0.00026,refine:3.6e-06,avg_time=0.0017
[ego_planner_node-2] refine_success=1
[ego_planner_node-2] [FSM]: from REPLAN_TRAJ to EXEC_TRAJ
[ego_planner_node-2] [FSM]: state: EXEC_TRAJ
[ego_planner_node-2] [FSM]: from EXEC_TRAJ to REPLAN_TRAJ
[ego_planner_node-2] [47;30m
[ego_planner_node-2] [drone 0 replan 43]==============================================[0m
[ego_planner_node-2] [1;33mmulti-trajs=1[1;0m
[ego_planner_node-2] [32miter(+1)=8,time(ms)=0.034,total_t(ms)=0.035,cost=0.008
[ego_planner_node-2] [0mtraj 1 success.
[ego_planner_node-2] plan_success=1
[ego_planner_node-2] total time:[42m0.00015[0m,optimize:0.00015,refine:2.8e-06,avg_time=0.0016
[ego_planner_node-2] refine_success=1
[ego_planner_node-2] [FSM]: from REPLAN_TRAJ to EXEC_TRAJ
[ego_planner_node-2] [FSM]: state: EXEC_TRAJ
[ego_planner_node-2] [FSM]: from EXEC_TRAJ to REPLAN_TRAJ
[ego_planner_node-2] [47;30m
[ego_planner_node-2] [drone 0 replan 44]==============================================[0m
[ego_planner_node-2] [1;33mmulti-trajs=1[1;0m
[ego_planner_node-2] [32miter(+1)=8,time(ms)=0.023,total_t(ms)=0.023,cost=0.011
[ego_planner_node-2] [0mtraj 1 success.
[ego_planner_node-2] plan_success=1
[ego_planner_node-2] total time:[42m0.00013[0m,optimize:0.00013,refine:2.1e-06,avg_time=0.0016
[ego_planner_node-2] refine_success=1
[ego_planner_node-2] [FSM]: from REPLAN_TRAJ to EXEC_TRAJ
[ego_planner_node-2] [47;30m
[ego_planner_node-2] [drone 0 replan 45]==============================================[0m
[ego_planner_node-2] [1;33mmulti-trajs=2[1;0m
[ego_planner_node-2] iter=12,time(ms)=0.064,rebound.
[ego_planner_node-2] [32miter(+1)=24,time(ms)=0.082, collided, keep optimizing
[ego_planner_node-2] [0m[32miter(+1)=17,time(ms)=0.053,total_t(ms)=0.238,cost=0.821
[ego_planner_node-2] [0mtraj 1 success.
[ego_planner_node-2] iter=16,time(ms)=0.061,rebound.
[ego_planner_node-2] iter=8,time(ms)=0.078,rebound.
[ego_planner_node-2] [32miter(+1)=11,time(ms)=0.031, collided, keep optimizing
[ego_planner_node-2] [0m[32miter(+1)=25,time(ms)=0.087, collided, keep optimizing
[ego_planner_node-2] [0m[32miter(+1)=33,time(ms)=0.129, collided, keep optimizing
[ego_planner_node-2] [0mtraj 2 failed.
[ego_planner_node-2] plan_success=1
[ego_planner_node-2] total time:[42m0.001[0m,optimize:0.001,refine:2.4e-06,avg_time=0.0015
[ego_planner_node-2] refine_success=1
[ego_planner_node-2] [SAFETY]: from EXEC_TRAJ to EXEC_TRAJ
[ego_planner_node-2] [WARN] [1772351484.567183013] [distinctiveTrajs]: Can't find the new base points at the opposite within the threshold. i=0, j=2
[ego_planner_node-2] [47;30m
[ego_planner_node-2] [drone 0 replan 46]==============================================[0m
[ego_planner_node-2] [1;33mmulti-trajs=1[1;0m
[ego_planner_node-2] iter=10,time(ms)=0.07,rebound.
[ego_planner_node-2] traj 1 failed.
[ego_planner_node-2] plan_success=0
[ego_planner_node-2] refine_success=0
[ego_planner_node-2] [WARN] [1772351484.567370830] [rebound_optimize]: First 3 control points in obstacles! return false, t=0.158143
[ego_planner_node-2] [WARN] [1772351484.567966036] [distinctiveTrajs]: base_point and control point are too close!
[ego_planner_node-2] [47;30m
[ego_planner_node-2] [drone 0 replan 47]==============================================[0m
[ego_planner_node-2] base_point=-3.2 0.27  1.3 control point=-3.2 0.26  1.2
[ego_planner_node-2] [1;33mmulti-trajs=2[1;0m
[ego_planner_node-2] iter=12,time(ms)=0.04,rebound.
[ego_planner_node-2] iter=15,time(ms)=0.13,rebound.
[ego_planner_node-2] iter=27,time(ms)=0.065,rebound.
[ego_planner_node-2] iter=52,time(ms)=0.14,rebound.
[ego_planner_node-2] [WARN] [1772351484.568460135] [rebound_optimize]: First 3 control points in obstacles! return false, t=0.109211
[ego_planner_node-2] traj 1 failed.
[ego_planner_node-2] iter=12,time(ms)=0.037,rebound.
[ego_planner_node-2] iter=5,time(ms)=0.018,rebound.
[ego_planner_node-2] iter=9,time(ms)=0.069,rebound.
[ego_planner_node-2] iter=7,time(ms)=0.035,rebound.
[ego_planner_node-2] iter=15,time(ms)=0.34,rebound.
[ego_planner_node-2] [WARN] [1772351484.569103250] [rebound_optimize]: First 3 control points in obstacles! return false, t=0.107567
[ego_planner_node-2] traj 2 failed.
[ego_planner_node-2] plan_success=0
[ego_planner_node-2] refine_success=0
[ego_planner_node-2] [WARN] [1772351484.569663158] [distinctiveTrajs]: Can't find the new base points at the opposite within the threshold. i=0, j=3
[ego_planner_node-2] [47;30m
[ego_planner_node-2] [drone 0 replan 48]==============================================[0m
[ego_planner_node-2] [1;33mmulti-trajs=2[1;0m
[ego_planner_node-2] iter=5,time(ms)=0.07,rebound.
[ego_planner_node-2] iter=12,time(ms)=0.039,rebound.
[ego_planner_node-2] [ERROR] [1772351484.569816209] [Coord2Index]: Ran out of pool, index=-1 51 111, POOL_SIZE=160 160 160
[ego_planner_node-2] [ERROR] [1772351484.569832944] [AstarSearch]: Unable to handle the initial or end point, force return!
[ego_planner_node-2] [ERROR] [1772351484.569836240] [check_collision_and_rebound]: a star error
[ego_planner_node-2] [ERROR] [1772351484.569850018] [Coord2Index]: Ran out of pool, index=-1 51 110, POOL_SIZE=160 160 160
[ego_planner_node-2] [ERROR] [1772351484.569853255] [AstarSearch]: Unable to handle the initial or end point, force return!
[ego_planner_node-2] [ERROR] [1772351484.569855774] [check_collision_and_rebound]: a star error
[ego_planner_node-2] [ERROR] [1772351484.569868722] [Coord2Index]: Ran out of pool, index=-1 51 111, POOL_SIZE=160 160 160
[ego_planner_node-2] [ERROR] [1772351484.569871722] [AstarSearch]: Unable to handle the initial or end point, force return!
[ego_planner_node-2] [ERROR] [1772351484.569874260] [check_collision_and_rebound]: a star error
[ego_planner_node-2] [ERROR] [1772351484.569887061] [Coord2Index]: Ran out of pool, index=-1 51 111, POOL_SIZE=160 160 160
[ego_planner_node-2] iter=15,time(ms)=0.052,rebound.
[ego_planner_node-2] iter=5,time(ms)=0.018,rebound.
[ego_planner_node-2] iter=5,time(ms)=0.018,rebound.
[ego_planner_node-2] [ERROR] [1772351484.569890183] [AstarSearch]: Unable to handle the initial or end point, force return!
[ego_planner_node-2] [ERROR] [1772351484.569892781] [check_collision_and_rebound]: a star error
[ego_planner_node-2] [ERROR] [1772351484.569905512] [Coord2Index]: Ran out of pool, index=-1 51 111, POOL_SIZE=160 160 160
[ego_planner_node-2] [ERROR] [1772351484.569908551] [AstarSearch]: Unable to handle the initial or end point, force return!
[ego_planner_node-2] [ERROR] [1772351484.569911066] [check_collision_and_rebound]: a star error
[ego_planner_node-2] iter=5,time(ms)=0.018,rebound.
[ego_planner_node-2] iter=5,time(ms)=0.017,rebound.
[ego_planner_node-2] iter=5,time(ms)=0.02,rebound.
[ego_planner_node-2] iter=5,time(ms)=0.034,rebound.
[ego_planner_node-2] iter=5,time(ms)=0.016,rebound.
[ego_planner_node-2] [ERROR] [1772351484.569923661] [Coord2Index]: Ran out of pool, index=-1 50 111, POOL_SIZE=160 160 160
[ego_planner_node-2] [ERROR] [1772351484.569926810] [AstarSearch]: Unable to handle the initial or end point, force return!
[ego_planner_node-2] [ERROR] [1772351484.569929249] [check_collision_and_rebound]: a star error
[ego_planner_node-2] [ERROR] [1772351484.569945420] [Coord2Index]: Ran out of pool, index=-1 50 111, POOL_SIZE=160 160 160
[ego_planner_node-2] [ERROR] [1772351484.569965357] [AstarSearch]: Unable to handle the initial or end point, force return!
[ego_planner_node-2] [ERROR] [1772351484.569967670] [check_collision_and_rebound]: a star error
[ego_planner_node-2] [ERROR] [1772351484.569979701] [Coord2Index]: Ran out of pool, index=-1 50 111, POOL_SIZE=160 160 160
[ego_planner_node-2] [ERROR] [1772351484.569982412] [AstarSearch]: Unable to handle the initial or end point, force return!
[ego_planner_node-2] [ERROR] [1772351484.569984466] [check_collision_and_rebound]: a star error
[ego_planner_node-2] [ERROR] [1772351484.569996287] [Coord2Index]: Ran out of pool, index=-1 50 112, POOL_SIZE=160 160 160
[ego_planner_node-2] [ERROR] [1772351484.569998896] [AstarSearch]: Unable to handle the initial or end point, force return!
[ego_planner_node-2] [ERROR] [1772351484.570001076] [check_collision_and_rebound]: a star error
[ego_planner_node-2] iter=5,time(ms)=0.016,rebound.
[ego_planner_node-2] iter=5,time(ms)=0.016,rebound.
[ego_planner_node-2] [ERROR] [1772351484.570013234] [Coord2Index]: Ran out of pool, index=-1 50 112, POOL_SIZE=160 160 160
[ego_planner_node-2] [ERROR] [1772351484.570015965] [AstarSearch]: Unable to handle the initial or end point, force return!
[ego_planner_node-2] [ERROR] [1772351484.570018034] [check_collision_and_rebound]: a star error
[ego_planner_node-2] iter=5,time(ms)=0.13,rebound.
[ego_planner_node-2] iter=5,time(ms)=0.023,rebound.
[ego_planner_node-2] [WARN] [1772351484.570221314] [rebound_optimize]: First 3 control points in obstacles! return false, t=0.107742
[ego_planner_node-2] traj 1 failed.
[ego_planner_node-2] iter=11,time(ms)=0.07,rebound.
[ego_planner_node-2] iter=12,time(ms)=0.054,rebound.
[ego_planner_node-2] iter=10,time(ms)=0.024,rebound.
[ego_planner_node-2] iter=11,time(ms)=0.13,rebound.
[ego_planner_node-2] iter=14,time(ms)=0.033,rebound.
[ego_planner_node-2] [WARN] [1772351484.570612968] [rebound_optimize]: First 3 control points in obstacles! return false, t=0.107957
[ego_planner_node-2] [WARN] [1772351484.570621573] [drone_0_ego_planner_node]: Suddenly discovered obstacles. emergency stop! time=0.110000
[ego_planner_node-2] traj 2 failed.
[ego_planner_node-2] plan_success=0
[ego_planner_node-2] refine_success=0
[ego_planner_node-2] [SAFETY]: from EXEC_TRAJ to EMERGENCY_STOP
[ego_planner_node-2] [FSM]: from EMERGENCY_STOP to GEN_NEW_TRAJ
[ego_planner_node-2] [47;30m
[ego_planner_node-2] [drone 0 replan 49]==============================================[0m
[ego_planner_node-2] [1;33mmulti-trajs=2[1;0m
[ego_planner_node-2] iter=5,time(ms)=0.14,rebound.
[ego_planner_node-2] iter=15,time(ms)=1.6,rebound.
[ego_planner_node-2] iter=5,time(ms)=0.043,rebound.
[ego_planner_node-2] iter=6,time(ms)=0.036,rebound.
[ego_planner_node-2] iter=69,time(ms)=0.86,rebound.
[ego_planner_node-2] iter=65,time(ms)=0.33,rebound.
[ego_planner_node-2] [32miter(+1)=150,time(ms)=0.756, collided, keep optimizing
[ego_planner_node-2] [0m[32miter(+1)=89,time(ms)=0.436, collided, keep optimizing
[ego_planner_node-2] [0miter=16,time(ms)=0.098,rebound.
[ego_planner_node-2] [32miter(+1)=82,time(ms)=0.482, collided, keep optimizing
[ego_planner_node-2] [0mtraj 1 failed.
[ego_planner_node-2] iter=5,time(ms)=0.11,rebound.
[ego_planner_node-2] iter=14,time(ms)=0.16,rebound.
[ego_planner_node-2] iter=23,time(ms)=0.12,rebound.
[ego_planner_node-2] iter=23,time(ms)=0.12,rebound.
[ego_planner_node-2] [32miter(+1)=54,time(ms)=0.257,total_t(ms)=0.790,cost=0.923
[ego_planner_node-2] [0mtraj 2 success.
[ego_planner_node-2] plan_success=1
[ego_planner_node-2] total time:[42m0.0072[0m,optimize:0.0072,refine:2.2e-06,avg_time=0.0017
[ego_planner_node-2] refine_success=1
[ego_planner_node-2] [FSM]: from GEN_NEW_TRAJ to EXEC_TRAJ
[ego_planner_node-2] [47;30m
[ego_planner_node-2] [drone 0 replan 50]==============================================[0m
[ego_planner_node-2] [1;33mmulti-trajs=2[1;0m
[ego_planner_node-2] iter=8,time(ms)=0.17,rebound.
[ego_planner_node-2] iter=5,time(ms)=0.043,rebound.
[ego_planner_node-2] iter=11,time(ms)=0.12,rebound.
[ego_planner_node-2] iter=8,time(ms)=0.044,rebound.
[ego_planner_node-2] iter=16,time(ms)=0.073,rebound.
[ego_planner_node-2] iter=27,time(ms)=0.14,rebound.
[ego_planner_node-2] [WARN] [1772351484.616948770] [check_collision_and_rebound]: Failed to generate direction. It doesn't matter.
[ego_planner_node-2] [32miter(+1)=18,time(ms)=0.075, collided, keep optimizing
[ego_planner_node-2] [0m[32miter(+1)=71,time(ms)=0.389, collided, keep optimizing
[ego_planner_node-2] [0miter=19,time(ms)=0.13,rebound.
[ego_planner_node-2] iter=5,time(ms)=0.033,rebound.
[ego_planner_node-2] iter=5,time(ms)=0.03,rebound.
[ego_planner_node-2] iter=5,time(ms)=0.029,rebound.
[ego_planner_node-2] [32miter(+1)=4,time(ms)=0.016, collided, keep optimizing
[ego_planner_node-2] [0mtraj 1 failed.
[ego_planner_node-2] [WARN] [1772351484.617002837] [check_collision_and_rebound]: Failed to generate direction. It doesn't matter.
[ego_planner_node-2] [WARN] [1772351484.617036657] [check_collision_and_rebound]: Failed to generate direction. It doesn't matter.
[ego_planner_node-2] [WARN] [1772351484.617068830] [check_collision_and_rebound]: Failed to generate direction. It doesn't matter.
[ego_planner_node-2] iter=10,time(ms)=0.044,rebound.
[ego_planner_node-2] iter=9,time(ms)=0.047,rebound.
[ego_planner_node-2] iter=20,time(ms)=0.079,rebound.
[ego_planner_node-2] iter=5,time(ms)=0.038,rebound.
[ego_planner_node-2] iter=22,time(ms)=0.11,rebound.
[ego_planner_node-2] iter=8,time(ms)=0.041,rebound.
[ego_planner_node-2] iter=16,time(ms)=0.075,rebound.
[ego_planner_node-2] [32miter(+1)=9,time(ms)=0.033, collided, keep optimizing
[ego_planner_node-2] [0m[32miter(+1)=24,time(ms)=0.116,total_t(ms)=0.620,cost=3.062
[ego_planner_node-2] [0mtraj 2 success.
[ego_planner_node-2] plan_success=1
[ego_planner_node-2] total time:[42m0.0023[0m,optimize:0.0023,refine:2e-06,avg_time=0.0018
[ego_planner_node-2] refine_success=1
[ego_planner_node-2] [SAFETY]: from EXEC_TRAJ to EXEC_TRAJ
[ego_planner_node-2] [47;30m
[ego_planner_node-2] [drone 0 replan 51]==============================================[0m
[ego_planner_node-2] [1;33mmulti-trajs=1[1;0m
[ego_planner_node-2] iter=10,time(ms)=0.084,rebound.
[ego_planner_node-2] iter=9,time(ms)=0.045,rebound.
[ego_planner_node-2] iter=17,time(ms)=0.072,rebound.
[ego_planner_node-2] iter=8,time(ms)=0.057,rebound.
[ego_planner_node-2] iter=28,time(ms)=0.15,rebound.
[ego_planner_node-2] iter=5,time(ms)=0.039,rebound.
[ego_planner_node-2] iter=35,time(ms)=0.21,rebound.
[ego_planner_node-2] [32miter(+1)=14,time(ms)=0.054, collided, keep optimizing
[ego_planner_node-2] [0m[32miter(+1)=40,time(ms)=0.210, collided, keep optimizing
[ego_planner_node-2] [0miter=7,time(ms)=0.04,rebound.
[ego_planner_node-2] [32miter(+1)=26,time(ms)=0.134, collided, keep optimizing
[ego_planner_node-2] [0mtraj 1 failed.
[ego_planner_node-2] plan_success=0
[ego_planner_node-2] refine_success=0
[ego_planner_node-2] [47;30m
[ego_planner_node-2] [drone 0 replan 52]==============================================[0m
[ego_planner_node-2] [1;33mmulti-trajs=8[1;0m
[ego_planner_node-2] iter=8,time(ms)=1.2,rebound.
[ego_planner_node-2] iter=12,time(ms)=0.24,rebound.
[ego_planner_node-2] iter=18,time(ms)=0.097,rebound.
[ego_planner_node-2] iter=15,time(ms)=0.3,rebound.
[ego_planner_node-2] [ERROR] [1772351484.666692477] [Coord2Index]: Ran out of pool, index=-1 62 102, POOL_SIZE=160 160 160
[ego_planner_node-2] [ERROR] [1772351484.666724080] [AstarSearch]: Unable to handle the initial or end point, force return!
[ego_planner_node-2] [ERROR] [1772351484.666733782] [initControlPoints]: a star error, force return!
[ego_planner_node-2] [32miter(+1)=72,time(ms)=0.366, collided, keep optimizing
[ego_planner_node-2] [0miter=58,time(ms)=0.32,rebound.
[ego_planner_node-2] iter=16,time(ms)=0.08,rebound.
[ego_planner_node-2] [32miter(+1)=58,time(ms)=0.304, collided, keep optimizing
[ego_planner_node-2] [0m[32miter(+1)=44,time(ms)=0.237, collided, keep optimizing
[ego_planner_node-2] [0mtraj 1 failed.
[ego_planner_node-2] iter=8,time(ms)=0.42,rebound.
[ego_planner_node-2] iter=13,time(ms)=0.27,rebound.
[ego_planner_node-2] iter=29,time(ms)=0.13,rebound.
[ego_planner_node-2] iter=15,time(ms)=0.067,rebound.
[ego_planner_node-2] iter=40,time(ms)=0.21,rebound.
[ego_planner_node-2] [ERROR] [1772351484.669333440] [Coord2Index]: Ran out of pool, index=-1 28 104, POOL_SIZE=160 160 160
[ego_planner_node-2] [ERROR] [1772351484.669360031] [AstarSearch]: Unable to handle the initial or end point, force return!
[ego_planner_node-2] [ERROR] [1772351484.669364325] [initControlPoints]: a star error, force return!
[ego_planner_node-2] [ERROR] [1772351484.669504243] [Coord2Index]: Ran out of pool, index=160 46 92, POOL_SIZE=160 160 160
[ego_planner_node-2] [ERROR] [1772351484.669507776] [AstarSearch]: Unable to handle the initial or end point, force return!
[ego_planner_node-2] [ERROR] [1772351484.669510308] [check_collision_and_rebound]: a star error
[ego_planner_node-2] [ERROR] [1772351484.669530883] [Coord2Index]: Ran out of pool, index=160 46 92, POOL_SIZE=160 160 160
[ego_planner_node-2] [ERROR] [1772351484.669533692] [AstarSearch]: Unable to handle the initial or end point, force return!
[ego_planner_node-2] [ERROR] [1772351484.669535885] [check_collision_and_rebound]: a star error
[ego_planner_node-2] [32miter(+1)=74,time(ms)=0.421, collided, keep optimizing
[ego_planner_node-2] [0miter=52,time(ms)=0.15,rebound.
[ego_planner_node-2] iter=5,time(ms)=0.019,rebound.
[ego_planner_node-2] [32miter(+1)=4,time(ms)=0.008, collided, keep optimizing
[ego_planner_node-2] [0miter=59,time(ms)=0.17,rebound.
[ego_planner_node-2] iter=60,time(ms)=0.18,rebound.
[ego_planner_node-2] [32miter(+1)=52,time(ms)=0.140, collided, keep optimizing
[ego_planner_node-2] [0mtraj 2 failed.
[ego_planner_node-2] iter=7,time(ms)=0.24,rebound.
[ego_planner_node-2] iter=22,time(ms)=0.057,rebound.
[ego_planner_node-2] iter=43,time(ms)=0.11,rebound.
[ego_planner_node-2] iter=76,time(ms)=0.21,rebound.
[ego_planner_node-2] iter=60,time(ms)=0.18,rebound.
[ego_planner_node-2] iter=62,time(ms)=0.22,rebound.
[ego_planner_node-2] [32miter(+1)=54,time(ms)=0.141, collided, keep optimizing
[ego_planner_node-2] [0m[32miter(+1)=82,time(ms)=0.218, collided, keep optimizing
[ego_planner_node-2] [0miter=61,time(ms)=0.18,rebound.
[ego_planner_node-2] iter=76,time(ms)=0.26,rebound.
[ego_planner_node-2] [32miter(+1)=80,time(ms)=0.227, collided, keep optimizing
[ego_planner_node-2] [0mtraj 3 failed.
[ego_planner_node-2] iter=8,time(ms)=0.15,rebound.
[ego_planner_node-2] iter=12,time(ms)=0.03,rebound.
[ego_planner_node-2] iter=7,time(ms)=0.032,rebound.
[ego_planner_node-2] iter=11,time(ms)=0.035,rebound.
[ego_planner_node-2] iter=36,time(ms)=0.087,rebound.
[ego_planner_node-2] [32miter(+1)=37,time(ms)=0.089, collided, keep optimizing
[ego_planner_node-2] [0miter=17,time(ms)=0.054,rebound.
[ego_planner_node-2] [32miter(+1)=43,time(ms)=0.106,total_t(ms)=0.600,cost=3.408
[ego_planner_node-2] [0mtraj 4 success.
[ego_planner_node-2] iter=8,time(ms)=0.45,rebound.
[ego_planner_node-2] iter=16,time(ms)=0.22,rebound.
[ego_planner_node-2] iter=14,time(ms)=0.033,rebound.
[ego_planner_node-2] iter=12,time(ms)=0.043,rebound.
[ego_planner_node-2] iter=9,time(ms)=0.059,rebound.
[ego_planner_node-2] iter=15,time(ms)=0.14,rebound.
[ego_planner_node-2] iter=80,time(ms)=0.23,rebound.
[ego_planner_node-2] [ERROR] [1772351484.674257891] [Coord2Index]: Ran out of pool, index=-1 68 103, POOL_SIZE=160 160 160
[ego_planner_node-2] [ERROR] [1772351484.674273456] [AstarSearch]: Unable to handle the initial or end point, force return!
[ego_planner_node-2] [ERROR] [1772351484.674277577] [initControlPoints]: a star error, force return!
[ego_planner_node-2] [32miter(+1)=33,time(ms)=0.106, collided, keep optimizing
[ego_planner_node-2] [0m[32miter(+1)=20,time(ms)=0.049, collided, keep optimizing
[ego_planner_node-2] [0m[32miter(+1)=67,time(ms)=0.200, collided, keep optimizing
[ego_planner_node-2] [0mtraj 5 failed.
[ego_planner_node-2] iter=8,time(ms)=0.24,rebound.
[ego_planner_node-2] iter=13,time(ms)=0.15,rebound.
[ego_planner_node-2] iter=15,time(ms)=0.05,rebound.
[ego_planner_node-2] iter=11,time(ms)=0.039,rebound.
[ego_planner_node-2] iter=21,time(ms)=0.27,rebound.
[ego_planner_node-2] iter=82,time(ms)=0.45,rebound.
[ego_planner_node-2] [32miter(+1)=59,time(ms)=0.303, collided, keep optimizing
[ego_planner_node-2] [0m[32miter(+1)=26,time(ms)=0.085, collided, keep optimizing
[ego_planner_node-2] [0miter=52,time(ms)=0.15,rebound.
[ego_planner_node-2] [32miter(+1)=69,time(ms)=0.194, collided, keep optimizing
[ego_planner_node-2] [0mtraj 6 failed.
[ego_planner_node-2] iter=7,time(ms)=0.23,rebound.
[ego_planner_node-2] iter=29,time(ms)=0.067,rebound.
[ego_planner_node-2] [32miter(+1)=89,time(ms)=0.212, collided, keep optimizing
[ego_planner_node-2] [0miter=35,time(ms)=0.086,rebound.
[ego_planner_node-2] [32miter(+1)=76,time(ms)=0.191, collided, keep optimizing
[ego_planner_node-2] [0miter=35,time(ms)=0.097,rebound.
[ego_planner_node-2] iter=24,time(ms)=0.077,rebound.
[ego_planner_node-2] [32miter(+1)=71,time(ms)=0.197, collided, keep optimizing
[ego_planner_node-2] [0mtraj 7 failed.
[ego_planner_node-2] iter=8,time(ms)=0.14,rebound.
[ego_planner_node-2] iter=18,time(ms)=0.042,rebound.
[ego_planner_node-2] iter=12,time(ms)=0.031,rebound.
[ego_planner_node-2] iter=46,time(ms)=0.12,rebound.
[ego_planner_node-2] [32miter(+1)=32,time(ms)=0.071, collided, keep optimizing
[ego_planner_node-2] [0m[32miter(+1)=52,time(ms)=0.125, collided, keep optimizing
[ego_planner_node-2] [0m[32miter(+1)=29,time(ms)=0.068,total_t(ms)=0.624,cost=3.824
[ego_planner_node-2] [0mtraj 8 success.
[ego_planner_node-2] plan_success=1
[ego_planner_node-2] total time:[42m0.015[0m,optimize:0.015,refine:1.6e-06,avg_time=0.0022
[ego_planner_node-2] refine_success=1
[ego_planner_node-2] [SAFETY]: from EXEC_TRAJ to EXEC_TRAJ
[ego_planner_node-2] [WARN] [1772351484.762643527] [distinctiveTrajs]: Can't find the new base points at the opposite within the threshold. i=0, j=0
[ego_planner_node-2] [47;30m
[ego_planner_node-2] [drone 0 replan 53]==============================================[0m
[ego_planner_node-2] [1;33mmulti-trajs=1[1;0m
[ego_planner_node-2] iter=13,time(ms)=0.14,rebound.
[ego_planner_node-2] iter=17,time(ms)=0.15,rebound.
[ego_planner_node-2] iter=11,time(ms)=0.091,rebound.
[ego_planner_node-2] [32miter(+1)=14,time(ms)=0.085, collided, keep optimizing
[ego_planner_node-2] [0m[32miter(+1)=14,time(ms)=0.089, collided, keep optimizing
[ego_planner_node-2] [0miter=25,time(ms)=0.21,rebound.
[ego_planner_node-2] [32miter(+1)=21,time(ms)=0.146, collided, keep optimizing
[ego_planner_node-2] [0mtraj 1 failed.
[ego_planner_node-2] plan_success=0
[ego_planner_node-2] refine_success=0
[ego_planner_node-2] [WARN] [1772351484.764340234] [distinctiveTrajs]: Can't find the new base points at the opposite within the threshold. i=1, j=1
[ego_planner_node-2] [47;30m
[ego_planner_node-2] [drone 0 replan 54]==============================================[0m
[ego_planner_node-2] [1;33mmulti-trajs=4[1;0m
[ego_planner_node-2] iter=7,time(ms)=1.3,rebound.
[ego_planner_node-2] iter=6,time(ms)=0.18,rebound.
[ego_planner_node-2] iter=12,time(ms)=1.3,rebound.
[ego_planner_node-2] iter=10,time(ms)=0.032,rebound.
[ego_planner_node-2] iter=12,time(ms)=0.037,rebound.
[ego_planner_node-2] iter=14,time(ms)=0.039,rebound.
[ego_planner_node-2] iter=50,time(ms)=0.15,rebound.
[ego_planner_node-2] [ERROR] [1772351484.767850218] [Coord2Index]: Ran out of pool, index=160 93 97, POOL_SIZE=160 160 160
[ego_planner_node-2] [ERROR] [1772351484.767868571] [AstarSearch]: Unable to handle the initial or end point, force return!
[ego_planner_node-2] [ERROR] [1772351484.767871991] [check_collision_and_rebound]: a star error
[ego_planner_node-2] [ERROR] [1772351484.767889505] [Coord2Index]: Ran out of pool, index=160 93 97, POOL_SIZE=160 160 160
[ego_planner_node-2] [ERROR] [1772351484.767892773] [AstarSearch]: Unable to handle the initial or end point, force return!
[ego_planner_node-2] [ERROR] [1772351484.767894972] [check_collision_and_rebound]: a star error
[ego_planner_node-2] [ERROR] [1772351484.767911978] [Coord2Index]: Ran out of pool, index=160 93 97, POOL_SIZE=160 160 160
[ego_planner_node-2] [ERROR] [1772351484.767935796] [AstarSearch]: Unable to handle the initial or end point, force return!
[ego_planner_node-2] [ERROR] [1772351484.767939931] [initControlPoints]: a star error, force return!
[ego_planner_node-2] [32miter(+1)=43,time(ms)=0.116, collided, keep optimizing
[ego_planner_node-2] [0miter=79,time(ms)=0.25,rebound.
[ego_planner_node-2] [32miter(+1)=5,time(ms)=0.020, collided, keep optimizing
[ego_planner_node-2] [0miter=5,time(ms)=0.018,rebound.
[ego_planner_node-2] iter=5,time(ms)=0.039,rebound.
[ego_planner_node-2] [32miter(+1)=78,time(ms)=0.225, collided, keep optimizing
[ego_planner_node-2] [0mtraj 1 failed.
[ego_planner_node-2] iter=8,time(ms)=0.06,rebound.
[ego_planner_node-2] iter=8,time(ms)=0.019,rebound.
[ego_planner_node-2] iter=27,time(ms)=0.076,rebound.
[ego_planner_node-2] iter=70,time(ms)=0.18,rebound.
[ego_planner_node-2] [32miter(+1)=19,time(ms)=0.036, collided, keep optimizing
[ego_planner_node-2] [0miter=51,time(ms)=0.15,rebound.
[ego_planner_node-2] [32miter(+1)=72,time(ms)=0.182, collided, keep optimizing
[ego_planner_node-2] [0m[32miter(+1)=43,time(ms)=0.103, collided, keep optimizing
[ego_planner_node-2] [0mtraj 2 failed.
[ego_planner_node-2] iter=8,time(ms)=0.26,rebound.
[ego_planner_node-2] iter=15,time(ms)=0.049,rebound.
[ego_planner_node-2] iter=24,time(ms)=0.063,rebound.
[ego_planner_node-2] [ERROR] [1772351484.769554626] [Coord2Index]: Ran out of pool, index=-1 16 101, POOL_SIZE=160 160 160
[ego_planner_node-2] [ERROR] [1772351484.769561989] [AstarSearch]: Unable to handle the initial or end point, force return!
[ego_planner_node-2] [ERROR] [1772351484.769564528] [check_collision_and_rebound]: a star error
[ego_planner_node-2] [ERROR] [1772351484.769580177] [Coord2Index]: Ran out of pool, index=-1 16 101, POOL_SIZE=160 160 160
[ego_planner_node-2] [ERROR] [1772351484.769583006] [AstarSearch]: Unable to handle the initial or end point, force return!
[ego_planner_node-2] [ERROR] [1772351484.769585269] [check_collision_and_rebound]: a star error
[ego_planner_node-2] iter=35,time(ms)=0.098,rebound.
[ego_planner_node-2] iter=5,time(ms)=0.018,rebound.
[ego_planner_node-2] [ERROR] [1772351484.769598982] [Coord2Index]: Ran out of pool, index=-1 15 101, POOL_SIZE=160 160 160
[ego_planner_node-2] [ERROR] [1772351484.769601893] [AstarSearch]: Unable to handle the initial or end point, force return!
[ego_planner_node-2] [ERROR] [1772351484.769604008] [check_collision_and_rebound]: a star error
[ego_planner_node-2] [ERROR] [1772351484.769626575] [Coord2Index]: Ran out of pool, index=-1 16 101, POOL_SIZE=160 160 160
[ego_planner_node-2] [ERROR] [1772351484.769629517] [AstarSearch]: Unable to handle the initial or end point, force return!
[ego_planner_node-2] [ERROR] [1772351484.769631990] [initControlPoints]: a star error, force return!
[ego_planner_node-2] [ERROR] [1772351484.769643756] [Coord2Index]: Ran out of pool, index=-1 13 101, POOL_SIZE=160 160 160
[ego_planner_node-2] [ERROR] [1772351484.769646632] [AstarSearch]: Unable to handle the initial or end point, force return!
[ego_planner_node-2] [ERROR] [1772351484.769648784] [check_collision_and_rebound]: a star error
[ego_planner_node-2] [ERROR] [1772351484.769662403] [Coord2Index]: Ran out of pool, index=-1 13 101, POOL_SIZE=160 160 160
[ego_planner_node-2] [ERROR] [1772351484.769665035] [AstarSearch]: Unable to handle the initial or end point, force return!
[ego_planner_node-2] [ERROR] [1772351484.769667099] [check_collision_and_rebound]: a star error
[ego_planner_node-2] iter=5,time(ms)=0.017,rebound.
[ego_planner_node-2] [32miter(+1)=4,time(ms)=0.006, collided, keep optimizing
[ego_planner_node-2] [0miter=5,time(ms)=0.018,rebound.
[ego_planner_node-2] iter=5,time(ms)=0.017,rebound.
[ego_planner_node-2] iter=5,time(ms)=0.038,rebound.
[ego_planner_node-2] [32miter(+1)=36,time(ms)=0.085, collided, keep optimizing
[ego_planner_node-2] [0m[32miter(+1)=64,time(ms)=0.163, collided, keep optimizing
[ego_planner_node-2] [0mtraj 3 failed.
[ego_planner_node-2] iter=26,time(ms)=0.063,rebound.
[ego_planner_node-2] [32miter(+1)=77,time(ms)=0.180, collided, keep optimizing
[ego_planner_node-2] [0miter=35,time(ms)=0.089,rebound.
[ego_planner_node-2] [32miter(+1)=42,time(ms)=0.103, collided, keep optimizing
[ego_planner_node-2] [0miter=78,time(ms)=0.21,rebound.
[ego_planner_node-2] [32miter(+1)=42,time(ms)=0.107, collided, keep optimizing
[ego_planner_node-2] [0mtraj 4 failed.
[ego_planner_node-2] plan_success=0
[ego_planner_node-2] refine_success=0
[ego_planner_node-2] [47;30m
[ego_planner_node-2] [drone 0 replan 55]==============================================[0m
[ego_planner_node-2] [1;33mmulti-trajs=8[1;0m
[ego_planner_node-2] iter=7,time(ms)=0.019,rebound.
[ego_planner_node-2] iter=26,time(ms)=0.058,rebound.
[ego_planner_node-2] iter=15,time(ms)=0.13,rebound.
[ego_planner_node-2] iter=38,time(ms)=0.12,rebound.
[ego_planner_node-2] iter=76,time(ms)=0.3,rebound.
[ego_planner_node-2] [32miter(+1)=44,time(ms)=0.229, collided, keep optimizing
[ego_planner_node-2] [0m[32miter(+1)=81,time(ms)=0.378, collided, keep optimizing
[ego_planner_node-2] [0miter=18,time(ms)=0.048,rebound.
[ego_planner_node-2] [32miter(+1)=27,time(ms)=0.064,total_t(ms)=1.409,cost=8.029
[ego_planner_node-2] [0mtraj 1 success.
[ego_planner_node-2] iter=8,time(ms)=0.38,rebound.
[ego_planner_node-2] iter=12,time(ms)=0.028,rebound.
[ego_planner_node-2] iter=16,time(ms)=0.043,rebound.
[ego_planner_node-2] iter=16,time(ms)=0.1,rebound.
[ego_planner_node-2] iter=37,time(ms)=0.1,rebound.
[ego_planner_node-2] iter=27,time(ms)=0.087,rebound.
[ego_planner_node-2] iter=67,time(ms)=0.18,rebound.
[ego_planner_node-2] [ERROR] [1772351484.774682608] [Coord2Index]: Ran out of pool, index=160 39 119, POOL_SIZE=160 160 160
[ego_planner_node-2] [ERROR] [1772351484.774721968] [AstarSearch]: Unable to handle the initial or end point, force return!
[ego_planner_node-2] [ERROR] [1772351484.774729650] [initControlPoints]: a star error, force return!
[ego_planner_node-2] [32miter(+1)=62,time(ms)=0.191, collided, keep optimizing
[ego_planner_node-2] [0m[32miter(+1)=52,time(ms)=0.150, collided, keep optimizing
[ego_planner_node-2] [0m[32miter(+1)=73,time(ms)=0.335, collided, keep optimizing
[ego_planner_node-2] [0mtraj 2 failed.
[ego_planner_node-2] iter=7,time(ms)=0.03,rebound.
[ego_planner_node-2] iter=41,time(ms)=0.2,rebound.
[ego_planner_node-2] iter=32,time(ms)=0.16,rebound.
[ego_planner_node-2] [32miter(+1)=20,time(ms)=0.073, collided, keep optimizing
[ego_planner_node-2] [0miter=63,time(ms)=0.32,rebound.
[ego_planner_node-2] [32miter(+1)=50,time(ms)=0.223, collided, keep optimizing
[ego_planner_node-2] [0miter=70,time(ms)=0.34,rebound.
[ego_planner_node-2] iter=18,time(ms)=0.077,rebound.
[ego_planner_node-2] [32miter(+1)=107,time(ms)=0.485, collided, keep optimizing
[ego_planner_node-2] [0mtraj 3 failed.
[ego_planner_node-2] iter=8,time(ms)=0.67,rebound.
[ego_planner_node-2] iter=12,time(ms)=0.051,rebound.
[ego_planner_node-2] iter=37,time(ms)=0.18,rebound.
[ego_planner_node-2] iter=19,time(ms)=0.078,rebound.
[ego_planner_node-2] [ERROR] [1772351484.777976357] [Coord2Index]: Ran out of pool, index=-1 53 97, POOL_SIZE=160 160 160
[ego_planner_node-2] [ERROR] [1772351484.778002696] [AstarSearch]: Unable to handle the initial or end point, force return!
[ego_planner_node-2] [ERROR] [1772351484.778006926] [check_collision_and_rebound]: a star error
[ego_planner_node-2] [ERROR] [1772351484.778030761] [Coord2Index]: Ran out of pool, index=-1 53 97, POOL_SIZE=160 160 160
[ego_planner_node-2] [ERROR] [1772351484.778035253] [AstarSearch]: Unable to handle the initial or end point, force return!
[ego_planner_node-2] [ERROR] [1772351484.778038842] [check_collision_and_rebound]: a star error
[ego_planner_node-2] iter=47,time(ms)=0.23,rebound.
[ego_planner_node-2] iter=5,time(ms)=0.027,rebound.
[ego_planner_node-2] [ERROR] [1772351484.778225649] [Coord2Index]: Ran out of pool, index=-1 53 97, POOL_SIZE=160 160 160
[ego_planner_node-2] [ERROR] [1772351484.778229883] [AstarSearch]: Unable to handle the initial or end point, force return!
[ego_planner_node-2] [ERROR] [1772351484.778232388] [initControlPoints]: a star error, force return!
[ego_planner_node-2] [ERROR] [1772351484.778244992] [Coord2Index]: Ran out of pool, index=-1 53 98, POOL_SIZE=160 160 160
[ego_planner_node-2] [ERROR] [1772351484.778247849] [AstarSearch]: Unable to handle the initial or end point, force return!
[ego_planner_node-2] [ERROR] [1772351484.778249998] [check_collision_and_rebound]: a star error
[ego_planner_node-2] [ERROR] [1772351484.778264140] [Coord2Index]: Ran out of pool, index=-1 53 98, POOL_SIZE=160 160 160
[ego_planner_node-2] [ERROR] [1772351484.778266784] [AstarSearch]: Unable to handle the initial or end point, force return!
[ego_planner_node-2] [ERROR] [1772351484.778268882] [check_collision_and_rebound]: a star error
[ego_planner_node-2] [ERROR] [1772351484.778282771] [Coord2Index]: Ran out of pool, index=-1 53 98, POOL_SIZE=160 160 160
[ego_planner_node-2] [ERROR] [1772351484.778285393] [AstarSearch]: Unable to handle the initial or end point, force return!
[ego_planner_node-2] [ERROR] [1772351484.778287440] [check_collision_and_rebound]: a star error
[ego_planner_node-2] [ERROR] [1772351484.778300708] [Coord2Index]: Ran out of pool, index=-1 53 98, POOL_SIZE=160 160 160
[ego_planner_node-2] [ERROR] [1772351484.778303392] [AstarSearch]: Unable to handle the initial or end point, force return!
[ego_planner_node-2] [32miter(+1)=3,time(ms)=0.009, collided, keep optimizing
[ego_planner_node-2] [0miter=5,time(ms)=0.019,rebound.
[ego_planner_node-2] iter=5,time(ms)=0.018,rebound.
[ego_planner_node-2] iter=5,time(ms)=0.017,rebound.
[ego_planner_node-2] [ERROR] [1772351484.778326361] [check_collision_and_rebound]: a star error
[ego_planner_node-2] [ERROR] [1772351484.778339801] [Coord2Index]: Ran out of pool, index=-1 53 98, POOL_SIZE=160 160 160
[ego_planner_node-2] [ERROR] [1772351484.778342387] [AstarSearch]: Unable to handle the initial or end point, force return!
[ego_planner_node-2] [ERROR] [1772351484.778344466] [check_collision_and_rebound]: a star error
[ego_planner_node-2] [ERROR] [1772351484.778357457] [Coord2Index]: Ran out of pool, index=-1 53 98, POOL_SIZE=160 160 160
[ego_planner_node-2] [ERROR] [1772351484.778360054] [AstarSearch]: Unable to handle the initial or end point, force return!
[ego_planner_node-2] [ERROR] [1772351484.778362134] [check_collision_and_rebound]: a star error
[ego_planner_node-2] iter=5,time(ms)=0.039,rebound.
[ego_planner_node-2] iter=5,time(ms)=0.017,rebound.
[ego_planner_node-2] iter=5,time(ms)=0.017,rebound.
[ego_planner_node-2] iter=5,time(ms)=0.024,rebound.
[ego_planner_node-2] [32miter(+1)=31,time(ms)=0.077, collided, keep optimizing
[ego_planner_node-2] [0miter=32,time(ms)=0.087,rebound.
[ego_planner_node-2] iter=60,time(ms)=0.17,rebound.
[ego_planner_node-2] [32miter(+1)=33,time(ms)=0.090, collided, keep optimizing
[ego_planner_node-2] [0mtraj 4 failed.
[ego_planner_node-2] iter=7,time(ms)=0.015,rebound.
[ego_planner_node-2] iter=32,time(ms)=0.078,rebound.
[ego_planner_node-2] iter=24,time(ms)=0.055,rebound.
[ego_planner_node-2] iter=15,time(ms)=0.04,rebound.
[ego_planner_node-2] iter=5,time(ms)=0.017,rebound.
[ego_planner_node-2] iter=5,time(ms)=0.017,rebound.
[ego_planner_node-2] iter=5,time(ms)=0.017,rebound.
[ego_planner_node-2] iter=5,time(ms)=0.021,rebound.
[ego_planner_node-2] [ERROR] [1772351484.779153600] [Coord2Index]: Ran out of pool, index=160 74 91, POOL_SIZE=160 160 160
[ego_planner_node-2] [ERROR] [1772351484.779157962] [AstarSearch]: Unable to handle the initial or end point, force return!
[ego_planner_node-2] [ERROR] [1772351484.779160303] [check_collision_and_rebound]: a star error
[ego_planner_node-2] [ERROR] [1772351484.779174446] [Coord2Index]: Ran out of pool, index=160 74 92, POOL_SIZE=160 160 160
[ego_planner_node-2] [ERROR] [1772351484.779177069] [AstarSearch]: Unable to handle the initial or end point, force return!
[ego_planner_node-2] [ERROR] [1772351484.779179356] [check_collision_and_rebound]: a star error
[ego_planner_node-2] [ERROR] [1772351484.779192207] [Coord2Index]: Ran out of pool, index=160 74 92, POOL_SIZE=160 160 160
[ego_planner_node-2] [ERROR] [1772351484.779194790] [AstarSearch]: Unable to handle the initial or end point, force return!
[ego_planner_node-2] [ERROR] [1772351484.779196888] [check_collision_and_rebound]: a star error
[ego_planner_node-2] [ERROR] [1772351484.779209692] [Coord2Index]: Ran out of pool, index=160 74 92, POOL_SIZE=160 160 160
[ego_planner_node-2] [ERROR] [1772351484.779212328] [AstarSearch]: Unable to handle the initial or end point, force return!
[ego_planner_node-2] [ERROR] [1772351484.779214398] [check_collision_and_rebound]: a star error
[ego_planner_node-2] [32miter(+1)=54,time(ms)=0.131, collided, keep optimizing
[ego_planner_node-2] [0m[32miter(+1)=42,time(ms)=0.100, collided, keep optimizing
[ego_planner_node-2] [0miter=63,time(ms)=0.19,rebound.
[ego_planner_node-2] iter=51,time(ms)=0.14,rebound.
[ego_planner_node-2] [32miter(+1)=104,time(ms)=0.295, collided, keep optimizing
[ego_planner_node-2] [0mtraj 5 failed.
[ego_planner_node-2] iter=8,time(ms)=0.33,rebound.
[ego_planner_node-2] iter=11,time(ms)=0.028,rebound.
[ego_planner_node-2] iter=16,time(ms)=0.042,rebound.
[ego_planner_node-2] iter=14,time(ms)=0.069,rebound.
[ego_planner_node-2] iter=30,time(ms)=0.082,rebound.
[ego_planner_node-2] [32miter(+1)=25,time(ms)=0.057, collided, keep optimizing
[ego_planner_node-2] [0miter=48,time(ms)=0.14,rebound.
[ego_planner_node-2] [32miter(+1)=38,time(ms)=0.100, collided, keep optimizing
[ego_planner_node-2] [0m[32miter(+1)=44,time(ms)=0.122, collided, keep optimizing
[ego_planner_node-2] [0mtraj 6 failed.
[ego_planner_node-2] iter=7,time(ms)=0.015,rebound.
[ego_planner_node-2] iter=41,time(ms)=0.096,rebound.
[ego_planner_node-2] iter=45,time(ms)=0.11,rebound.
[ego_planner_node-2] [32miter(+1)=29,time(ms)=0.062, collided, keep optimizing
[ego_planner_node-2] [0miter=44,time(ms)=0.12,rebound.
[ego_planner_node-2] [32miter(+1)=109,time(ms)=0.279, collided, keep optimizing
[ego_planner_node-2] [0m[32miter(+1)=49,time(ms)=0.122, collided, keep optimizing
[ego_planner_node-2] [0mtraj 7 failed.
[ego_planner_node-2] iter=14,time(ms)=0.031,rebound.
[ego_planner_node-2] [ERROR] [1772351484.782242208] [Coord2Index]: Ran out of pool, index=-1 58 120, POOL_SIZE=160 160 160
[ego_planner_node-2] [ERROR] [1772351484.782247692] [AstarSearch]: Unable to handle the initial or end point, force return!
[ego_planner_node-2] [ERROR] [1772351484.782250209] [check_collision_and_rebound]: a star error
[ego_planner_node-2] [ERROR] [1772351484.782263989] [Coord2Index]: Ran out of pool, index=-1 58 120, POOL_SIZE=160 160 160
[ego_planner_node-2] [ERROR] [1772351484.782266753] [AstarSearch]: Unable to handle the initial or end point, force return!
[ego_planner_node-2] [ERROR] [1772351484.782268910] [check_collision_and_rebound]: a star error
[ego_planner_node-2] iter=12,time(ms)=0.033,rebound.
[ego_planner_node-2] iter=5,time(ms)=0.017,rebound.
[ego_planner_node-2] iter=5,time(ms)=0.018,rebound.
[ego_planner_node-2] iter=9,time(ms)=0.023,rebound.
[ego_planner_node-2] iter=21,time(ms)=0.15,rebound.
[ego_planner_node-2] iter=37,time(ms)=0.11,rebound.
[ego_planner_node-2] iter=14,time(ms)=0.14,rebound.
[ego_planner_node-2] [32miter(+1)=51,time(ms)=0.129, collided, keep optimizing
[ego_planner_node-2] [0m[32miter(+1)=36,time(ms)=0.095, collided, keep optimizing
[ego_planner_node-2] [0m[32miter(+1)=38,time(ms)=0.096, collided, keep optimizing
[ego_planner_node-2] [0mtraj 8 failed.
[ego_planner_node-2] plan_success=1
[ego_planner_node-2] Need to reallocate time.
[ego_planner_node-2] [34mThis refined trajectory hits obstacles. It doesn't matter if appeares occasionally. But if continously appearing, Increase parameter "lambda_fitness".
[ego_planner_node-2] [0mrefine_success=0
[ego_planner_node-2] [SAFETY]: from EXEC_TRAJ to REPLAN_TRAJ
[ego_planner_node-2] [WARN] [1772351484.783339283] [drone_0_ego_planner_node]: current traj in collision, replan.
[ego_planner_node-2] [WARN] [1772351484.783500044] [distinctiveTrajs]: Can't find the new base points at the opposite within the threshold. i=0, j=0
[ego_planner_node-2] [47;30m
[ego_planner_node-2] [drone 0 replan 56]==============================================[0m
[ego_planner_node-2] [1;33mmulti-trajs=1[1;0m
[ego_planner_node-2] iter=7,time(ms)=0.022,rebound.
[ego_planner_node-2] iter=8,time(ms)=0.027,rebound.
[ego_planner_node-2] iter=18,time(ms)=0.04,rebound.
[ego_planner_node-2] iter=8,time(ms)=0.089,rebound.
[ego_planner_node-2] [32miter(+1)=15,time(ms)=0.027, collided, keep optimizing
[ego_planner_node-2] [0miter=44,time(ms)=0.11,rebound.
[ego_planner_node-2] iter=5,time(ms)=0.02,rebound.
[ego_planner_node-2] iter=20,time(ms)=0.068,rebound.
[ego_planner_node-2] [32miter(+1)=22,time(ms)=0.077, collided, keep optimizing
[ego_planner_node-2] [0miter=6,time(ms)=0.03,rebound.
[ego_planner_node-2] iter=30,time(ms)=0.2,rebound.
[ego_planner_node-2] [32miter(+1)=21,time(ms)=0.088, collided, keep optimizing
[ego_planner_node-2] [0mtraj 1 failed.
[ego_planner_node-2] plan_success=0
[ego_planner_node-2] refine_success=0
[ego_planner_node-2] [WARN] [1772351484.784678938] [distinctiveTrajs]: Can't find the new base points at the opposite within the threshold. i=1, j=2
[ego_planner_node-2] [47;30m
[ego_planner_node-2] [drone 0 replan 57]==============================================[0m
[ego_planner_node-2] i=1 RichInfoSegs.size()=2
[ego_planner_node-2] RichInfoSegs[i].first.size=1
[ego_planner_node-2] RichInfoSegs[i].first.direction.size()=1
[ego_planner_node-2] RichInfoSegs[i].first.direction[0].size()=1
[ego_planner_node-2] RichInfoSegs[i].first.points.cols()=1
[ego_planner_node-2] RichInfoSegs[i].first.base_point.size()=1
[ego_planner_node-2] RichInfoSegs[i].first.base_point[0].size()=1
[ego_planner_node-2] [1;33mmulti-trajs=4[1;0m
[ego_planner_node-2] iter=11,time(ms)=0.043,rebound.
[ego_planner_node-2] iter=19,time(ms)=0.069,rebound.
[ego_planner_node-2] iter=18,time(ms)=0.063,rebound.
[ego_planner_node-2] [32miter(+1)=49,time(ms)=0.174, collided, keep optimizing
[ego_planner_node-2] [0miter=69,time(ms)=0.35,rebound.
[ego_planner_node-2] [32miter(+1)=83,time(ms)=0.350, collided, keep optimizing
[ego_planner_node-2] [0miter=107,time(ms)=0.53,rebound.
[ego_planner_node-2] [32miter(+1)=88,time(ms)=0.386, collided, keep optimizing
[ego_planner_node-2] [0mtraj 1 failed.
[ego_planner_node-2] iter=19,time(ms)=0.073,rebound.
[ego_planner_node-2] [32miter(+1)=45,time(ms)=0.158, collided, keep optimizing
[ego_planner_node-2] [0miter=8,time(ms)=0.039,rebound.
[ego_planner_node-2] [32miter(+1)=75,time(ms)=0.297, collided, keep optimizing
[ego_planner_node-2] [0m[32miter(+1)=97,time(ms)=0.391, collided, keep optimizing
[ego_planner_node-2] [0mtraj 2 failed.
[ego_planner_node-2] iter=12,time(ms)=0.045,rebound.
[ego_planner_node-2] iter=29,time(ms)=0.11,rebound.
[ego_planner_node-2] [32miter(+1)=42,time(ms)=0.101, collided, keep optimizing
[ego_planner_node-2] [0miter=55,time(ms)=0.14,rebound.
[ego_planner_node-2] [32miter(+1)=59,time(ms)=0.149, collided, keep optimizing
[ego_planner_node-2] [0m[32miter(+1)=122,time(ms)=0.343, collided, keep optimizing
[ego_planner_node-2] [0mtraj 3 failed.
[ego_planner_node-2] iter=23,time(ms)=0.06,rebound.
[ego_planner_node-2] [32miter(+1)=47,time(ms)=0.104, collided, keep optimizing
[ego_planner_node-2] [0miter=24,time(ms)=0.053,rebound.
[ego_planner_node-2] [32miter(+1)=57,time(ms)=0.135, collided, keep optimizing
[ego_planner_node-2] [0m[32miter(+1)=67,time(ms)=0.167, collided, keep optimizing
[ego_planner_node-2] [0mtraj 4 failed.
[ego_planner_node-2] plan_success=0
[ego_planner_node-2] refine_success=0
[ego_planner_node-2] [WARN] [1772351484.790837525] [distinctiveTrajs]: Can't find the new base points at the opposite within the threshold. i=1, j=0
[ego_planner_node-2] [47;30m
[ego_planner_node-2] [drone 0 replan 58]==============================================[0m
[ego_planner_node-2] [1;33mmulti-trajs=4[1;0m
[ego_planner_node-2] iter=5,time(ms)=0.71,rebound.
[ego_planner_node-2] [ERROR] [1772351484.791621407] [Coord2Index]: Ran out of pool, index=-1 57 116, POOL_SIZE=160 160 160
[ego_planner_node-2] [ERROR] [1772351484.791640692] [AstarSearch]: Unable to handle the initial or end point, force return!
[ego_planner_node-2] [ERROR] [1772351484.791646196] [check_collision_and_rebound]: a star error
[ego_planner_node-2] iter=9,time(ms)=0.062,rebound.
[ego_planner_node-2] iter=5,time(ms)=0.065,rebound.
[ego_planner_node-2] [ERROR] [1772351484.791670716] [Coord2Index]: Ran out of pool, index=-1 52 126, POOL_SIZE=160 160 160
[ego_planner_node-2] [ERROR] [1772351484.791675332] [AstarSearch]: Unable to handle the initial or end point, force return!
[ego_planner_node-2] [ERROR] [1772351484.791679083] [check_collision_and_rebound]: a star error
[ego_planner_node-2] iter=5,time(ms)=0.043,rebound.
[ego_planner_node-2] iter=23,time(ms)=0.19,rebound.
[ego_planner_node-2] iter=28,time(ms)=0.073,rebound.
[ego_planner_node-2] iter=42,time(ms)=0.11,rebound.
[ego_planner_node-2] iter=72,time(ms)=0.37,rebound.
[ego_planner_node-2] [ERROR] [1772351484.792647858] [Coord2Index]: Ran out of pool, index=-1 54 126, POOL_SIZE=160 160 160
[ego_planner_node-2] [ERROR] [1772351484.792662960] [AstarSearch]: Unable to handle the initial or end point, force return!
[ego_planner_node-2] [ERROR] [1772351484.792666285] [initControlPoints]: a star error, force return!
[ego_planner_node-2] [32miter(+1)=48,time(ms)=0.128, collided, keep optimizing
[ego_planner_node-2] [0m[32miter(+1)=20,time(ms)=0.047, collided, keep optimizing
[ego_planner_node-2] [0m[32miter(+1)=45,time(ms)=0.122, collided, keep optimizing
[ego_planner_node-2] [0mtraj 1 failed.
[ego_planner_node-2] iter=5,time(ms)=0.26,rebound.
[ego_planner_node-2] iter=14,time(ms)=0.047,rebound.
[ego_planner_node-2] iter=8,time(ms)=0.022,rebound.
[ego_planner_node-2] iter=10,time(ms)=0.025,rebound.
[ego_planner_node-2] iter=30,time(ms)=0.075,rebound.
[ego_planner_node-2] iter=37,time(ms)=0.096,rebound.
[ego_planner_node-2] iter=29,time(ms)=0.078,rebound.
[ego_planner_node-2] [ERROR] [1772351484.793585669] [Coord2Index]: Ran out of pool, index=-1 51 109, POOL_SIZE=160 160 160
[ego_planner_node-2] [ERROR] [1772351484.793592003] [AstarSearch]: Unable to handle the initial or end point, force return!
[ego_planner_node-2] [ERROR] [1772351484.793594844] [initControlPoints]: a star error, force return!
[ego_planner_node-2] [32miter(+1)=24,time(ms)=0.057, collided, keep optimizing
[ego_planner_node-2] [0miter=53,time(ms)=0.15,rebound.
[ego_planner_node-2] iter=83,time(ms)=0.52,rebound.
[ego_planner_node-2] [32miter(+1)=46,time(ms)=0.128, collided, keep optimizing
[ego_planner_node-2] [0m[32miter(+1)=39,time(ms)=0.148, collided, keep optimizing
[ego_planner_node-2] [0mtraj 2 failed.
[ego_planner_node-2] iter=5,time(ms)=0.52,rebound.
[ego_planner_node-2] iter=9,time(ms)=0.035,rebound.
[ego_planner_node-2] iter=35,time(ms)=0.088,rebound.
[ego_planner_node-2] [ERROR] [1772351484.795388294] [Coord2Index]: Ran out of pool, index=-1 81 110, POOL_SIZE=160 160 160
[ego_planner_node-2] [ERROR] [1772351484.795407682] [AstarSearch]: Unable to handle the initial or end point, force return!
[ego_planner_node-2] [ERROR] [1772351484.795429772] [check_collision_and_rebound]: a star error
[ego_planner_node-2] iter=28,time(ms)=0.11,rebound.
[ego_planner_node-2] iter=5,time(ms)=0.31,rebound.
[ego_planner_node-2] [ERROR] [1772351484.795921120] [Coord2Index]: Ran out of pool, index=-1 106 98, POOL_SIZE=160 160 160
[ego_planner_node-2] [ERROR] [1772351484.795929448] [AstarSearch]: Unable to handle the initial or end point, force return!
[ego_planner_node-2] [ERROR] [1772351484.795940183] [check_collision_and_rebound]: a star error
[ego_planner_node-2] [ERROR] [1772351484.795959537] [Coord2Index]: Ran out of pool, index=-1 105 98, POOL_SIZE=160 160 160
[ego_planner_node-2] [ERROR] [1772351484.795962355] [AstarSearch]: Unable to handle the initial or end point, force return!
[ego_planner_node-2] [ERROR] [1772351484.795964634] [check_collision_and_rebound]: a star error
[ego_planner_node-2] [ERROR] [1772351484.795978305] [Coord2Index]: Ran out of pool, index=-1 106 98, POOL_SIZE=160 160 160
[ego_planner_node-2] [ERROR] [1772351484.795980994] [AstarSearch]: Unable to handle the initial or end point, force return!
[ego_planner_node-2] [ERROR] [1772351484.795983261] [check_collision_and_rebound]: a star error
[ego_planner_node-2] [ERROR] [1772351484.795996583] [Coord2Index]: Ran out of pool, index=-1 106 98, POOL_SIZE=160 160 160
[ego_planner_node-2] [ERROR] [1772351484.795999203] [AstarSearch]: Unable to handle the initial or end point, force return!
[ego_planner_node-2] [ERROR] [1772351484.796001302] [check_collision_and_rebound]: a star error
[ego_planner_node-2] iter=57,time(ms)=0.2,rebound.
[ego_planner_node-2] iter=5,time(ms)=0.019,rebound.
[ego_planner_node-2] iter=5,time(ms)=0.018,rebound.
[ego_planner_node-2] iter=5,time(ms)=0.017,rebound.
[ego_planner_node-2] [ERROR] [1772351484.796014461] [Coord2Index]: Ran out of pool, index=-1 106 98, POOL_SIZE=160 160 160
[ego_planner_node-2] [ERROR] [1772351484.796018529] [AstarSearch]: Unable to handle the initial or end point, force return!
[ego_planner_node-2] [ERROR] [1772351484.796022291] [check_collision_and_rebound]: a star error
[ego_planner_node-2] iter=5,time(ms)=0.023,rebound.
[ego_planner_node-2] iter=5,time(ms)=0.026,rebound.
[ego_planner_node-2] [ERROR] [1772351484.796044592] [Coord2Index]: Ran out of pool, index=-1 106 98, POOL_SIZE=160 160 160
[ego_planner_node-2] [ERROR] [1772351484.796049108] [AstarSearch]: Unable to handle the initial or end point, force return!
[ego_planner_node-2] [ERROR] [1772351484.796052426] [check_collision_and_rebound]: a star error
[ego_planner_node-2] [ERROR] [1772351484.796066012] [Coord2Index]: Ran out of pool, index=-1 106 98, POOL_SIZE=160 160 160
[ego_planner_node-2] [ERROR] [1772351484.796068716] [AstarSearch]: Unable to handle the initial or end point, force return!
[ego_planner_node-2] [ERROR] [1772351484.796070803] [check_collision_and_rebound]: a star error
[ego_planner_node-2] [ERROR] [1772351484.796084005] [Coord2Index]: Ran out of pool, index=-1 106 98, POOL_SIZE=160 160 160
[ego_planner_node-2] [ERROR] [1772351484.796086570] [AstarSearch]: Unable to handle the initial or end point, force return!
[ego_planner_node-2] [ERROR] [1772351484.796088642] [check_collision_and_rebound]: a star error
[ego_planner_node-2] [ERROR] [1772351484.796101898] [Coord2Index]: Ran out of pool, index=-1 107 98, POOL_SIZE=160 160 160
[ego_planner_node-2] [ERROR] [1772351484.796106150] [AstarSearch]: Unable to handle the initial or end point, force return!
[ego_planner_node-2] [ERROR] [1772351484.796109918] [check_collision_and_rebound]: a star error
[ego_planner_node-2] iter=5,time(ms)=0.017,rebound.
[ego_planner_node-2] iter=5,time(ms)=0.017,rebound.
[ego_planner_node-2] iter=5,time(ms)=0.023,rebound.
[ego_planner_node-2] [ERROR] [1772351484.796132446] [Coord2Index]: Ran out of pool, index=-1 107 99, POOL_SIZE=160 160 160
[ego_planner_node-2] [ERROR] [1772351484.796137024] [AstarSearch]: Unable to handle the initial or end point, force return!
[ego_planner_node-2] [ERROR] [1772351484.796139251] [check_collision_and_rebound]: a star error
[ego_planner_node-2] [ERROR] [1772351484.796152438] [Coord2Index]: Ran out of pool, index=-1 107 99, POOL_SIZE=160 160 160
[ego_planner_node-2] [ERROR] [1772351484.796155082] [AstarSearch]: Unable to handle the initial or end point, force return!
[ego_planner_node-2] [ERROR] [1772351484.796157183] [check_collision_and_rebound]: a star error
[ego_planner_node-2] [ERROR] [1772351484.796170421] [Coord2Index]: Ran out of pool, index=-1 107 99, POOL_SIZE=160 160 160
[ego_planner_node-2] [ERROR] [1772351484.796173036] [AstarSearch]: Unable to handle the initial or end point, force return!
[ego_planner_node-2] [ERROR] [1772351484.796175132] [check_collision_and_rebound]: a star error
[ego_planner_node-2] [ERROR] [1772351484.796187983] [Coord2Index]: Ran out of pool, index=-1 107 99, POOL_SIZE=160 160 160
[ego_planner_node-2] [ERROR] [1772351484.796190573] [AstarSearch]: Unable to handle the initial or end point, force return!
[ego_planner_node-2] [ERROR] [1772351484.796192649] [check_collision_and_rebound]: a star error
[ego_planner_node-2] [ERROR] [1772351484.796213206] [Coord2Index]: Ran out of pool, index=-1 107 99, POOL_SIZE=160 160 160
[ego_planner_node-2] [ERROR] [1772351484.796217712] [AstarSearch]: Unable to handle the initial or end point, force return!
[ego_planner_node-2] [ERROR] [1772351484.796221437] [check_collision_and_rebound]: a star error
[ego_planner_node-2] [ERROR] [1772351484.796243107] [Coord2Index]: Ran out of pool, index=-1 108 99, POOL_SIZE=160 160 160
[ego_planner_node-2] [ERROR] [1772351484.796250824] [AstarSearch]: Unable to handle the initial or end point, force return!
[ego_planner_node-2] [ERROR] [1772351484.796254602] [check_collision_and_rebound]: a star error
[ego_planner_node-2] [ERROR] [1772351484.796276569] [Coord2Index]: Ran out of pool, index=-1 108 100, POOL_SIZE=160 160 160
[ego_planner_node-2] [ERROR] [1772351484.796281263] [AstarSearch]: Unable to handle the initial or end point, force return!
[ego_planner_node-2] [ERROR] [1772351484.796285018] [check_collision_and_rebound]: a star error
[ego_planner_node-2] iter=5,time(ms)=0.025,rebound.
[ego_planner_node-2] iter=5,time(ms)=0.017,rebound.
[ego_planner_node-2] iter=5,time(ms)=0.017,rebound.
[ego_planner_node-2] iter=5,time(ms)=0.018,rebound.
[ego_planner_node-2] iter=5,time(ms)=0.029,rebound.
[ego_planner_node-2] iter=5,time(ms)=0.032,rebound.
[ego_planner_node-2] iter=5,time(ms)=0.029,rebound.
[ego_planner_node-2] traj 3 failed.
[ego_planner_node-2] iter=5,time(ms)=0.32,rebound.
[ego_planner_node-2] iter=13,time(ms)=0.056,rebound.
[ego_planner_node-2] iter=30,time(ms)=0.11,rebound.
[ego_planner_node-2] iter=42,time(ms)=0.16,rebound.
[ego_planner_node-2] [ERROR] [1772351484.797044012] [Coord2Index]: Ran out of pool, index=-1 58 148, POOL_SIZE=160 160 160
[ego_planner_node-2] [ERROR] [1772351484.797053945] [AstarSearch]: Unable to handle the initial or end point, force return!
[ego_planner_node-2] [ERROR] [1772351484.797058823] [initControlPoints]: a star error, force return!
[ego_planner_node-2] [32miter(+1)=28,time(ms)=0.092, collided, keep optimizing
[ego_planner_node-2] [0m[32miter(+1)=19,time(ms)=0.064, collided, keep optimizing
[ego_planner_node-2] [0miter=49,time(ms)=0.26,rebound.
[ego_planner_node-2] [32miter(+1)=57,time(ms)=0.206, collided, keep optimizing
[ego_planner_node-2] [0mtraj 4 failed.
[ego_planner_node-2] plan_success=0
[ego_planner_node-2] refine_success=0
[ego_planner_node-2] [FSM]: from REPLAN_TRAJ to REPLAN_TRAJ
[ego_planner_node-2] [WARN] [1772351484.808379860] [distinctiveTrajs]: Can't find the new base points at the opposite within the threshold. i=0, j=0
[ego_planner_node-2] [47;30m
[ego_planner_node-2] [drone 0 replan 59]==============================================[0m
[ego_planner_node-2] [1;33mmulti-trajs=1[1;0m
[ego_planner_node-2] iter=7,time(ms)=0.026,rebound.
[ego_planner_node-2] iter=9,time(ms)=0.034,rebound.
[ego_planner_node-2] [32miter(+1)=14,time(ms)=0.024,total_t(ms)=0.093,cost=0.587
[ego_planner_node-2] [0mtraj 1 success.
[ego_planner_node-2] plan_success=1
[ego_planner_node-2] total time:[42m0.00023[0m,optimize:0.00023,refine:1.3e-06,avg_time=0.0021
[ego_planner_node-2] refine_success=1
[ego_planner_node-2] [FSM]: from REPLAN_TRAJ to EXEC_TRAJ
[ego_planner_node-2] [47;30m
[ego_planner_node-2] [drone 0 replan 60]==============================================[0m
[ego_planner_node-2] [1;33mmulti-trajs=2[1;0m
[ego_planner_node-2] iter=5,time(ms)=0.066,rebound.
[ego_planner_node-2] iter=13,time(ms)=0.052,rebound.
[ego_planner_node-2] [32miter(+1)=22,time(ms)=0.044, collided, keep optimizing
[ego_planner_node-2] [0miter=19,time(ms)=0.048,rebound.
[ego_planner_node-2] iter=11,time(ms)=0.036,rebound.
[ego_planner_node-2] [32miter(+1)=13,time(ms)=0.023, collided, keep optimizing
[ego_planner_node-2] [0miter=54,time(ms)=0.43,rebound.
[ego_planner_node-2] iter=12,time(ms)=0.074,rebound.
[ego_planner_node-2] [32miter(+1)=32,time(ms)=0.081, collided, keep optimizing
[ego_planner_node-2] [0mtraj 1 failed.
[ego_planner_node-2] iter=6,time(ms)=0.016,rebound.
[ego_planner_node-2] iter=8,time(ms)=0.019,rebound.
[ego_planner_node-2] iter=5,time(ms)=0.014,rebound.
[ego_planner_node-2] [32miter(+1)=10,time(ms)=0.015, collided, keep optimizing
[ego_planner_node-2] [0m[32miter(+1)=7,time(ms)=0.011,total_t(ms)=0.094,cost=2.253
[ego_planner_node-2] [0mtraj 2 success.
[ego_planner_node-2] plan_success=1
[ego_planner_node-2] total time:[42m0.0015[0m,optimize:0.0015,refine:5.6e-06,avg_time=0.0021
[ego_planner_node-2] refine_success=1
[ego_planner_node-2] [SAFETY]: from EXEC_TRAJ to EXEC_TRAJ
[ego_planner_node-2] [47;30m
[ego_planner_node-2] [drone 0 replan 61]==============================================[0m
[ego_planner_node-2] [1;33mmulti-trajs=1[1;0m
[ego_planner_node-2] iter=9,time(ms)=0.039,rebound.
[ego_planner_node-2] iter=12,time(ms)=0.039,rebound.
[ego_planner_node-2] iter=12,time(ms)=0.041,rebound.
[ego_planner_node-2] iter=25,time(ms)=0.064,rebound.
[ego_planner_node-2] iter=10,time(ms)=0.025,rebound.
[ego_planner_node-2] [32miter(+1)=16,time(ms)=0.028, collided, keep optimizing
[ego_planner_node-2] [0m[32miter(+1)=21,time(ms)=0.043,total_t(ms)=0.311,cost=1.627
[ego_planner_node-2] [0mtraj 1 success.
[ego_planner_node-2] plan_success=1
[ego_planner_node-2] total time:[42m0.00039[0m,optimize:0.00039,refine:1.4e-06,avg_time=0.002
[ego_planner_node-2] refine_success=1
[ego_planner_node-2] [SAFETY]: from EXEC_TRAJ to EXEC_TRAJ
[ego_planner_node-2] [FSM]: state: EXEC_TRAJ
[ego_planner_node-2] [47;30m
[ego_planner_node-2] [drone 0 replan 62]==============================================[0m
[ego_planner_node-2] [1;33mmulti-trajs=2[1;0m
[ego_planner_node-2] [32miter(+1)=15,time(ms)=0.040, collided, keep optimizing
[ego_planner_node-2] [0miter=7,time(ms)=0.052,rebound.
[ego_planner_node-2] [32miter(+1)=21,time(ms)=0.049, collided, keep optimizing
[ego_planner_node-2] [0m[32miter(+1)=18,time(ms)=0.044, collided, keep optimizing
[ego_planner_node-2] [0mtraj 1 failed.
[ego_planner_node-2] iter=18,time(ms)=0.049,rebound.
[ego_planner_node-2] iter=8,time(ms)=0.035,rebound.
[ego_planner_node-2] [32miter(+1)=10,time(ms)=0.021, collided, keep optimizing
[ego_planner_node-2] [0m[32miter(+1)=17,time(ms)=0.042, collided, keep optimizing
[ego_planner_node-2] [0m[32miter(+1)=19,time(ms)=0.050, collided, keep optimizing
[ego_planner_node-2] [0mtraj 2 failed.
[ego_planner_node-2] plan_success=0
[ego_planner_node-2] refine_success=0
[ego_planner_node-2] [WARN] [1772351484.913226201] [distinctiveTrajs]: Can't find the new base points at the opposite within the threshold. i=1, j=2
[ego_planner_node-2] [47;30m
[ego_planner_node-2] [drone 0 replan 63]==============================================[0m
[ego_planner_node-2] [1;33mmulti-trajs=2[1;0m
[ego_planner_node-2] iter=22,time(ms)=0.3,rebound.
[ego_planner_node-2] iter=29,time(ms)=0.13,rebound.
[ego_planner_node-2] iter=42,time(ms)=0.14,rebound.
[ego_planner_node-2] iter=32,time(ms)=0.1,rebound.
[ego_planner_node-2] [32miter(+1)=20,time(ms)=0.057, collided, keep optimizing
[ego_planner_node-2] [0m[32miter(+1)=57,time(ms)=0.357, collided, keep optimizing
[ego_planner_node-2] [0m[32miter(+1)=65,time(ms)=0.416, collided, keep optimizing
[ego_planner_node-2] [0mtraj 1 failed.
[ego_planner_node-2] iter=15,time(ms)=0.081,rebound.
[ego_planner_node-2] iter=27,time(ms)=0.15,rebound.
[ego_planner_node-2] [32miter(+1)=63,time(ms)=0.361, collided, keep optimizing
[ego_planner_node-2] [0m[32miter(+1)=31,time(ms)=0.162, collided, keep optimizing
[ego_planner_node-2] [0miter=19,time(ms)=0.12,rebound.
[ego_planner_node-2] iter=20,time(ms)=0.14,rebound.
[ego_planner_node-2] iter=43,time(ms)=0.29,rebound.
[ego_planner_node-2] iter=29,time(ms)=0.23,rebound.
[ego_planner_node-2] iter=11,time(ms)=0.066,rebound.
[ego_planner_node-2] iter=62,time(ms)=0.47,rebound.
[ego_planner_node-2] iter=47,time(ms)=0.31,rebound.
[ego_planner_node-2] iter=52,time(ms)=0.37,rebound.
[ego_planner_node-2] [32miter(+1)=47,time(ms)=0.332, collided, keep optimizing
[ego_planner_node-2] [0mtraj 2 failed.
[ego_planner_node-2] plan_success=0
[ego_planner_node-2] refine_success=0
[ego_planner_node-2] [WARN] [1772351484.918904916] [distinctiveTrajs]: Can't find the new base points at the opposite within the threshold. i=1, j=1
[ego_planner_node-2] [47;30m
[ego_planner_node-2] [drone 0 replan 64]==============================================[0m
[ego_planner_node-2] i=1 RichInfoSegs.size()=2
[ego_planner_node-2] RichInfoSegs[i].first.size=1
[ego_planner_node-2] RichInfoSegs[i].first.direction.size()=1
[ego_planner_node-2] RichInfoSegs[i].first.direction[0].size()=1
[ego_planner_node-2] RichInfoSegs[i].first.points.cols()=1
[ego_planner_node-2] RichInfoSegs[i].first.base_point.size()=1
[ego_planner_node-2] RichInfoSegs[i].first.base_point[0].size()=1
[ego_planner_node-2] [1;33mmulti-trajs=4[1;0m
[ego_planner_node-2] iter=8,time(ms)=0.14,rebound.
[ego_planner_node-2] iter=12,time(ms)=0.49,rebound.
[ego_planner_node-2] iter=21,time(ms)=0.11,rebound.
[ego_planner_node-2] iter=24,time(ms)=0.12,rebound.
[ego_planner_node-2] iter=37,time(ms)=0.21,rebound.
[ego_planner_node-2] [ERROR] [1772351484.920199917] [Coord2Index]: Ran out of pool, index=-1 8 119, POOL_SIZE=160 160 160
[ego_planner_node-2] [ERROR] [1772351484.920228884] [AstarSearch]: Unable to handle the initial or end point, force return!
[ego_planner_node-2] [ERROR] [1772351484.920237701] [initControlPoints]: a star error, force return!
[ego_planner_node-2] [32miter(+1)=23,time(ms)=0.106, collided, keep optimizing
[ego_planner_node-2] [0miter=11,time(ms)=0.054,rebound.
[ego_planner_node-2] [32miter(+1)=32,time(ms)=0.150, collided, keep optimizing
[ego_planner_node-2] [0m[32miter(+1)=188,time(ms)=0.634, collided, keep optimizing
[ego_planner_node-2] [0mtraj 1 failed.
[ego_planner_node-2] iter=12,time(ms)=0.1,rebound.
[ego_planner_node-2] iter=13,time(ms)=0.069,rebound.
[ego_planner_node-2] [32miter(+1)=61,time(ms)=0.146, collided, keep optimizing
[ego_planner_node-2] [0miter=58,time(ms)=0.15,rebound.
[ego_planner_node-2] iter=7,time(ms)=0.021,rebound.
[ego_planner_node-2] [32miter(+1)=38,time(ms)=0.092, collided, keep optimizing
[ego_planner_node-2] [0m[32miter(+1)=88,time(ms)=0.229, collided, keep optimizing
[ego_planner_node-2] [0mtraj 2 failed.
[ego_planner_node-2] iter=11,time(ms)=0.25,rebound.
[ego_planner_node-2] iter=16,time(ms)=0.038,rebound.
[ego_planner_node-2] iter=20,time(ms)=0.048,rebound.
[ego_planner_node-2] iter=49,time(ms)=0.13,rebound.
[ego_planner_node-2] [32miter(+1)=34,time(ms)=0.080, collided, keep optimizing
[ego_planner_node-2] [0m[32miter(+1)=46,time(ms)=0.118, collided, keep optimizing
[ego_planner_node-2] [0m[32miter(+1)=44,time(ms)=0.116, collided, keep optimizing
[ego_planner_node-2] [0mtraj 3 failed.
[ego_planner_node-2] iter=12,time(ms)=0.027,rebound.
[ego_planner_node-2] iter=13,time(ms)=0.043,rebound.
[ego_planner_node-2] [32miter(+1)=39,time(ms)=0.087, collided, keep optimizing
[ego_planner_node-2] [0m[32miter(+1)=77,time(ms)=0.184, collided, keep optimizing
[ego_planner_node-2] [0m[32miter(+1)=56,time(ms)=0.181, collided, keep optimizing
[ego_planner_node-2] [0mtraj 4 failed.
[ego_planner_node-2] plan_success=0
[ego_planner_node-2] refine_success=0
[ego_planner_node-2] [WARN] [1772351484.923797707] [drone_0_ego_planner_node]: Suddenly discovered obstacles. emergency stop! time=0.390000
[ego_planner_node-2] [SAFETY]: from EXEC_TRAJ to EMERGENCY_STOP
[ego_planner_node-2] [FSM]: from EMERGENCY_STOP to GEN_NEW_TRAJ
[ego_planner_node-2] [47;30m
[ego_planner_node-2] [drone 0 replan 65]==============================================[0m
[ego_planner_node-2] [1;33mmulti-trajs=1[1;0m
[ego_planner_node-2] [32miter(+1)=89,time(ms)=0.267,total_t(ms)=0.267,cost=0.088
[ego_planner_node-2] [0mtraj 1 success.
[ego_planner_node-2] plan_success=1
[ego_planner_node-2] total time:[42m0.00036[0m,optimize:0.00036,refine:2.3e-06,avg_time=0.002
[ego_planner_node-2] refine_success=1
[ego_planner_node-2] [FSM]: from GEN_NEW_TRAJ to EXEC_TRAJ
[ego_planner_node-2] [47;30m
[ego_planner_node-2] [drone 0 replan 66]==============================================[0m
[ego_planner_node-2] [1;33mmulti-trajs=4[1;0m
[ego_planner_node-2] iter=7,time(ms)=0.048,rebound.
[ego_planner_node-2] iter=8,time(ms)=0.56,rebound.
[ego_planner_node-2] iter=9,time(ms)=0.16,rebound.
[ego_planner_node-2] iter=16,time(ms)=0.14,rebound.
[ego_planner_node-2] iter=30,time(ms)=0.2,rebound.
[ego_planner_node-2] iter=7,time(ms)=0.095,rebound.
[ego_planner_node-2] [32miter(+1)=14,time(ms)=0.062, collided, keep optimizing
[ego_planner_node-2] [0miter=35,time(ms)=0.13,rebound.
[ego_planner_node-2] iter=10,time(ms)=0.035,rebound.
[ego_planner_node-2] iter=14,time(ms)=0.051,rebound.
[ego_planner_node-2] [ERROR] [1772351485.015814523] [Coord2Index]: Ran out of pool, index=160 34 91, POOL_SIZE=160 160 160
[ego_planner_node-2] [ERROR] [1772351485.015841961] [AstarSearch]: Unable to handle the initial or end point, force return!
[ego_planner_node-2] [ERROR] [1772351485.015846364] [initControlPoints]: a star error, force return!
[ego_planner_node-2] [32miter(+1)=21,time(ms)=0.056, collided, keep optimizing
[ego_planner_node-2] [0m[32miter(+1)=40,time(ms)=0.099, collided, keep optimizing
[ego_planner_node-2] [0mtraj 1 failed.
[ego_planner_node-2] iter=7,time(ms)=0.017,rebound.
[ego_planner_node-2] iter=8,time(ms)=0.037,rebound.
[ego_planner_node-2] iter=21,time(ms)=0.049,rebound.
[ego_planner_node-2] [32miter(+1)=14,time(ms)=0.023, collided, keep optimizing
[ego_planner_node-2] [0miter=21,time(ms)=0.049,rebound.
[ego_planner_node-2] iter=11,time(ms)=0.03,rebound.
[ego_planner_node-2] [32miter(+1)=18,time(ms)=0.035, collided, keep optimizing
[ego_planner_node-2] [0m[32miter(+1)=15,time(ms)=0.029,total_t(ms)=0.309,cost=6.539
[ego_planner_node-2] [0mtraj 2 success.
[ego_planner_node-2] iter=9,time(ms)=0.26,rebound.
[ego_planner_node-2] [32miter(+1)=34,time(ms)=0.068, collided, keep optimizing
[ego_planner_node-2] [0m[32miter(+1)=15,time(ms)=0.026, collided, keep optimizing
[ego_planner_node-2] [0m[32miter(+1)=13,time(ms)=0.022, collided, keep optimizing
[ego_planner_node-2] [0mtraj 3 failed.
[ego_planner_node-2] iter=10,time(ms)=0.12,rebound.
[ego_planner_node-2] [32miter(+1)=42,time(ms)=0.090, collided, keep optimizing
[ego_planner_node-2] [0m[32miter(+1)=26,time(ms)=0.052, collided, keep optimizing
[ego_planner_node-2] [0m[32miter(+1)=13,time(ms)=0.024, collided, keep optimizing
[ego_planner_node-2] [0mtraj 4 failed.
[ego_planner_node-2] plan_success=1
[ego_planner_node-2] total time:[42m0.004[0m,optimize:0.004,refine:1.7e-06,avg_time=0.002
[ego_planner_node-2] refine_success=1
[ego_planner_node-2] [SAFETY]: from EXEC_TRAJ to EXEC_TRAJ
[ego_planner_node-2] [47;30m
[ego_planner_node-2] [drone 0 replan 67]==============================================[0m
[ego_planner_node-2] [1;33mmulti-trajs=1[1;0m
[ego_planner_node-2] iter=11,time(ms)=0.034,rebound.
[ego_planner_node-2] iter=15,time(ms)=0.039,rebound.
[ego_planner_node-2] iter=7,time(ms)=0.023,rebound.
[ego_planner_node-2] iter=5,time(ms)=0.019,rebound.
[ego_planner_node-2] iter=25,time(ms)=0.071,rebound.
[ego_planner_node-2] [32miter(+1)=13,time(ms)=0.024, collided, keep optimizing
[ego_planner_node-2] [0m[32miter(+1)=14,time(ms)=0.027, collided, keep optimizing
[ego_planner_node-2] [0miter=15,time(ms)=0.036,rebound.
[ego_planner_node-2] [32miter(+1)=18,time(ms)=0.036, collided, keep optimizing
[ego_planner_node-2] [0mtraj 1 failed.
[ego_planner_node-2] plan_success=0
[ego_planner_node-2] refine_success=0
[ego_planner_node-2] [WARN] [1772351485.062816290] [distinctiveTrajs]: Can't find the new base points at the opposite within the threshold. i=1, j=1
[ego_planner_node-2] [47;30m
[ego_planner_node-2] [drone 0 replan 68]==============================================[0m
[ego_planner_node-2] [1;33mmulti-trajs=2[1;0m
[ego_planner_node-2] iter=6,time(ms)=0.028,rebound.
[ego_planner_node-2] iter=13,time(ms)=0.22,rebound.
[ego_planner_node-2] iter=10,time(ms)=0.023,rebound.
[ego_planner_node-2] iter=14,time(ms)=0.15,rebound.
[ego_planner_node-2] iter=15,time(ms)=0.088,rebound.
[ego_planner_node-2] iter=143,time(ms)=0.37,rebound.
[ego_planner_node-2] [32miter(+1)=43,time(ms)=0.106, collided, keep optimizing
[ego_planner_node-2] [0miter=44,time(ms)=0.13,rebound.
[ego_planner_node-2] [ERROR] [1772351485.064394624] [Coord2Index]: Ran out of pool, index=-1 49 104, POOL_SIZE=160 160 160
[ego_planner_node-2] [ERROR] [1772351485.064411367] [AstarSearch]: Unable to handle the initial or end point, force return!
[ego_planner_node-2] [ERROR] [1772351485.064415035] [initControlPoints]: a star error, force return!
[ego_planner_node-2] [32miter(+1)=40,time(ms)=0.104, collided, keep optimizing
[ego_planner_node-2] [0m[32miter(+1)=60,time(ms)=0.167, collided, keep optimizing
[ego_planner_node-2] [0mtraj 1 failed.
[ego_planner_node-2] iter=6,time(ms)=0.027,rebound.
[ego_planner_node-2] iter=30,time(ms)=0.068,rebound.
[ego_planner_node-2] iter=20,time(ms)=0.045,rebound.
[ego_planner_node-2] iter=47,time(ms)=0.15,rebound.
[ego_planner_node-2] [32miter(+1)=93,time(ms)=0.236, collided, keep optimizing
[ego_planner_node-2] [0m[32miter(+1)=95,time(ms)=0.243, collided, keep optimizing
[ego_planner_node-2] [0miter=69,time(ms)=0.19,rebound.
[ego_planner_node-2] iter=39,time(ms)=0.1,rebound.
[ego_planner_node-2] [32miter(+1)=38,time(ms)=0.098, collided, keep optimizing
[ego_planner_node-2] [0mtraj 2 failed.
[ego_planner_node-2] plan_success=0
[ego_planner_node-2] refine_success=0
[ego_planner_node-2] [47;30m
[ego_planner_node-2] [drone 0 replan 69]==============================================[0m
[ego_planner_node-2] i=0 RichInfoSegs.size()=3
[ego_planner_node-2] RichInfoSegs[i].first.size=1
[ego_planner_node-2] RichInfoSegs[i].first.direction.size()=1
[ego_planner_node-2] RichInfoSegs[i].first.direction[0].size()=1
[ego_planner_node-2] RichInfoSegs[i].first.points.cols()=1
[ego_planner_node-2] RichInfoSegs[i].first.base_point.size()=1
[ego_planner_node-2] RichInfoSegs[i].first.base_point[0].size()=1
[ego_planner_node-2] base_point=-2.7 0.63  1.1 control point=-2.7 0.63  1.1
[ego_planner_node-2] i=0 RichInfoSegs.size()=2
[ego_planner_node-2] RichInfoSegs[i].first.size=1
[ego_planner_node-2] RichInfoSegs[i].first.direction.size()=1
[ego_planner_node-2] RichInfoSegs[i].first.direction[0].size()=1
[ego_planner_node-2] RichInfoSegs[i].first.points.cols()=1
[ego_planner_node-2] RichInfoSegs[i].first.base_point.size()=1
[ego_planner_node-2] RichInfoSegs[i].first.base_point[0].size()=1
[ego_planner_node-2] [1;33mmulti-trajs=2[1;0m
[ego_planner_node-2] [WARN] [1772351485.066404346] [distinctiveTrajs]: base_point and control point are too close!, 2
[ego_planner_node-2] [WARN] [1772351485.066423303] [distinctiveTrajs]: Can't find the new base points at the opposite within the threshold, 2. i=0
[ego_planner_node-2] iter=5,time(ms)=0.36,rebound.
[ego_planner_node-2] iter=15,time(ms)=0.065,rebound.
[ego_planner_node-2] iter=27,time(ms)=0.065,rebound.
[ego_planner_node-2] iter=12,time(ms)=0.042,rebound.
[ego_planner_node-2] iter=19,time(ms)=0.05,rebound.
[ego_planner_node-2] iter=10,time(ms)=0.025,rebound.
[ego_planner_node-2] iter=14,time(ms)=0.041,rebound.
[ego_planner_node-2] iter=30,time(ms)=0.077,rebound.
[ego_planner_node-2] [ERROR] [1772351485.067234828] [Coord2Index]: Ran out of pool, index=-1 16 91, POOL_SIZE=160 160 160
[ego_planner_node-2] [ERROR] [1772351485.067242757] [AstarSearch]: Unable to handle the initial or end point, force return!
[ego_planner_node-2] [ERROR] [1772351485.067245629] [check_collision_and_rebound]: a star error
[ego_planner_node-2] iter=29,time(ms)=0.089,rebound.
[ego_planner_node-2] iter=5,time(ms)=0.019,rebound.
[ego_planner_node-2] iter=5,time(ms)=0.02,rebound.
[ego_planner_node-2] [ERROR] [1772351485.067262254] [Coord2Index]: Ran out of pool, index=-1 17 91, POOL_SIZE=160 160 160
[ego_planner_node-2] [ERROR] [1772351485.067265172] [AstarSearch]: Unable to handle the initial or end point, force return!
[ego_planner_node-2] [ERROR] [1772351485.067267452] [check_collision_and_rebound]: a star error
[ego_planner_node-2] [ERROR] [1772351485.067283793] [Coord2Index]: Ran out of pool, index=-1 17 91, POOL_SIZE=160 160 160
[ego_planner_node-2] [ERROR] [1772351485.067286670] [AstarSearch]: Unable to handle the initial or end point, force return!
[ego_planner_node-2] [ERROR] [1772351485.067288813] [check_collision_and_rebound]: a star error
[ego_planner_node-2] [ERROR] [1772351485.067312271] [Coord2Index]: Ran out of pool, index=-1 17 91, POOL_SIZE=160 160 160
[ego_planner_node-2] [ERROR] [1772351485.067315116] [AstarSearch]: Unable to handle the initial or end point, force return!
[ego_planner_node-2] [ERROR] [1772351485.067317465] [initControlPoints]: a star error, force return!
[ego_planner_node-2] [ERROR] [1772351485.067330677] [Coord2Index]: Ran out of pool, index=-1 17 91, POOL_SIZE=160 160 160
[ego_planner_node-2] [ERROR] [1772351485.067333552] [AstarSearch]: Unable to handle the initial or end point, force return!
[ego_planner_node-2] [ERROR] [1772351485.067335800] [check_collision_and_rebound]: a star error
[ego_planner_node-2] [ERROR] [1772351485.067352455] [Coord2Index]: Ran out of pool, index=-1 16 90, POOL_SIZE=160 160 160
[ego_planner_node-2] [ERROR] [1772351485.067355220] [AstarSearch]: Unable to handle the initial or end point, force return!
[ego_planner_node-2] [ERROR] [1772351485.067371778] [check_collision_and_rebound]: a star error
[ego_planner_node-2] [32miter(+1)=4,time(ms)=0.007, collided, keep optimizing
[ego_planner_node-2] [0miter=5,time(ms)=0.019,rebound.
[ego_planner_node-2] iter=5,time(ms)=0.035,rebound.
[ego_planner_node-2] iter=5,time(ms)=0.016,rebound.
[ego_planner_node-2] [32miter(+1)=65,time(ms)=0.171, collided, keep optimizing
[ego_planner_node-2] [0m[32miter(+1)=65,time(ms)=0.182, collided, keep optimizing
[ego_planner_node-2] [0mtraj 1 failed.
[ego_planner_node-2] iter=5,time(ms)=0.37,rebound.
[ego_planner_node-2] iter=12,time(ms)=0.033,rebound.
[ego_planner_node-2] iter=30,time(ms)=0.077,rebound.
[ego_planner_node-2] iter=35,time(ms)=0.086,rebound.
[ego_planner_node-2] [32miter(+1)=62,time(ms)=0.156, collided, keep optimizing
[ego_planner_node-2] [0miter=12,time(ms)=0.032,rebound.
[ego_planner_node-2] iter=15,time(ms)=0.036,rebound.
[ego_planner_node-2] iter=27,time(ms)=0.077,rebound.
[ego_planner_node-2] iter=13,time(ms)=0.037,rebound.
[ego_planner_node-2] iter=35,time(ms)=0.16,rebound.
[ego_planner_node-2] iter=48,time(ms)=0.14,rebound.
[ego_planner_node-2] [32miter(+1)=65,time(ms)=0.173, collided, keep optimizing
[ego_planner_node-2] [0m[32miter(+1)=57,time(ms)=0.152, collided, keep optimizing
[ego_planner_node-2] [0mtraj 2 failed.
[ego_planner_node-2] plan_success=0
[ego_planner_node-2] refine_success=0
[ego_planner_node-2] [SAFETY]: from EXEC_TRAJ to EMERGENCY_STOP
[ego_planner_node-2] [WARN] [1772351485.069391183] [drone_0_ego_planner_node]: Suddenly discovered obstacles. emergency stop! time=0.440000
[ego_planner_node-2] [FSM]: from EMERGENCY_STOP to GEN_NEW_TRAJ
[ego_planner_node-2] [47;30m
[ego_planner_node-2] [drone 0 replan 70]==============================================[0m
[ego_planner_node-2] [1;33mmulti-trajs=4[1;0m
[ego_planner_node-2] iter=5,time(ms)=0.029,rebound.
[ego_planner_node-2] iter=15,time(ms)=0.15,rebound.
[ego_planner_node-2] iter=16,time(ms)=0.04,rebound.
[ego_planner_node-2] iter=14,time(ms)=0.036,rebound.
[ego_planner_node-2] iter=13,time(ms)=0.034,rebound.
[ego_planner_node-2] iter=36,time(ms)=0.1,rebound.
[ego_planner_node-2] [32miter(+1)=40,time(ms)=0.100, collided, keep optimizing
[ego_planner_node-2] [0m[32miter(+1)=48,time(ms)=0.133, collided, keep optimizing
[ego_planner_node-2] [0m[32miter(+1)=47,time(ms)=0.143, collided, keep optimizing
[ego_planner_node-2] [0mtraj 1 failed.
[ego_planner_node-2] iter=5,time(ms)=0.018,rebound.
[ego_planner_node-2] iter=11,time(ms)=0.035,rebound.
[ego_planner_node-2] iter=16,time(ms)=0.058,rebound.
[ego_planner_node-2] iter=18,time(ms)=0.067,rebound.
[ego_planner_node-2] iter=71,time(ms)=0.26,rebound.
[ego_planner_node-2] [32miter(+1)=53,time(ms)=0.273, collided, keep optimizing
[ego_planner_node-2] [0miter=15,time(ms)=0.11,rebound.
[ego_planner_node-2] iter=24,time(ms)=0.17,rebound.
[ego_planner_node-2] [32miter(+1)=45,time(ms)=0.324, collided, keep optimizing
[ego_planner_node-2] [0m[32miter(+1)=36,time(ms)=0.239,total_t(ms)=1.651,cost=6.757
[ego_planner_node-2] [0mtraj 2 success.
[ego_planner_node-2] iter=5,time(ms)=0.041,rebound.
[ego_planner_node-2] iter=15,time(ms)=0.41,rebound.
[ego_planner_node-2] iter=10,time(ms)=0.075,rebound.
[ego_planner_node-2] iter=21,time(ms)=0.14,rebound.
[ego_planner_node-2] iter=20,time(ms)=0.13,rebound.
[ego_planner_node-2] iter=47,time(ms)=0.36,rebound.
[ego_planner_node-2] [32miter(+1)=53,time(ms)=0.258, collided, keep optimizing
[ego_planner_node-2] [0miter=123,time(ms)=0.44,rebound.
[ego_planner_node-2] [32miter(+1)=75,time(ms)=0.567, collided, keep optimizing
[ego_planner_node-2] [0m[32miter(+1)=51,time(ms)=0.134, collided, keep optimizing
[ego_planner_node-2] [0mtraj 3 failed.
[ego_planner_node-2] iter=5,time(ms)=0.015,rebound.
[ego_planner_node-2] iter=17,time(ms)=0.049,rebound.
[ego_planner_node-2] iter=28,time(ms)=0.066,rebound.
[ego_planner_node-2] iter=25,time(ms)=0.061,rebound.
[ego_planner_node-2] [32miter(+1)=70,time(ms)=0.170, collided, keep optimizing
[ego_planner_node-2] [0miter=36,time(ms)=0.086,rebound.
[ego_planner_node-2] [32miter(+1)=14,time(ms)=0.026, collided, keep optimizing
[ego_planner_node-2] [0miter=79,time(ms)=0.24,rebound.
[ego_planner_node-2] [32miter(+1)=61,time(ms)=0.160,total_t(ms)=0.902,cost=5.159
[ego_planner_node-2] [0mtraj 4 success.
[ego_planner_node-2] plan_success=1
[ego_planner_node-2] Need to reallocate time.
[ego_planner_node-2] [34mThis refined trajectory hits obstacles. It doesn't matter if appeares occasionally. But if continously appearing, Increase parameter "lambda_fitness".
[ego_planner_node-2] [0mrefine_success=0
[ego_planner_node-2] [47;30m
[ego_planner_node-2] [drone 0 replan 71]==============================================[0m
[ego_planner_node-2] [1;33mmulti-trajs=4[1;0m
[ego_planner_node-2] iter=5,time(ms)=0.056,rebound.
[ego_planner_node-2] iter=15,time(ms)=0.23,rebound.
[ego_planner_node-2] iter=16,time(ms)=0.064,rebound.
[ego_planner_node-2] iter=14,time(ms)=0.063,rebound.
[ego_planner_node-2] iter=13,time(ms)=0.052,rebound.
[ego_planner_node-2] iter=36,time(ms)=0.15,rebound.
[ego_planner_node-2] [32miter(+1)=40,time(ms)=0.149, collided, keep optimizing
[ego_planner_node-2] [0m[32miter(+1)=48,time(ms)=0.179, collided, keep optimizing
[ego_planner_node-2] [0m[32miter(+1)=47,time(ms)=0.183, collided, keep optimizing
[ego_planner_node-2] [0mtraj 1 failed.
[ego_planner_node-2] iter=5,time(ms)=0.023,rebound.
[ego_planner_node-2] iter=11,time(ms)=0.044,rebound.
[ego_planner_node-2] iter=16,time(ms)=0.07,rebound.
[ego_planner_node-2] iter=18,time(ms)=0.074,rebound.
[ego_planner_node-2] iter=71,time(ms)=0.3,rebound.
[ego_planner_node-2] [32miter(+1)=53,time(ms)=0.191, collided, keep optimizing
[ego_planner_node-2] [0miter=15,time(ms)=0.056,rebound.
[ego_planner_node-2] iter=24,time(ms)=0.09,rebound.
[ego_planner_node-2] [32miter(+1)=45,time(ms)=0.168, collided, keep optimizing
[ego_planner_node-2] [0m[32miter(+1)=36,time(ms)=0.132,total_t(ms)=1.206,cost=6.757
[ego_planner_node-2] [0mtraj 2 success.
[ego_planner_node-2] iter=5,time(ms)=0.023,rebound.
[ego_planner_node-2] iter=15,time(ms)=0.21,rebound.
[ego_planner_node-2] iter=10,time(ms)=0.038,rebound.
[ego_planner_node-2] iter=21,time(ms)=0.073,rebound.
[ego_planner_node-2] iter=20,time(ms)=0.068,rebound.
[ego_planner_node-2] iter=47,time(ms)=0.18,rebound.
[ego_planner_node-2] [32miter(+1)=53,time(ms)=0.191, collided, keep optimizing
[ego_planner_node-2] [0miter=123,time(ms)=0.38,rebound.
[ego_planner_node-2] [32miter(+1)=75,time(ms)=0.193, collided, keep optimizing
[ego_planner_node-2] [0m[32miter(+1)=51,time(ms)=0.132, collided, keep optimizing
[ego_planner_node-2] [0mtraj 3 failed.
[ego_planner_node-2] iter=5,time(ms)=0.014,rebound.
[ego_planner_node-2] iter=17,time(ms)=0.047,rebound.
[ego_planner_node-2] iter=28,time(ms)=0.065,rebound.
[ego_planner_node-2] iter=25,time(ms)=0.06,rebound.
[ego_planner_node-2] [32miter(+1)=70,time(ms)=0.162, collided, keep optimizing
[ego_planner_node-2] [0miter=36,time(ms)=0.091,rebound.
[ego_planner_node-2] [32miter(+1)=14,time(ms)=0.025, collided, keep optimizing
[ego_planner_node-2] [0miter=79,time(ms)=0.22,rebound.
[ego_planner_node-2] [32miter(+1)=61,time(ms)=0.155,total_t(ms)=0.867,cost=5.159
[ego_planner_node-2] [0mtraj 4 success.
[ego_planner_node-2] plan_success=1
[ego_planner_node-2] Need to reallocate time.
[ego_planner_node-2] [34mThis refined trajectory hits obstacles. It doesn't matter if appeares occasionally. But if continously appearing, Increase parameter "lambda_fitness".
[ego_planner_node-2] [0mrefine_success=0
[ego_planner_node-2] [47;30m
[ego_planner_node-2] [drone 0 replan 72]==============================================[0m
[ego_planner_node-2] [1;33mmulti-trajs=4[1;0m
[ego_planner_node-2] iter=5,time(ms)=0.019,rebound.
[ego_planner_node-2] iter=15,time(ms)=0.16,rebound.
[ego_planner_node-2] iter=16,time(ms)=0.039,rebound.
[ego_planner_node-2] iter=14,time(ms)=0.035,rebound.
[ego_planner_node-2] iter=13,time(ms)=0.033,rebound.
[ego_planner_node-2] iter=36,time(ms)=0.11,rebound.
[ego_planner_node-2] [32miter(+1)=40,time(ms)=0.107, collided, keep optimizing
[ego_planner_node-2] [0m[32miter(+1)=48,time(ms)=0.117, collided, keep optimizing
[ego_planner_node-2] [0m[32miter(+1)=47,time(ms)=0.118, collided, keep optimizing
[ego_planner_node-2] [0mtraj 1 failed.
[ego_planner_node-2] iter=5,time(ms)=0.015,rebound.
[ego_planner_node-2] iter=11,time(ms)=0.027,rebound.
[ego_planner_node-2] iter=16,time(ms)=0.045,rebound.
[ego_planner_node-2] iter=18,time(ms)=0.049,rebound.
[ego_planner_node-2] iter=71,time(ms)=0.2,rebound.
[ego_planner_node-2] [32miter(+1)=53,time(ms)=0.125, collided, keep optimizing
[ego_planner_node-2] [0miter=15,time(ms)=0.036,rebound.
[ego_planner_node-2] iter=24,time(ms)=0.058,rebound.
[ego_planner_node-2] [32miter(+1)=45,time(ms)=0.111, collided, keep optimizing
[ego_planner_node-2] [0m[32miter(+1)=36,time(ms)=0.087,total_t(ms)=0.789,cost=6.757
[ego_planner_node-2] [0mtraj 2 success.
[ego_planner_node-2] iter=5,time(ms)=0.015,rebound.
[ego_planner_node-2] iter=15,time(ms)=0.15,rebound.
[ego_planner_node-2] iter=10,time(ms)=0.022,rebound.
[ego_planner_node-2] iter=21,time(ms)=0.048,rebound.
[ego_planner_node-2] iter=20,time(ms)=0.044,rebound.
[ego_planner_node-2] iter=47,time(ms)=0.12,rebound.
[ego_planner_node-2] [32miter(+1)=53,time(ms)=0.128, collided, keep optimizing
[ego_planner_node-2] [0miter=123,time(ms)=0.3,rebound.
[ego_planner_node-2] [32miter(+1)=75,time(ms)=0.191, collided, keep optimizing
[ego_planner_node-2] [0m[32miter(+1)=51,time(ms)=0.132, collided, keep optimizing
[ego_planner_node-2] [0mtraj 3 failed.
[ego_planner_node-2] iter=5,time(ms)=0.014,rebound.
[ego_planner_node-2] iter=17,time(ms)=0.048,rebound.
[ego_planner_node-2] iter=28,time(ms)=0.072,rebound.
[ego_planner_node-2] iter=25,time(ms)=0.06,rebound.
[ego_planner_node-2] [32miter(+1)=70,time(ms)=0.162, collided, keep optimizing
[ego_planner_node-2] [0miter=36,time(ms)=0.084,rebound.
[ego_planner_node-2] [32miter(+1)=14,time(ms)=0.025, collided, keep optimizing
[ego_planner_node-2] [0miter=79,time(ms)=0.22,rebound.
[ego_planner_node-2] [32miter(+1)=61,time(ms)=0.157,total_t(ms)=0.868,cost=5.159
[ego_planner_node-2] [0mtraj 4 success.
[ego_planner_node-2] plan_success=1
[ego_planner_node-2] Need to reallocate time.
[ego_planner_node-2] [34mThis refined trajectory hits obstacles. It doesn't matter if appeares occasionally. But if continously appearing, Increase parameter "lambda_fitness".
[ego_planner_node-2] [0mrefine_success=0
[ego_planner_node-2] [47;30m
[ego_planner_node-2] [drone 0 replan 73]==============================================[0m
[ego_planner_node-2] [1;33mmulti-trajs=4[1;0m
[ego_planner_node-2] iter=5,time(ms)=0.018,rebound.
[ego_planner_node-2] iter=15,time(ms)=0.15,rebound.
[ego_planner_node-2] iter=16,time(ms)=0.037,rebound.
[ego_planner_node-2] iter=14,time(ms)=0.035,rebound.
[ego_planner_node-2] iter=13,time(ms)=0.033,rebound.
[ego_planner_node-2] iter=36,time(ms)=0.098,rebound.
[ego_planner_node-2] [32miter(+1)=40,time(ms)=0.097, collided, keep optimizing
[ego_planner_node-2] [0m[32miter(+1)=48,time(ms)=0.117, collided, keep optimizing
[ego_planner_node-2] [0m[32miter(+1)=47,time(ms)=0.119, collided, keep optimizing
[ego_planner_node-2] [0mtraj 1 failed.
[ego_planner_node-2] iter=5,time(ms)=0.015,rebound.
[ego_planner_node-2] iter=11,time(ms)=0.032,rebound.
[ego_planner_node-2] iter=16,time(ms)=0.046,rebound.
[ego_planner_node-2] iter=18,time(ms)=0.049,rebound.
[ego_planner_node-2] iter=71,time(ms)=0.2,rebound.
[ego_planner_node-2] [32miter(+1)=53,time(ms)=0.126, collided, keep optimizing
[ego_planner_node-2] [0miter=15,time(ms)=0.036,rebound.
[ego_planner_node-2] iter=24,time(ms)=0.059,rebound.
[ego_planner_node-2] [32miter(+1)=45,time(ms)=0.113, collided, keep optimizing
[ego_planner_node-2] [0m[32miter(+1)=36,time(ms)=0.088,total_t(ms)=0.804,cost=6.757
[ego_planner_node-2] [0mtraj 2 success.
[ego_planner_node-2] iter=5,time(ms)=0.014,rebound.
[ego_planner_node-2] iter=15,time(ms)=0.15,rebound.
[ego_planner_node-2] iter=10,time(ms)=0.022,rebound.
[ego_planner_node-2] iter=21,time(ms)=0.05,rebound.
[ego_planner_node-2] iter=20,time(ms)=0.044,rebound.
[ego_planner_node-2] iter=47,time(ms)=0.12,rebound.
[ego_planner_node-2] [32miter(+1)=53,time(ms)=0.126, collided, keep optimizing
[ego_planner_node-2] [0miter=123,time(ms)=0.3,rebound.
[ego_planner_node-2] [32miter(+1)=75,time(ms)=0.193, collided, keep optimizing
[ego_planner_node-2] [0m[32miter(+1)=51,time(ms)=0.133, collided, keep optimizing
[ego_planner_node-2] [0mtraj 3 failed.
[ego_planner_node-2] iter=5,time(ms)=0.014,rebound.
[ego_planner_node-2] iter=17,time(ms)=0.046,rebound.
[ego_planner_node-2] iter=28,time(ms)=0.065,rebound.
[ego_planner_node-2] iter=25,time(ms)=0.059,rebound.
[ego_planner_node-2] [32miter(+1)=70,time(ms)=0.163, collided, keep optimizing
[ego_planner_node-2] [0miter=36,time(ms)=0.085,rebound.
[ego_planner_node-2] [32miter(+1)=14,time(ms)=0.025, collided, keep optimizing
[ego_planner_node-2] [0miter=79,time(ms)=0.22,rebound.
[ego_planner_node-2] [32miter(+1)=61,time(ms)=0.156,total_t(ms)=0.858,cost=5.159
[ego_planner_node-2] [0mtraj 4 success.
[ego_planner_node-2] plan_success=1
[ego_planner_node-2] Need to reallocate time.
[ego_planner_node-2] [34mThis refined trajectory hits obstacles. It doesn't matter if appeares occasionally. But if continously appearing, Increase parameter "lambda_fitness".
[ego_planner_node-2] [0mrefine_success=0
[ego_planner_node-2] [47;30m
[ego_planner_node-2] [drone 0 replan 74]==============================================[0m
[ego_planner_node-2] [1;33mmulti-trajs=4[1;0m
[ego_planner_node-2] iter=5,time(ms)=0.018,rebound.
[ego_planner_node-2] iter=15,time(ms)=0.14,rebound.
[ego_planner_node-2] iter=16,time(ms)=0.038,rebound.
[ego_planner_node-2] iter=14,time(ms)=0.035,rebound.
[ego_planner_node-2] iter=13,time(ms)=0.033,rebound.
[ego_planner_node-2] iter=36,time(ms)=0.098,rebound.
[ego_planner_node-2] [32miter(+1)=40,time(ms)=0.098, collided, keep optimizing
[ego_planner_node-2] [0m[32miter(+1)=48,time(ms)=0.119, collided, keep optimizing
[ego_planner_node-2] [0m[32miter(+1)=47,time(ms)=0.118, collided, keep optimizing
[ego_planner_node-2] [0mtraj 1 failed.
[ego_planner_node-2] iter=5,time(ms)=0.014,rebound.
[ego_planner_node-2] iter=11,time(ms)=0.027,rebound.
[ego_planner_node-2] iter=16,time(ms)=0.045,rebound.
[ego_planner_node-2] iter=18,time(ms)=0.048,rebound.
[ego_planner_node-2] iter=71,time(ms)=0.2,rebound.
[ego_planner_node-2] [32miter(+1)=53,time(ms)=0.125, collided, keep optimizing
[ego_planner_node-2] [0miter=15,time(ms)=0.036,rebound.
[ego_planner_node-2] iter=24,time(ms)=0.058,rebound.
[ego_planner_node-2] [32miter(+1)=45,time(ms)=0.111, collided, keep optimizing
[ego_planner_node-2] [0m[32miter(+1)=36,time(ms)=0.086,total_t(ms)=0.782,cost=6.757
[ego_planner_node-2] [0mtraj 2 success.
[ego_planner_node-2] iter=5,time(ms)=0.014,rebound.
[ego_planner_node-2] iter=15,time(ms)=0.16,rebound.
[ego_planner_node-2] iter=10,time(ms)=0.025,rebound.
[ego_planner_node-2] iter=21,time(ms)=0.047,rebound.
[ego_planner_node-2] iter=20,time(ms)=0.043,rebound.
[ego_planner_node-2] iter=47,time(ms)=0.12,rebound.
[ego_planner_node-2] [32miter(+1)=53,time(ms)=0.144, collided, keep optimizing
[ego_planner_node-2] [0miter=123,time(ms)=0.3,rebound.
[ego_planner_node-2] [32miter(+1)=75,time(ms)=0.195, collided, keep optimizing
[ego_planner_node-2] [0m[32miter(+1)=51,time(ms)=0.131, collided, keep optimizing
[ego_planner_node-2] [0mtraj 3 failed.
[ego_planner_node-2] iter=5,time(ms)=0.014,rebound.
[ego_planner_node-2] iter=17,time(ms)=0.046,rebound.
[ego_planner_node-2] iter=28,time(ms)=0.064,rebound.
[ego_planner_node-2] iter=25,time(ms)=0.06,rebound.
[ego_planner_node-2] [32miter(+1)=70,time(ms)=0.162, collided, keep optimizing
[ego_planner_node-2] [0miter=36,time(ms)=0.086,rebound.
[ego_planner_node-2] [32miter(+1)=14,time(ms)=0.025, collided, keep optimizing
[ego_planner_node-2] [0miter=79,time(ms)=0.22,rebound.
[ego_planner_node-2] [32miter(+1)=61,time(ms)=0.160,total_t(ms)=0.868,cost=5.159
[ego_planner_node-2] [0mtraj 4 success.
[ego_planner_node-2] plan_success=1
[ego_planner_node-2] Need to reallocate time.
[ego_planner_node-2] [34mThis refined trajectory hits obstacles. It doesn't matter if appeares occasionally. But if continously appearing, Increase parameter "lambda_fitness".
[ego_planner_node-2] [0mrefine_success=0
[ego_planner_node-2] [47;30m
[ego_planner_node-2] [drone 0 replan 75]==============================================[0m
[ego_planner_node-2] [1;33mmulti-trajs=4[1;0m
[ego_planner_node-2] iter=5,time(ms)=0.018,rebound.
[ego_planner_node-2] iter=15,time(ms)=0.15,rebound.
[ego_planner_node-2] iter=16,time(ms)=0.038,rebound.
[ego_planner_node-2] iter=14,time(ms)=0.035,rebound.
[ego_planner_node-2] iter=13,time(ms)=0.034,rebound.
[ego_planner_node-2] iter=36,time(ms)=0.099,rebound.
[ego_planner_node-2] [32miter(+1)=40,time(ms)=0.102, collided, keep optimizing
[ego_planner_node-2] [0m[32miter(+1)=48,time(ms)=0.118, collided, keep optimizing
[ego_planner_node-2] [0m[32miter(+1)=47,time(ms)=0.121, collided, keep optimizing
[ego_planner_node-2] [0mtraj 1 failed.
[ego_planner_node-2] iter=5,time(ms)=0.015,rebound.
[ego_planner_node-2] iter=11,time(ms)=0.027,rebound.
[ego_planner_node-2] iter=16,time(ms)=0.046,rebound.
[ego_planner_node-2] iter=18,time(ms)=0.051,rebound.
[ego_planner_node-2] iter=71,time(ms)=0.23,rebound.
[ego_planner_node-2] [32miter(+1)=53,time(ms)=0.128, collided, keep optimizing
[ego_planner_node-2] [0miter=15,time(ms)=0.036,rebound.
[ego_planner_node-2] iter=24,time(ms)=0.062,rebound.
[ego_planner_node-2] [32miter(+1)=45,time(ms)=0.125, collided, keep optimizing
[ego_planner_node-2] [0m[32miter(+1)=36,time(ms)=0.087,total_t(ms)=0.848,cost=6.757
[ego_planner_node-2] [0mtraj 2 success.
[ego_planner_node-2] iter=5,time(ms)=0.015,rebound.
[ego_planner_node-2] iter=15,time(ms)=0.16,rebound.
[ego_planner_node-2] iter=10,time(ms)=0.023,rebound.
[ego_planner_node-2] iter=21,time(ms)=0.051,rebound.
[ego_planner_node-2] iter=20,time(ms)=0.043,rebound.
[ego_planner_node-2] iter=47,time(ms)=0.13,rebound.
[ego_planner_node-2] [32miter(+1)=53,time(ms)=0.130, collided, keep optimizing
[ego_planner_node-2] [0miter=123,time(ms)=0.31,rebound.
[ego_planner_node-2] [32miter(+1)=75,time(ms)=0.198, collided, keep optimizing
[ego_planner_node-2] [0m[32miter(+1)=51,time(ms)=0.132, collided, keep optimizing
[ego_planner_node-2] [0mtraj 3 failed.
[ego_planner_node-2] iter=5,time(ms)=0.014,rebound.
[ego_planner_node-2] iter=17,time(ms)=0.052,rebound.
[ego_planner_node-2] iter=28,time(ms)=0.068,rebound.
[ego_planner_node-2] iter=25,time(ms)=0.065,rebound.
[ego_planner_node-2] [32miter(+1)=70,time(ms)=0.168, collided, keep optimizing
[ego_planner_node-2] [0miter=36,time(ms)=0.085,rebound.
[ego_planner_node-2] [32miter(+1)=14,time(ms)=0.024, collided, keep optimizing
[ego_planner_node-2] [0miter=79,time(ms)=0.23,rebound.
[ego_planner_node-2] [32miter(+1)=61,time(ms)=0.162,total_t(ms)=0.897,cost=5.159
[ego_planner_node-2] [0mtraj 4 success.
[ego_planner_node-2] plan_success=1
[ego_planner_node-2] Need to reallocate time.
[ego_planner_node-2] [34mThis refined trajectory hits obstacles. It doesn't matter if appeares occasionally. But if continously appearing, Increase parameter "lambda_fitness".
[ego_planner_node-2] [0mrefine_success=0
[ego_planner_node-2] [47;30m
[ego_planner_node-2] [drone 0 replan 76]==============================================[0m
[ego_planner_node-2] [1;33mmulti-trajs=4[1;0m
[ego_planner_node-2] iter=5,time(ms)=0.019,rebound.
[ego_planner_node-2] iter=15,time(ms)=0.16,rebound.
[ego_planner_node-2] iter=16,time(ms)=0.038,rebound.
[ego_planner_node-2] iter=14,time(ms)=0.038,rebound.
[ego_planner_node-2] iter=13,time(ms)=0.034,rebound.
[ego_planner_node-2] iter=36,time(ms)=0.1,rebound.
[ego_planner_node-2] [32miter(+1)=40,time(ms)=0.104, collided, keep optimizing
[ego_planner_node-2] [0m[32miter(+1)=48,time(ms)=0.117, collided, keep optimizing
[ego_planner_node-2] [0m[32miter(+1)=47,time(ms)=0.118, collided, keep optimizing
[ego_planner_node-2] [0mtraj 1 failed.
[ego_planner_node-2] iter=5,time(ms)=0.015,rebound.
[ego_planner_node-2] iter=11,time(ms)=0.027,rebound.
[ego_planner_node-2] iter=16,time(ms)=0.057,rebound.
[ego_planner_node-2] iter=18,time(ms)=0.048,rebound.
[ego_planner_node-2] iter=71,time(ms)=0.21,rebound.
[ego_planner_node-2] [32miter(+1)=53,time(ms)=0.145, collided, keep optimizing
[ego_planner_node-2] [0miter=15,time(ms)=0.037,rebound.
[ego_planner_node-2] iter=24,time(ms)=0.063,rebound.
[ego_planner_node-2] [32miter(+1)=45,time(ms)=0.120, collided, keep optimizing
[ego_planner_node-2] [0m[32miter(+1)=36,time(ms)=0.086,total_t(ms)=0.853,cost=6.757
[ego_planner_node-2] [0mtraj 2 success.
[ego_planner_node-2] iter=5,time(ms)=0.015,rebound.
[ego_planner_node-2] iter=15,time(ms)=0.16,rebound.
[ego_planner_node-2] iter=10,time(ms)=0.023,rebound.
[ego_planner_node-2] iter=21,time(ms)=0.051,rebound.
[ego_planner_node-2] iter=20,time(ms)=0.044,rebound.
[ego_planner_node-2] iter=47,time(ms)=0.13,rebound.
[ego_planner_node-2] [32miter(+1)=53,time(ms)=0.129, collided, keep optimizing
[ego_planner_node-2] [0miter=123,time(ms)=0.3,rebound.
[ego_planner_node-2] [32miter(+1)=75,time(ms)=0.198, collided, keep optimizing
[ego_planner_node-2] [0m[32miter(+1)=51,time(ms)=0.132, collided, keep optimizing
[ego_planner_node-2] [0mtraj 3 failed.
[ego_planner_node-2] iter=5,time(ms)=0.014,rebound.
[ego_planner_node-2] iter=17,time(ms)=0.051,rebound.
[ego_planner_node-2] iter=28,time(ms)=0.069,rebound.
[ego_planner_node-2] iter=25,time(ms)=0.065,rebound.
[ego_planner_node-2] [32miter(+1)=70,time(ms)=0.184, collided, keep optimizing
[ego_planner_node-2] [0miter=36,time(ms)=0.085,rebound.
[ego_planner_node-2] [32miter(+1)=14,time(ms)=0.025, collided, keep optimizing
[ego_planner_node-2] [0miter=79,time(ms)=0.24,rebound.
[ego_planner_node-2] [32miter(+1)=61,time(ms)=0.158,total_t(ms)=0.930,cost=5.159
[ego_planner_node-2] [0mtraj 4 success.
[ego_planner_node-2] plan_success=1
[ego_planner_node-2] Need to reallocate time.
[ego_planner_node-2] [34mThis refined trajectory hits obstacles. It doesn't matter if appeares occasionally. But if continously appearing, Increase parameter "lambda_fitness".
[ego_planner_node-2] [0mrefine_success=0
[ego_planner_node-2] [47;30m
[ego_planner_node-2] [drone 0 replan 77]==============================================[0m
[ego_planner_node-2] [1;33mmulti-trajs=4[1;0m
[ego_planner_node-2] iter=5,time(ms)=0.018,rebound.
[ego_planner_node-2] iter=15,time(ms)=0.15,rebound.
[ego_planner_node-2] iter=16,time(ms)=0.038,rebound.
[ego_planner_node-2] iter=14,time(ms)=0.036,rebound.
[ego_planner_node-2] iter=13,time(ms)=0.034,rebound.
[ego_planner_node-2] iter=36,time(ms)=0.1,rebound.
[ego_planner_node-2] [32miter(+1)=40,time(ms)=0.098, collided, keep optimizing
[ego_planner_node-2] [0m[32miter(+1)=48,time(ms)=0.118, collided, keep optimizing
[ego_planner_node-2] [0m[32miter(+1)=47,time(ms)=0.123, collided, keep optimizing
[ego_planner_node-2] [0mtraj 1 failed.
[ego_planner_node-2] iter=5,time(ms)=0.015,rebound.
[ego_planner_node-2] iter=11,time(ms)=0.028,rebound.
[ego_planner_node-2] iter=16,time(ms)=0.046,rebound.
[ego_planner_node-2] iter=18,time(ms)=0.049,rebound.
[ego_planner_node-2] iter=71,time(ms)=0.27,rebound.
[ego_planner_node-2] [32miter(+1)=53,time(ms)=0.150, collided, keep optimizing
[ego_planner_node-2] [0miter=15,time(ms)=0.044,rebound.
[ego_planner_node-2] iter=24,time(ms)=0.068,rebound.
[ego_planner_node-2] [32miter(+1)=45,time(ms)=0.129, collided, keep optimizing
[ego_planner_node-2] [0m[32miter(+1)=36,time(ms)=0.107,total_t(ms)=0.958,cost=6.757
[ego_planner_node-2] [0mtraj 2 success.
[ego_planner_node-2] iter=5,time(ms)=0.02,rebound.
[ego_planner_node-2] iter=15,time(ms)=0.19,rebound.
[ego_planner_node-2] iter=10,time(ms)=0.029,rebound.
[ego_planner_node-2] iter=21,time(ms)=0.06,rebound.
[ego_planner_node-2] iter=20,time(ms)=0.056,rebound.
[ego_planner_node-2] iter=47,time(ms)=0.14,rebound.
[ego_planner_node-2] [32miter(+1)=53,time(ms)=0.157, collided, keep optimizing
[ego_planner_node-2] [0miter=123,time(ms)=0.38,rebound.
[ego_planner_node-2] [32miter(+1)=75,time(ms)=0.237, collided, keep optimizing
[ego_planner_node-2] [0m[32miter(+1)=51,time(ms)=0.162, collided, keep optimizing
[ego_planner_node-2] [0mtraj 3 failed.
[ego_planner_node-2] iter=5,time(ms)=0.018,rebound.
[ego_planner_node-2] iter=17,time(ms)=0.06,rebound.
[ego_planner_node-2] iter=28,time(ms)=0.081,rebound.
[ego_planner_node-2] iter=25,time(ms)=0.074,rebound.
[ego_planner_node-2] [32miter(+1)=70,time(ms)=0.206, collided, keep optimizing
[ego_planner_node-2] [0miter=36,time(ms)=0.11,rebound.
[ego_planner_node-2] [32miter(+1)=14,time(ms)=0.031, collided, keep optimizing
[ego_planner_node-2] [0miter=79,time(ms)=0.27,rebound.
[ego_planner_node-2] [32miter(+1)=61,time(ms)=0.190,total_t(ms)=1.070,cost=5.159
[ego_planner_node-2] [0mtraj 4 success.
[ego_planner_node-2] plan_success=1
[ego_planner_node-2] Need to reallocate time.
[ego_planner_node-2] [34mThis refined trajectory hits obstacles. It doesn't matter if appeares occasionally. But if continously appearing, Increase parameter "lambda_fitness".
[ego_planner_node-2] [0mrefine_success=0
[ego_planner_node-2] [47;30m
[ego_planner_node-2] [drone 0 replan 78]==============================================[0m
[ego_planner_node-2] [1;33mmulti-trajs=4[1;0m
[ego_planner_node-2] iter=5,time(ms)=0.023,rebound.
[ego_planner_node-2] iter=15,time(ms)=0.16,rebound.
[ego_planner_node-2] iter=16,time(ms)=0.039,rebound.
[ego_planner_node-2] iter=14,time(ms)=0.035,rebound.
[ego_planner_node-2] iter=13,time(ms)=0.043,rebound.
[ego_planner_node-2] iter=36,time(ms)=0.11,rebound.
[ego_planner_node-2] [32miter(+1)=40,time(ms)=0.097, collided, keep optimizing
[ego_planner_node-2] [0m[32miter(+1)=48,time(ms)=0.125, collided, keep optimizing
[ego_planner_node-2] [0m[32miter(+1)=47,time(ms)=0.151, collided, keep optimizing
[ego_planner_node-2] [0mtraj 1 failed.
[ego_planner_node-2] iter=5,time(ms)=0.017,rebound.
[ego_planner_node-2] iter=11,time(ms)=0.031,rebound.
[ego_planner_node-2] iter=16,time(ms)=0.052,rebound.
[ego_planner_node-2] iter=18,time(ms)=0.06,rebound.
[ego_planner_node-2] iter=71,time(ms)=0.26,rebound.
[ego_planner_node-2] [32miter(+1)=53,time(ms)=0.153, collided, keep optimizing
[ego_planner_node-2] [0miter=15,time(ms)=0.054,rebound.
[ego_planner_node-2] iter=24,time(ms)=0.33,rebound.
[ego_planner_node-2] [32miter(+1)=45,time(ms)=0.719, collided, keep optimizing
[ego_planner_node-2] [0m[32miter(+1)=36,time(ms)=0.576,total_t(ms)=2.456,cost=6.757
[ego_planner_node-2] [0mtraj 2 success.
[ego_planner_node-2] iter=5,time(ms)=0.055,rebound.
[ego_planner_node-2] iter=15,time(ms)=0.34,rebound.
[ego_planner_node-2] iter=10,time(ms)=0.024,rebound.
[ego_planner_node-2] iter=21,time(ms)=0.057,rebound.
[ego_planner_node-2] iter=20,time(ms)=0.061,rebound.
[ego_planner_node-2] iter=47,time(ms)=0.15,rebound.
[ego_planner_node-2] [32miter(+1)=53,time(ms)=0.156, collided, keep optimizing
[ego_planner_node-2] [0miter=123,time(ms)=0.31,rebound.
[ego_planner_node-2] [32miter(+1)=75,time(ms)=0.196, collided, keep optimizing
[ego_planner_node-2] [0m[32miter(+1)=51,time(ms)=0.133, collided, keep optimizing
[ego_planner_node-2] [0mtraj 3 failed.
[ego_planner_node-2] iter=5,time(ms)=0.014,rebound.
[ego_planner_node-2] iter=17,time(ms)=0.049,rebound.
[ego_planner_node-2] iter=28,time(ms)=0.066,rebound.
[ego_planner_node-2] iter=25,time(ms)=0.061,rebound.
[ego_planner_node-2] [32miter(+1)=70,time(ms)=0.166, collided, keep optimizing
[ego_planner_node-2] [0miter=36,time(ms)=0.087,rebound.
[ego_planner_node-2] [32miter(+1)=14,time(ms)=0.025, collided, keep optimizing
[ego_planner_node-2] [0miter=79,time(ms)=0.23,rebound.
[ego_planner_node-2] [32miter(+1)=61,time(ms)=0.158,total_t(ms)=0.888,cost=5.159
[ego_planner_node-2] [0mtraj 4 success.
[ego_planner_node-2] plan_success=1
[ego_planner_node-2] Need to reallocate time.
[ego_planner_node-2] [34mThis refined trajectory hits obstacles. It doesn't matter if appeares occasionally. But if continously appearing, Increase parameter "lambda_fitness".
[ego_planner_node-2] [0mrefine_success=0
[ego_planner_node-2] [47;30m
[ego_planner_node-2] [drone 0 replan 79]==============================================[0m
[ego_planner_node-2] [1;33mmulti-trajs=4[1;0m
[ego_planner_node-2] iter=5,time(ms)=0.019,rebound.
[ego_planner_node-2] iter=15,time(ms)=0.15,rebound.
[ego_planner_node-2] iter=16,time(ms)=0.038,rebound.
[ego_planner_node-2] iter=14,time(ms)=0.041,rebound.
[ego_planner_node-2] iter=13,time(ms)=0.034,rebound.
[ego_planner_node-2] iter=36,time(ms)=0.099,rebound.
[ego_planner_node-2] [32miter(+1)=40,time(ms)=0.099, collided, keep optimizing
[ego_planner_node-2] [0m[32miter(+1)=48,time(ms)=0.118, collided, keep optimizing
[ego_planner_node-2] [0m[32miter(+1)=47,time(ms)=0.120, collided, keep optimizing
[ego_planner_node-2] [0mtraj 1 failed.
[ego_planner_node-2] iter=5,time(ms)=0.015,rebound.
[ego_planner_node-2] iter=11,time(ms)=0.027,rebound.
[ego_planner_node-2] iter=16,time(ms)=0.045,rebound.
[ego_planner_node-2] iter=18,time(ms)=0.048,rebound.
[ego_planner_node-2] iter=71,time(ms)=0.2,rebound.
[ego_planner_node-2] [32miter(+1)=53,time(ms)=0.127, collided, keep optimizing
[ego_planner_node-2] [0miter=15,time(ms)=0.037,rebound.
[ego_planner_node-2] iter=24,time(ms)=0.059,rebound.
[ego_planner_node-2] [32miter(+1)=45,time(ms)=0.112, collided, keep optimizing
[ego_planner_node-2] [0m[32miter(+1)=36,time(ms)=0.088,total_t(ms)=0.804,cost=6.757
[ego_planner_node-2] [0mtraj 2 success.
[ego_planner_node-2] iter=5,time(ms)=0.015,rebound.
[ego_planner_node-2] iter=15,time(ms)=0.15,rebound.
[ego_planner_node-2] iter=10,time(ms)=0.023,rebound.
[ego_planner_node-2] iter=21,time(ms)=0.048,rebound.
[ego_planner_node-2] iter=20,time(ms)=0.044,rebound.
[ego_planner_node-2] iter=47,time(ms)=0.12,rebound.
[ego_planner_node-2] [32miter(+1)=53,time(ms)=0.126, collided, keep optimizing
[ego_planner_node-2] [0miter=123,time(ms)=0.31,rebound.
[ego_planner_node-2] [32miter(+1)=75,time(ms)=0.195, collided, keep optimizing
[ego_planner_node-2] [0m[32miter(+1)=51,time(ms)=0.134, collided, keep optimizing
[ego_planner_node-2] [0mtraj 3 failed.
[ego_planner_node-2] iter=5,time(ms)=0.014,rebound.
[ego_planner_node-2] iter=17,time(ms)=0.047,rebound.
[ego_planner_node-2] iter=28,time(ms)=0.065,rebound.
[ego_planner_node-2] iter=25,time(ms)=0.06,rebound.
[ego_planner_node-2] [32miter(+1)=70,time(ms)=0.164, collided, keep optimizing
[ego_planner_node-2] [0miter=36,time(ms)=0.095,rebound.
[ego_planner_node-2] [32miter(+1)=14,time(ms)=0.034, collided, keep optimizing
[ego_planner_node-2] [0miter=79,time(ms)=0.23,rebound.
[ego_planner_node-2] [32miter(+1)=61,time(ms)=0.157,total_t(ms)=0.899,cost=5.159
[ego_planner_node-2] [0mtraj 4 success.
[ego_planner_node-2] plan_success=1
[ego_planner_node-2] Need to reallocate time.
[ego_planner_node-2] [34mThis refined trajectory hits obstacles. It doesn't matter if appeares occasionally. But if continously appearing, Increase parameter "lambda_fitness".
[ego_planner_node-2] [0mrefine_success=0
[ego_planner_node-2] [FSM]: from GEN_NEW_TRAJ to GEN_NEW_TRAJ
[ego_planner_node-2] [47;30m
[ego_planner_node-2] [drone 0 replan 80]==============================================[0m
[ego_planner_node-2] [1;33mmulti-trajs=8[1;0m
[ego_planner_node-2] iter=17,time(ms)=1,rebound.
[ego_planner_node-2] iter=66,time(ms)=0.27,rebound.
[ego_planner_node-2] iter=187,time(ms)=0.62,rebound.
[ego_planner_node-2] [32miter(+1)=215,time(ms)=0.743, collided, keep optimizing
[ego_planner_node-2] [0miter=176,time(ms)=0.69,rebound.
[ego_planner_node-2] [32miter(+1)=218,time(ms)=0.769, collided, keep optimizing
[ego_planner_node-2] [0miter=152,time(ms)=0.55,rebound.
[ego_planner_node-2] [32miter(+1)=207,time(ms)=0.765, collided, keep optimizing
[ego_planner_node-2] [0mtraj 1 failed.
[ego_planner_node-2] iter=18,time(ms)=0.19,rebound.
[ego_planner_node-2] iter=5,time(ms)=0.067,rebound.
[ego_planner_node-2] iter=67,time(ms)=0.23,rebound.
[ego_planner_node-2] iter=53,time(ms)=0.16,rebound.
[ego_planner_node-2] iter=145,time(ms)=0.49,rebound.
[ego_planner_node-2] [32miter(+1)=221,time(ms)=0.741, collided, keep optimizing
[ego_planner_node-2] [0miter=9,time(ms)=0.072,rebound.
[ego_planner_node-2] iter=26,time(ms)=0.088,rebound.
[ego_planner_node-2] iter=207,time(ms)=0.76,rebound.
[ego_planner_node-2] [32miter(+1)=217,time(ms)=0.793, collided, keep optimizing
[ego_planner_node-2] [0m[32miter(+1)=211,time(ms)=0.800, collided, keep optimizing
[ego_planner_node-2] [0mtraj 2 failed.
[ego_planner_node-2] iter=16,time(ms)=0.095,rebound.
[ego_planner_node-2] iter=8,time(ms)=0.33,rebound.
[ego_planner_node-2] iter=129,time(ms)=0.68,rebound.
[ego_planner_node-2] iter=81,time(ms)=0.26,rebound.
[ego_planner_node-2] [32miter(+1)=221,time(ms)=0.746, collided, keep optimizing
[ego_planner_node-2] [0miter=222,time(ms)=0.77,rebound.
[ego_planner_node-2] iter=53,time(ms)=0.19,rebound.
[ego_planner_node-2] [32miter(+1)=215,time(ms)=0.760, collided, keep optimizing
[ego_planner_node-2] [0miter=62,time(ms)=0.24,rebound.
[ego_planner_node-2] iter=22,time(ms)=0.076,rebound.
[ego_planner_node-2] [32miter(+1)=209,time(ms)=0.795, collided, keep optimizing
[ego_planner_node-2] [0mtraj 3 failed.
[ego_planner_node-2] iter=18,time(ms)=0.089,rebound.
[ego_planner_node-2] iter=8,time(ms)=0.17,rebound.
[ego_planner_node-2] iter=89,time(ms)=0.26,rebound.
[ego_planner_node-2] iter=72,time(ms)=0.51,rebound.
[ego_planner_node-2] [32miter(+1)=236,time(ms)=0.743, collided, keep optimizing
[ego_planner_node-2] [0miter=153,time(ms)=0.54,rebound.
[ego_planner_node-2] iter=52,time(ms)=0.2,rebound.
[ego_planner_node-2] iter=68,time(ms)=0.28,rebound.
[ego_planner_node-2] iter=155,time(ms)=0.56,rebound.
[ego_planner_node-2] [32miter(+1)=216,time(ms)=0.783, collided, keep optimizing
[ego_planner_node-2] [0m[32miter(+1)=210,time(ms)=0.803, collided, keep optimizing
[ego_planner_node-2] [0mtraj 4 failed.
[ego_planner_node-2] iter=17,time(ms)=0.58,rebound.
[ego_planner_node-2] iter=45,time(ms)=0.36,rebound.
[ego_planner_node-2] iter=71,time(ms)=0.24,rebound.
[ego_planner_node-2] iter=103,time(ms)=0.34,rebound.
[ego_planner_node-2] iter=110,time(ms)=0.38,rebound.
[ego_planner_node-2] [32miter(+1)=223,time(ms)=0.827, collided, keep optimizing
[ego_planner_node-2] [0miter=75,time(ms)=0.27,rebound.
[ego_planner_node-2] iter=34,time(ms)=0.12,rebound.
[ego_planner_node-2] iter=133,time(ms)=0.51,rebound.
[ego_planner_node-2] [ERROR] [1772351485.186314658] [Coord2Index]: Ran out of pool, index=160 64 130, POOL_SIZE=160 160 160
[ego_planner_node-2] [ERROR] [1772351485.186349529] [AstarSearch]: Unable to handle the initial or end point, force return!
[ego_planner_node-2] [ERROR] [1772351485.186354875] [initControlPoints]: a star error, force return!
[ego_planner_node-2] [32miter(+1)=150,time(ms)=0.557, collided, keep optimizing
[ego_planner_node-2] [0miter=154,time(ms)=0.58,rebound.
[ego_planner_node-2] [32miter(+1)=184,time(ms)=0.692, collided, keep optimizing
[ego_planner_node-2] [0mtraj 5 failed.
[ego_planner_node-2] iter=17,time(ms)=0.11,rebound.
[ego_planner_node-2] iter=5,time(ms)=0.19,rebound.
[ego_planner_node-2] iter=67,time(ms)=0.21,rebound.
[ego_planner_node-2] iter=38,time(ms)=0.1,rebound.
[ego_planner_node-2] iter=33,time(ms)=0.099,rebound.
[ego_planner_node-2] iter=88,time(ms)=0.29,rebound.
[ego_planner_node-2] iter=63,time(ms)=0.21,rebound.
[ego_planner_node-2] [32miter(+1)=223,time(ms)=0.761, collided, keep optimizing
[ego_planner_node-2] [0miter=5,time(ms)=0.016,rebound.
[ego_planner_node-2] [32miter(+1)=220,time(ms)=0.795, collided, keep optimizing
[ego_planner_node-2] [0m[32miter(+1)=216,time(ms)=0.782, collided, keep optimizing
[ego_planner_node-2] [0mtraj 6 failed.
[ego_planner_node-2] iter=17,time(ms)=0.42,rebound.
[ego_planner_node-2] iter=45,time(ms)=0.13,rebound.
[ego_planner_node-2] iter=140,time(ms)=0.47,rebound.
[ego_planner_node-2] iter=164,time(ms)=0.67,rebound.
[ego_planner_node-2] iter=49,time(ms)=0.22,rebound.
[ego_planner_node-2] iter=188,time(ms)=0.65,rebound.
[ego_planner_node-2] [32miter(+1)=132,time(ms)=0.598, collided, keep optimizing
[ego_planner_node-2] [0miter=161,time(ms)=0.64,rebound.
[ego_planner_node-2] [ERROR] [1772351485.195797540] [Coord2Index]: Ran out of pool, index=160 47 125, POOL_SIZE=160 160 160
[ego_planner_node-2] [ERROR] [1772351485.195816451] [AstarSearch]: Unable to handle the initial or end point, force return!
[ego_planner_node-2] [ERROR] [1772351485.195820625] [initControlPoints]: a star error, force return!
[ego_planner_node-2] [32miter(+1)=156,time(ms)=0.587, collided, keep optimizing
[ego_planner_node-2] [0miter=119,time(ms)=0.45,rebound.
[ego_planner_node-2] [32miter(+1)=220,time(ms)=0.848, collided, keep optimizing
[ego_planner_node-2] [0mtraj 7 failed.
[ego_planner_node-2] iter=18,time(ms)=0.2,rebound.
[ego_planner_node-2] iter=5,time(ms)=0.057,rebound.
[ego_planner_node-2] iter=44,time(ms)=0.12,rebound.
[ego_planner_node-2] iter=144,time(ms)=0.49,rebound.
[ego_planner_node-2] iter=185,time(ms)=0.66,rebound.
[ego_planner_node-2] [32miter(+1)=125,time(ms)=0.432, collided, keep optimizing
[ego_planner_node-2] [0miter=159,time(ms)=0.54,rebound.
[ego_planner_node-2] [32miter(+1)=198,time(ms)=0.703, collided, keep optimizing
[ego_planner_node-2] [0m[32miter(+1)=124,time(ms)=0.439, collided, keep optimizing
[ego_planner_node-2] [0mtraj 8 failed.
[ego_planner_node-2] plan_success=0
[ego_planner_node-2] refine_success=0
[ego_planner_node-2] [WARN] [1772351485.201452599] [distinctiveTrajs]: Can't find the new base points at the opposite within the threshold. i=0, j=0
[ego_planner_node-2] [WARN] [1772351485.201465384] [distinctiveTrajs]: Can't find the new base points at the opposite within the threshold. i=0, j=0
[ego_planner_node-2] [47;30m
[ego_planner_node-2] [drone 0 replan 81]==============================================[0m
[ego_planner_node-2] [1;33mmulti-trajs=1[1;0m
[ego_planner_node-2] iter=27,time(ms)=0.062,rebound.
[ego_planner_node-2] iter=9,time(ms)=0.04,rebound.
[ego_planner_node-2] iter=68,time(ms)=0.18,rebound.
[ego_planner_node-2] [32miter(+1)=37,time(ms)=0.085, collided, keep optimizing
[ego_planner_node-2] [0m[32miter(+1)=42,time(ms)=0.105,total_t(ms)=0.500,cost=1.280
[ego_planner_node-2] [0mtraj 1 success.
[ego_planner_node-2] plan_success=1
[ego_planner_node-2] total time:[42m0.0011[0m,optimize:0.0011,refine:1.6e-06,avg_time=0.002
[ego_planner_node-2] refine_success=1
[ego_planner_node-2] [FSM]: from GEN_NEW_TRAJ to EXEC_TRAJ
[ego_planner_node-2] [47;30m
[ego_planner_node-2] [drone 0 replan 82]==============================================[0m
[ego_planner_node-2] [1;33mmulti-trajs=1[1;0m
[ego_planner_node-2] iter=19,time(ms)=0.054,rebound.
[ego_planner_node-2] [ERROR] [1772351485.202340871] [Coord2Index]: Ran out of pool, index=-1 65 96, POOL_SIZE=160 160 160
[ego_planner_node-2] [ERROR] [1772351485.202359535] [AstarSearch]: Unable to handle the initial or end point, force return!
[ego_planner_node-2] [ERROR] [1772351485.202362978] [check_collision_and_rebound]: a star error
[ego_planner_node-2] iter=8,time(ms)=0.04,rebound.
[ego_planner_node-2] iter=5,time(ms)=0.017,rebound.
[ego_planner_node-2] [ERROR] [1772351485.202376683] [Coord2Index]: Ran out of pool, index=-1 65 95, POOL_SIZE=160 160 160
[ego_planner_node-2] [ERROR] [1772351485.202380027] [AstarSearch]: Unable to handle the initial or end point, force return!
[ego_planner_node-2] [ERROR] [1772351485.202382177] [check_collision_and_rebound]: a star error
[ego_planner_node-2] [32miter(+1)=6,time(ms)=0.008, collided, keep optimizing
[ego_planner_node-2] [0miter=5,time(ms)=0.037,rebound.
[ego_planner_node-2] iter=6,time(ms)=0.035,rebound.
[ego_planner_node-2] iter=28,time(ms)=0.068,rebound.
[ego_planner_node-2] iter=6,time(ms)=0.031,rebound.
[ego_planner_node-2] iter=15,time(ms)=0.035,rebound.
[ego_planner_node-2] iter=8,time(ms)=0.049,rebound.
[ego_planner_node-2] iter=14,time(ms)=0.058,rebound.
[ego_planner_node-2] [32miter(+1)=9,time(ms)=0.018,total_t(ms)=0.467,cost=1.263
[ego_planner_node-2] [0mtraj 1 success.
[ego_planner_node-2] plan_success=1
[ego_planner_node-2] total time:[42m0.00055[0m,optimize:0.00055,refine:1.5e-06,avg_time=0.002
[ego_planner_node-2] refine_success=1
[ego_planner_node-2] [SAFETY]: from EXEC_TRAJ to EXEC_TRAJ
[ego_planner_node-2] [WARN] [1772351485.212319597] [distinctiveTrajs]: Can't find the new base points at the opposite within the threshold. i=1, j=0
[ego_planner_node-2] [47;30m
[ego_planner_node-2] [drone 0 replan 83]==============================================[0m
[ego_planner_node-2] [1;33mmulti-trajs=2[1;0m
[ego_planner_node-2] iter=26,time(ms)=0.071,rebound.
[ego_planner_node-2] [WARN] [1772351485.212468216] [rebound_optimize]: First 3 control points in obstacles! return false, t=0.000000
[ego_planner_node-2] [WARN] [1772351485.212565242] [rebound_optimize]: First 3 control points in obstacles! return false, t=0.000000
[ego_planner_node-2] traj 1 failed.
[ego_planner_node-2] iter=27,time(ms)=0.06,rebound.
[ego_planner_node-2] traj 2 failed.
[ego_planner_node-2] plan_success=0
[ego_planner_node-2] refine_success=0
[ego_planner_node-2] [47;30m
[ego_planner_node-2] [drone 0 replan 84]==============================================[0m
[ego_planner_node-2] [1;33mmulti-trajs=4[1;0m
[ego_planner_node-2] iter=5,time(ms)=0.035,rebound.
[ego_planner_node-2] iter=17,time(ms)=0.12,rebound.
[ego_planner_node-2] iter=23,time(ms)=0.078,rebound.
[ego_planner_node-2] iter=38,time(ms)=0.098,rebound.
[ego_planner_node-2] traj 1 failed.
[ego_planner_node-2] [WARN] [1772351485.213717540] [rebound_optimize]: First 3 control points in obstacles! return false, t=0.000000
[ego_planner_node-2] iter=5,time(ms)=0.03,rebound.
[ego_planner_node-2] iter=9,time(ms)=0.16,rebound.
[ego_planner_node-2] iter=12,time(ms)=0.06,rebound.
[ego_planner_node-2] iter=16,time(ms)=0.04,rebound.
[ego_planner_node-2] iter=13,time(ms)=0.029,rebound.
[ego_planner_node-2] iter=19,time(ms)=0.09,rebound.
[ego_planner_node-2] iter=28,time(ms)=0.1,rebound.
[ego_planner_node-2] [WARN] [1772351485.214435186] [rebound_optimize]: First 3 control points in obstacles! return false, t=0.000000
[ego_planner_node-2] traj 2 failed.
[ego_planner_node-2] iter=5,time(ms)=0.026,rebound.
[ego_planner_node-2] iter=16,time(ms)=0.18,rebound.
[ego_planner_node-2] iter=5,time(ms)=0.016,rebound.
[ego_planner_node-2] [WARN] [1772351485.214841468] [rebound_optimize]: First 3 control points in obstacles! return false, t=0.000000
[ego_planner_node-2] traj 3 failed.
[ego_planner_node-2] iter=5,time(ms)=0.015,rebound.
[ego_planner_node-2] iter=9,time(ms)=0.13,rebound.
[ego_planner_node-2] iter=17,time(ms)=0.041,rebound.
[ego_planner_node-2] iter=13,time(ms)=0.032,rebound.
[ego_planner_node-2] iter=26,time(ms)=0.093,rebound.
[ego_planner_node-2] [WARN] [1772351485.215311617] [rebound_optimize]: First 3 control points in obstacles! return false, t=0.000000
[ego_planner_node-2] traj 4 failed.
[ego_planner_node-2] plan_success=0
[ego_planner_node-2] refine_success=0
[ego_planner_node-2] [WARN] [1772351485.215613534] [distinctiveTrajs]: Can't find the new base points at the opposite within the threshold. i=2, j=0
[ego_planner_node-2] [47;30m
[ego_planner_node-2] [drone 0 replan 85]==============================================[0m
[ego_planner_node-2] [1;33mmulti-trajs=4[1;0m
[ego_planner_node-2] iter=13,time(ms)=0.11,rebound.
[ego_planner_node-2] iter=9,time(ms)=0.11,rebound.
[ego_planner_node-2] iter=48,time(ms)=0.18,rebound.
[ego_planner_node-2] iter=214,time(ms)=0.78,rebound.
[ego_planner_node-2] iter=141,time(ms)=0.57,rebound.
[ego_planner_node-2] [WARN] [1772351485.217897709] [rebound_optimize]: First 3 control points in obstacles! return false, t=0.000000
[ego_planner_node-2] traj 1 failed.
[ego_planner_node-2] iter=13,time(ms)=0.11,rebound.
[ego_planner_node-2] iter=9,time(ms)=0.1,rebound.
[ego_planner_node-2] iter=35,time(ms)=0.11,rebound.
[ego_planner_node-2] iter=16,time(ms)=0.3,rebound.
[ego_planner_node-2] iter=25,time(ms)=0.084,rebound.
[ego_planner_node-2] [WARN] [1772351485.219442004] [rebound_optimize]: First 3 control points in obstacles! return false, t=0.000000
[ego_planner_node-2] traj 2 failed.
[ego_planner_node-2] iter=13,time(ms)=0.17,rebound.
[ego_planner_node-2] iter=60,time(ms)=0.2,rebound.
[ego_planner_node-2] iter=23,time(ms)=0.1,rebound.
[ego_planner_node-2] [WARN] [1772351485.220757474] [rebound_optimize]: First 3 control points in obstacles! return false, t=0.000000
[ego_planner_node-2] traj 3 failed.
[ego_planner_node-2] iter=15,time(ms)=0.18,rebound.
[ego_planner_node-2] iter=41,time(ms)=0.14,rebound.
[ego_planner_node-2] iter=27,time(ms)=0.13,rebound.
[ego_planner_node-2] [WARN] [1772351485.222045899] [rebound_optimize]: First 3 control points in obstacles! return false, t=0.000000
[ego_planner_node-2] traj 4 failed.
[ego_planner_node-2] plan_success=0
[ego_planner_node-2] refine_success=0
[ego_planner_node-2] [WARN] [1772351485.222066493] [drone_0_ego_planner_node]: Suddenly discovered obstacles. emergency stop! time=0.000000
[ego_planner_node-2] [SAFETY]: from EXEC_TRAJ to EMERGENCY_STOP
[ego_planner_node-2] [FSM]: from EMERGENCY_STOP to GEN_NEW_TRAJ
[ego_planner_node-2] [47;30m
[ego_planner_node-2] [drone 0 replan 86]==============================================[0m
[ego_planner_node-2] [1;33mmulti-trajs=4[1;0m
[ego_planner_node-2] iter=5,time(ms)=0.024,rebound.
[ego_planner_node-2] iter=11,time(ms)=0.039,rebound.
[ego_planner_node-2] iter=17,time(ms)=0.054,rebound.
[ego_planner_node-2] iter=20,time(ms)=0.085,rebound.
[ego_planner_node-2] [32miter(+1)=67,time(ms)=0.171, collided, keep optimizing
[ego_planner_node-2] [0miter=29,time(ms)=0.076,rebound.
[ego_planner_node-2] iter=100,time(ms)=0.28,rebound.
[ego_planner_node-2] iter=7,time(ms)=0.02,rebound.
[ego_planner_node-2] [32miter(+1)=79,time(ms)=0.214,total_t(ms)=1.343,cost=3.506
[ego_planner_node-2] [0mtraj 1 success.
[ego_planner_node-2] iter=5,time(ms)=0.015,rebound.
[ego_planner_node-2] iter=15,time(ms)=0.16,rebound.
[ego_planner_node-2] iter=10,time(ms)=0.05,rebound.
[ego_planner_node-2] iter=33,time(ms)=0.099,rebound.
[ego_planner_node-2] iter=9,time(ms)=0.023,rebound.
[ego_planner_node-2] iter=18,time(ms)=0.043,rebound.
[ego_planner_node-2] [32miter(+1)=56,time(ms)=0.142, collided, keep optimizing
[ego_planner_node-2] [0m[32miter(+1)=56,time(ms)=0.155,total_t(ms)=0.716,cost=3.214
[ego_planner_node-2] [0mtraj 2 success.
[ego_planner_node-2] iter=5,time(ms)=0.018,rebound.
[ego_planner_node-2] iter=18,time(ms)=0.049,rebound.
[ego_planner_node-2] iter=23,time(ms)=0.053,rebound.
[ego_planner_node-2] iter=12,time(ms)=0.039,rebound.
[ego_planner_node-2] iter=31,time(ms)=0.081,rebound.
[ego_planner_node-2] iter=18,time(ms)=0.046,rebound.
[ego_planner_node-2] iter=19,time(ms)=0.046,rebound.
[ego_planner_node-2] iter=68,time(ms)=0.26,rebound.
[ego_planner_node-2] [32miter(+1)=45,time(ms)=0.118, collided, keep optimizing
[ego_planner_node-2] [0m[32miter(+1)=104,time(ms)=0.299, collided, keep optimizing
[ego_planner_node-2] [0m[32miter(+1)=80,time(ms)=0.230, collided, keep optimizing
[ego_planner_node-2] [0mtraj 3 failed.
[ego_planner_node-2] iter=5,time(ms)=0.015,rebound.
[ego_planner_node-2] iter=14,time(ms)=0.13,rebound.
[ego_planner_node-2] iter=10,time(ms)=0.037,rebound.
[ego_planner_node-2] iter=18,time(ms)=0.084,rebound.
[ego_planner_node-2] iter=24,time(ms)=0.078,rebound.
[ego_planner_node-2] [32miter(+1)=61,time(ms)=0.152, collided, keep optimizing
[ego_planner_node-2] [0miter=14,time(ms)=0.034,rebound.
[ego_planner_node-2] [ERROR] [1772351485.249621001] [Coord2Index]: Ran out of pool, index=-1 85 86, POOL_SIZE=160 160 160
[ego_planner_node-2] [ERROR] [1772351485.249648717] [AstarSearch]: Unable to handle the initial or end point, force return!
[ego_planner_node-2] [ERROR] [1772351485.249652830] [initControlPoints]: a star error, force return!
[ego_planner_node-2] [32miter(+1)=78,time(ms)=0.208, collided, keep optimizing
[ego_planner_node-2] [0miter=19,time(ms)=0.063,rebound.
[ego_planner_node-2] [32miter(+1)=42,time(ms)=0.112, collided, keep optimizing
[ego_planner_node-2] [0mtraj 4 failed.
[ego_planner_node-2] plan_success=1
[ego_planner_node-2] total time:[42m0.005[0m,optimize:0.005,refine:2.1e-06,avg_time=0.002
[ego_planner_node-2] refine_success=1
[ego_planner_node-2] [FSM]: from GEN_NEW_TRAJ to EXEC_TRAJ
[ego_planner_node-2] [47;30m
[ego_planner_node-2] [drone 0 replan 87]==============================================[0m
[ego_planner_node-2] [1;33mmulti-trajs=1[1;0m
[ego_planner_node-2] iter=15,time(ms)=0.17,rebound.
[ego_planner_node-2] iter=8,time(ms)=0.05,rebound.
[ego_planner_node-2] iter=8,time(ms)=0.055,rebound.
[ego_planner_node-2] [32miter(+1)=27,time(ms)=0.135, collided, keep optimizing
[ego_planner_node-2] [0m[32miter(+1)=18,time(ms)=0.065, collided, keep optimizing
[ego_planner_node-2] [0miter=20,time(ms)=0.13,rebound.
[ego_planner_node-2] iter=31,time(ms)=0.18,rebound.
[ego_planner_node-2] [32miter(+1)=20,time(ms)=0.086,total_t(ms)=1.021,cost=1.600
[ego_planner_node-2] [0mtraj 1 success.
[ego_planner_node-2] plan_success=1
[ego_planner_node-2] total time:[42m0.0012[0m,optimize:0.0012,refine:2.4e-06,avg_time=0.002
[ego_planner_node-2] refine_success=1
[ego_planner_node-2] [SAFETY]: from EXEC_TRAJ to EXEC_TRAJ
[ego_planner_node-2] [47;30m
[ego_planner_node-2] [drone 0 replan 88]==============================================[0m
[ego_planner_node-2] [1;33mmulti-trajs=2[1;0m
[ego_planner_node-2] iter=7,time(ms)=0.064,rebound.
[ego_planner_node-2] iter=8,time(ms)=0.32,rebound.
[ego_planner_node-2] iter=11,time(ms)=0.24,rebound.
[ego_planner_node-2] iter=17,time(ms)=0.14,rebound.
[ego_planner_node-2] iter=9,time(ms)=0.079,rebound.
[ego_planner_node-2] [32miter(+1)=16,time(ms)=0.100, collided, keep optimizing
[ego_planner_node-2] [0miter=22,time(ms)=0.4,rebound.
[ego_planner_node-2] [32miter(+1)=22,time(ms)=0.186, collided, keep optimizing
[ego_planner_node-2] [0m[32miter(+1)=13,time(ms)=0.093,total_t(ms)=1.772,cost=10.225
[ego_planner_node-2] [0mtraj 1 success.
[ego_planner_node-2] iter=14,time(ms)=0.11,rebound.
[ego_planner_node-2] iter=15,time(ms)=0.11,rebound.
[ego_planner_node-2] iter=6,time(ms)=0.06,rebound.
[ego_planner_node-2] iter=17,time(ms)=0.14,rebound.
[ego_planner_node-2] iter=23,time(ms)=0.31,rebound.
[ego_planner_node-2] [32miter(+1)=14,time(ms)=0.101,total_t(ms)=0.889,cost=0.939
[ego_planner_node-2] [0mtraj 2 success.
[ego_planner_node-2] plan_success=1
[ego_planner_node-2] total time:[42m0.003[0m,optimize:0.003,refine:5.8e-06,avg_time=0.0021
[ego_planner_node-2] refine_success=1
[ego_planner_node-2] [SAFETY]: from EXEC_TRAJ to EXEC_TRAJ
[ego_planner_node-2] [47;30m
[ego_planner_node-2] [drone 0 replan 89]==============================================[0m
[ego_planner_node-2] [1;33mmulti-trajs=2[1;0m
[ego_planner_node-2] iter=7,time(ms)=0.039,rebound.
[ego_planner_node-2] iter=10,time(ms)=0.11,rebound.
[ego_planner_node-2] iter=8,time(ms)=0.021,rebound.
[ego_planner_node-2] iter=9,time(ms)=0.028,rebound.
[ego_planner_node-2] iter=7,time(ms)=0.053,rebound.
[ego_planner_node-2] iter=12,time(ms)=0.051,rebound.
[ego_planner_node-2] iter=35,time(ms)=0.12,rebound.
[ego_planner_node-2] traj 1 failed.
[ego_planner_node-2] iter=17,time(ms)=0.036,rebound.
[ego_planner_node-2] iter=15,time(ms)=0.04,rebound.
[ego_planner_node-2] iter=8,time(ms)=0.018,rebound.
[ego_planner_node-2] [WARN] [1772351485.512809485] [rebound_optimize]: First 3 control points in obstacles! return false, t=0.000000
[ego_planner_node-2] iter=20,time(ms)=0.052,rebound.
[ego_planner_node-2] iter=14,time(ms)=0.053,rebound.
[ego_planner_node-2] traj 2 failed.
[ego_planner_node-2] plan_success=0
[ego_planner_node-2] refine_success=0
[ego_planner_node-2] [WARN] [1772351485.513055622] [rebound_optimize]: First 3 control points in obstacles! return false, t=0.000000
[ego_planner_node-2] [47;30m
[ego_planner_node-2] [drone 0 replan 90]==============================================[0m
[ego_planner_node-2] [1;33mmulti-trajs=4[1;0m
[ego_planner_node-2] iter=5,time(ms)=0.045,rebound.
[ego_planner_node-2] iter=14,time(ms)=0.07,rebound.
[ego_planner_node-2] iter=11,time(ms)=0.027,rebound.
[ego_planner_node-2] iter=14,time(ms)=0.035,rebound.
[ego_planner_node-2] iter=8,time(ms)=0.033,rebound.
[ego_planner_node-2] [WARN] [1772351485.513888987] [rebound_optimize]: First 3 control points in obstacles! return false, t=0.000000
[ego_planner_node-2] traj 1 failed.
[ego_planner_node-2] iter=5,time(ms)=0.042,rebound.
[ego_planner_node-2] iter=16,time(ms)=0.056,rebound.
[ego_planner_node-2] iter=6,time(ms)=0.019,rebound.
[ego_planner_node-2] iter=14,time(ms)=0.046,rebound.
[ego_planner_node-2] iter=5,time(ms)=0.019,rebound.
[ego_planner_node-2] [ERROR] [1772351485.514040038] [Coord2Index]: Ran out of pool, index=-1 77 89, POOL_SIZE=160 160 160
[ego_planner_node-2] [ERROR] [1772351485.514052267] [AstarSearch]: Unable to handle the initial or end point, force return!
[ego_planner_node-2] [ERROR] [1772351485.514055136] [check_collision_and_rebound]: a star error
[ego_planner_node-2] [WARN] [1772351485.514340380] [rebound_optimize]: First 3 control points in obstacles! return false, t=0.000000
[ego_planner_node-2] traj 2 failed.
[ego_planner_node-2] iter=5,time(ms)=0.047,rebound.
[ego_planner_node-2] iter=11,time(ms)=0.026,rebound.
[ego_planner_node-2] iter=10,time(ms)=0.035,rebound.
[ego_planner_node-2] iter=7,time(ms)=0.046,rebound.
[ego_planner_node-2] iter=22,time(ms)=0.095,rebound.
[ego_planner_node-2] [WARN] [1772351485.514744772] [rebound_optimize]: First 3 control points in obstacles! return false, t=0.000000
[ego_planner_node-2] traj 3 failed.
[ego_planner_node-2] iter=5,time(ms)=0.037,rebound.
[ego_planner_node-2] iter=15,time(ms)=0.032,rebound.
[ego_planner_node-2] iter=9,time(ms)=0.022,rebound.
[ego_planner_node-2] iter=13,time(ms)=0.03,rebound.
[ego_planner_node-2] iter=26,time(ms)=0.067,rebound.
[ego_planner_node-2] iter=45,time(ms)=0.13,rebound.
[ego_planner_node-2] iter=46,time(ms)=0.2,rebound.
[ego_planner_node-2] [WARN] [1772351485.515375382] [rebound_optimize]: First 3 control points in obstacles! return false, t=0.000000
[ego_planner_node-2] traj 4 failed.
[ego_planner_node-2] plan_success=0
[ego_planner_node-2] refine_success=0
[ego_planner_node-2] [WARN] [1772351485.515601968] [distinctiveTrajs]: Can't find the new base points at the opposite within the threshold. i=0, j=3
[ego_planner_node-2] [WARN] [1772351485.515607024] [distinctiveTrajs]: Can't find the new base points at the opposite within the threshold. i=0, j=0
[ego_planner_node-2] [47;30m
[ego_planner_node-2] [drone 0 replan 91]==============================================[0m
[ego_planner_node-2] [1;33mmulti-trajs=1[1;0m
[ego_planner_node-2] [ERROR] [1772351485.515622168] [Coord2Index]: Ran out of pool, index=-1 54 92, POOL_SIZE=160 160 160
[ego_planner_node-2] [ERROR] [1772351485.515633633] [AstarSearch]: Unable to handle the initial or end point, force return!
[ego_planner_node-2] [ERROR] [1772351485.515636319] [check_collision_and_rebound]: a star error
[ego_planner_node-2] iter=5,time(ms)=0.028,rebound.
[ego_planner_node-2] iter=5,time(ms)=0.024,rebound.
[ego_planner_node-2] iter=19,time(ms)=0.066,rebound.
[ego_planner_node-2] iter=17,time(ms)=0.045,rebound.
[ego_planner_node-2] iter=20,time(ms)=0.097,rebound.
[ego_planner_node-2] iter=17,time(ms)=0.045,rebound.
[ego_planner_node-2] iter=62,time(ms)=0.19,rebound.
[ego_planner_node-2] iter=18,time(ms)=0.047,rebound.
[ego_planner_node-2] [WARN] [1772351485.516249078] [rebound_optimize]: First 3 control points in obstacles! return false, t=0.000000
[ego_planner_node-2] [WARN] [1772351485.516256128] [drone_0_ego_planner_node]: Suddenly discovered obstacles. emergency stop! time=0.000000
[ego_planner_node-2] traj 1 failed.
[ego_planner_node-2] plan_success=0
[ego_planner_node-2] refine_success=0
[ego_planner_node-2] [SAFETY]: from EXEC_TRAJ to EMERGENCY_STOP
[ego_planner_node-2] [FSM]: from EMERGENCY_STOP to GEN_NEW_TRAJ
[ego_planner_node-2] [WARN] [1772351485.546992147] [distinctiveTrajs]: Can't find the new base points at the opposite within the threshold. i=1, j=0
[ego_planner_node-2] [47;30m
[ego_planner_node-2] [drone 0 replan 92]==============================================[0m
[ego_planner_node-2] [1;33mmulti-trajs=4[1;0m
[ego_planner_node-2] iter=5,time(ms)=0.039,rebound.
[ego_planner_node-2] [ERROR] [1772351485.547113448] [check_collision_and_rebound]: ERROR! the drone is in obstacle. This should not happen.
[ego_planner_node-2] iter=5,time(ms)=0.73,rebound.
[ego_planner_node-2] iter=15,time(ms)=0.054,rebound.
[ego_planner_node-2] iter=37,time(ms)=0.11,rebound.
[ego_planner_node-2] iter=54,time(ms)=0.14,rebound.
[ego_planner_node-2] [WARN] [1772351485.548277191] [rebound_optimize]: First 3 control points in obstacles! return false, t=0.000000
[ego_planner_node-2] [ERROR] [1772351485.548312306] [check_collision_and_rebound]: ERROR! the drone is in obstacle. This should not happen.
[ego_planner_node-2] traj 1 failed.
[ego_planner_node-2] iter=5,time(ms)=0.016,rebound.
[ego_planner_node-2] iter=5,time(ms)=0.35,rebound.
[ego_planner_node-2] iter=14,time(ms)=0.04,rebound.
[ego_planner_node-2] iter=33,time(ms)=0.085,rebound.
[ego_planner_node-2] traj 2 failed.
[ego_planner_node-2] iter=5,time(ms)=0.015,rebound.
[ego_planner_node-2] [WARN] [1772351485.548941578] [rebound_optimize]: First 3 control points in obstacles! return false, t=0.000000
[ego_planner_node-2] [ERROR] [1772351485.548967542] [check_collision_and_rebound]: ERROR! the drone is in obstacle. This should not happen.
[ego_planner_node-2] iter=5,time(ms)=0.32,rebound.
[ego_planner_node-2] iter=14,time(ms)=0.032,rebound.
[ego_planner_node-2] iter=7,time(ms)=0.026,rebound.
[ego_planner_node-2] iter=5,time(ms)=0.028,rebound.
[ego_planner_node-2] iter=11,time(ms)=0.028,rebound.
[ego_planner_node-2] [ERROR] [1772351485.549332643] [Coord2Index]: Ran out of pool, index=-1 81 98, POOL_SIZE=160 160 160
[ego_planner_node-2] [ERROR] [1772351485.549337462] [AstarSearch]: Unable to handle the initial or end point, force return!
[ego_planner_node-2] [ERROR] [1772351485.549340578] [check_collision_and_rebound]: a star error
[ego_planner_node-2] [ERROR] [1772351485.549435694] [check_collision_and_rebound]: ERROR! the drone is in obstacle. This should not happen.
[ego_planner_node-2] iter=16,time(ms)=0.13,rebound.
[ego_planner_node-2] iter=86,time(ms)=0.36,rebound.
[ego_planner_node-2] [WARN] [1772351485.550121232] [rebound_optimize]: First 3 control points in obstacles! return false, t=0.000000
[ego_planner_node-2] [ERROR] [1772351485.550148375] [check_collision_and_rebound]: ERROR! the drone is in obstacle. This should not happen.
[ego_planner_node-2] traj 3 failed.
[ego_planner_node-2] iter=5,time(ms)=0.016,rebound.
[ego_planner_node-2] iter=5,time(ms)=0.36,rebound.
[ego_planner_node-2] iter=13,time(ms)=0.043,rebound.
[ego_planner_node-2] iter=15,time(ms)=0.034,rebound.
[ego_planner_node-2] iter=25,time(ms)=0.064,rebound.
[ego_planner_node-2] [WARN] [1772351485.550740695] [rebound_optimize]: First 3 control points in obstacles! return false, t=0.000000
[ego_planner_node-2] traj 4 failed.
[ego_planner_node-2] plan_success=0
[ego_planner_node-2] refine_success=0
[ego_planner_node-2] [WARN] [1772351485.550940654] [distinctiveTrajs]: Can't find the new base points at the opposite within the threshold. i=1, j=0
[ego_planner_node-2] [ERROR] [1772351485.550983093] [check_collision_and_rebound]: ERROR! the drone is in obstacle. This should not happen.
[ego_planner_node-2] [47;30m
[ego_planner_node-2] [drone 0 replan 93]==============================================[0m
[ego_planner_node-2] [1;33mmulti-trajs=4[1;0m
[ego_planner_node-2] iter=5,time(ms)=0.018,rebound.
[ego_planner_node-2] iter=5,time(ms)=0.36,rebound.
[ego_planner_node-2] iter=15,time(ms)=0.048,rebound.
[ego_planner_node-2] iter=37,time(ms)=0.11,rebound.
[ego_planner_node-2] iter=54,time(ms)=0.14,rebound.
[ego_planner_node-2] traj 1 failed.
[ego_planner_node-2] [WARN] [1772351485.551764915] [rebound_optimize]: First 3 control points in obstacles! return false, t=0.000000
[ego_planner_node-2] [ERROR] [1772351485.551793812] [check_collision_and_rebound]: ERROR! the drone is in obstacle. This should not happen.
[ego_planner_node-2] iter=5,time(ms)=0.016,rebound.
[ego_planner_node-2] iter=5,time(ms)=0.36,rebound.
[ego_planner_node-2] iter=14,time(ms)=0.043,rebound.
[ego_planner_node-2] iter=33,time(ms)=0.089,rebound.
[ego_planner_node-2] [WARN] [1772351485.552445207] [rebound_optimize]: First 3 control points in obstacles! return false, t=0.000000
[ego_planner_node-2] [ERROR] [1772351485.552475440] [check_collision_and_rebound]: ERROR! the drone is in obstacle. This should not happen.
[ego_planner_node-2] traj 2 failed.
[ego_planner_node-2] iter=5,time(ms)=0.016,rebound.
[ego_planner_node-2] iter=5,time(ms)=0.43,rebound.
[ego_planner_node-2] iter=14,time(ms)=0.061,rebound.
[ego_planner_node-2] iter=7,time(ms)=0.061,rebound.
[ego_planner_node-2] [ERROR] [1772351485.552994834] [Coord2Index]: Ran out of pool, index=-1 81 98, POOL_SIZE=160 160 160
[ego_planner_node-2] [ERROR] [1772351485.553008166] [AstarSearch]: Unable to handle the initial or end point, force return!
[ego_planner_node-2] [ERROR] [1772351485.553015308] [check_collision_and_rebound]: a star error
[ego_planner_node-2] iter=5,time(ms)=0.048,rebound.
[ego_planner_node-2] iter=11,time(ms)=0.041,rebound.
[ego_planner_node-2] [ERROR] [1772351485.553168801] [check_collision_and_rebound]: ERROR! the drone is in obstacle. This should not happen.
[ego_planner_node-2] iter=16,time(ms)=0.18,rebound.
[ego_planner_node-2] iter=86,time(ms)=0.5,rebound.
[ego_planner_node-2] [WARN] [1772351485.554028755] [rebound_optimize]: First 3 control points in obstacles! return false, t=0.000000
[ego_planner_node-2] traj 3 failed.
[ego_planner_node-2] iter=5,time(ms)=0.016,rebound.
[ego_planner_node-2] [ERROR] [1772351485.554059032] [check_collision_and_rebound]: ERROR! the drone is in obstacle. This should not happen.
[ego_planner_node-2] iter=5,time(ms)=0.48,rebound.
[ego_planner_node-2] iter=13,time(ms)=0.047,rebound.
[ego_planner_node-2] iter=15,time(ms)=0.034,rebound.
[ego_planner_node-2] iter=25,time(ms)=0.063,rebound.
[ego_planner_node-2] traj 4 failed.
[ego_planner_node-2] plan_success=0
[ego_planner_node-2] refine_success=0
[ego_planner_node-2] [WARN] [1772351485.554788530] [rebound_optimize]: First 3 control points in obstacles! return false, t=0.000000
[ego_planner_node-2] [WARN] [1772351485.555181260] [distinctiveTrajs]: Can't find the new base points at the opposite within the threshold. i=1, j=0
[ego_planner_node-2] [ERROR] [1772351485.555290550] [check_collision_and_rebound]: ERROR! the drone is in obstacle. This should not happen.
[ego_planner_node-2] [47;30m
[ego_planner_node-2] [drone 0 replan 94]==============================================[0m
[ego_planner_node-2] [1;33mmulti-trajs=4[1;0m
[ego_planner_node-2] iter=5,time(ms)=0.036,rebound.
[ego_planner_node-2] iter=5,time(ms)=0.78,rebound.
[ego_planner_node-2] iter=15,time(ms)=0.1,rebound.
[ego_planner_node-2] iter=37,time(ms)=0.22,rebound.
[ego_planner_node-2] iter=54,time(ms)=0.31,rebound.
[ego_planner_node-2] [WARN] [1772351485.556835360] [rebound_optimize]: First 3 control points in obstacles! return false, t=0.000000
[ego_planner_node-2] [ERROR] [1772351485.556876563] [check_collision_and_rebound]: ERROR! the drone is in obstacle. This should not happen.
[ego_planner_node-2] traj 1 failed.
[ego_planner_node-2] iter=5,time(ms)=0.02,rebound.
[ego_planner_node-2] iter=5,time(ms)=0.38,rebound.
[ego_planner_node-2] iter=14,time(ms)=0.043,rebound.
[ego_planner_node-2] iter=33,time(ms)=0.089,rebound.
[ego_planner_node-2] [WARN] [1772351485.557559638] [rebound_optimize]: First 3 control points in obstacles! return false, t=0.000000
[ego_planner_node-2] [ERROR] [1772351485.557598305] [check_collision_and_rebound]: ERROR! the drone is in obstacle. This should not happen.
[ego_planner_node-2] traj 2 failed.
[ego_planner_node-2] iter=5,time(ms)=0.021,rebound.
[ego_planner_node-2] iter=5,time(ms)=0.37,rebound.
[ego_planner_node-2] iter=14,time(ms)=0.042,rebound.
[ego_planner_node-2] iter=7,time(ms)=0.038,rebound.
[ego_planner_node-2] iter=5,time(ms)=0.042,rebound.
[ego_planner_node-2] [ERROR] [1772351485.558022714] [Coord2Index]: Ran out of pool, index=-1 81 98, POOL_SIZE=160 160 160
[ego_planner_node-2] [ERROR] [1772351485.558035071] [AstarSearch]: Unable to handle the initial or end point, force return!
[ego_planner_node-2] [ERROR] [1772351485.558040134] [check_collision_and_rebound]: a star error
[ego_planner_node-2] iter=11,time(ms)=0.05,rebound.
[ego_planner_node-2] iter=16,time(ms)=0.21,rebound.
[ego_planner_node-2] [ERROR] [1772351485.558199897] [check_collision_and_rebound]: ERROR! the drone is in obstacle. This should not happen.
[ego_planner_node-2] iter=86,time(ms)=0.68,rebound.
[ego_planner_node-2] [WARN] [1772351485.559478486] [rebound_optimize]: First 3 control points in obstacles! return false, t=0.000000
[ego_planner_node-2] [ERROR] [1772351485.559546712] [check_collision_and_rebound]: ERROR! the drone is in obstacle. This should not happen.
[ego_planner_node-2] traj 3 failed.
[ego_planner_node-2] iter=5,time(ms)=0.034,rebound.
[ego_planner_node-2] iter=5,time(ms)=0.69,rebound.
[ego_planner_node-2] iter=13,time(ms)=0.086,rebound.
[ego_planner_node-2] iter=15,time(ms)=0.064,rebound.
[ego_planner_node-2] iter=25,time(ms)=0.12,rebound.
[ego_planner_node-2] [WARN] [1772351485.560666218] [rebound_optimize]: First 3 control points in obstacles! return false, t=0.000000
[ego_planner_node-2] traj 4 failed.
[ego_planner_node-2] plan_success=0
[ego_planner_node-2] refine_success=0
[ego_planner_node-2] [WARN] [1772351485.560954809] [distinctiveTrajs]: Can't find the new base points at the opposite within the threshold. i=1, j=0
[ego_planner_node-2] [47;30m
[ego_planner_node-2] [drone 0 replan 95]==============================================[0m
[ego_planner_node-2] [1;33mmulti-trajs=4[1;0m
[ego_planner_node-2] iter=5,time(ms)=0.024,rebound.
[ego_planner_node-2] [ERROR] [1772351485.561017945] [check_collision_and_rebound]: ERROR! the drone is in obstacle. This should not happen.
[ego_planner_node-2] iter=5,time(ms)=0.45,rebound.
[ego_planner_node-2] iter=15,time(ms)=0.058,rebound.
[ego_planner_node-2] iter=37,time(ms)=0.12,rebound.
[ego_planner_node-2] iter=54,time(ms)=0.14,rebound.
[ego_planner_node-2] [WARN] [1772351485.561905028] [rebound_optimize]: First 3 control points in obstacles! return false, t=0.000000
[ego_planner_node-2] traj 1 failed.
[ego_planner_node-2] iter=5,time(ms)=0.016,rebound.
[ego_planner_node-2] [ERROR] [1772351485.561939220] [check_collision_and_rebound]: ERROR! the drone is in obstacle. This should not happen.
[ego_planner_node-2] iter=5,time(ms)=0.35,rebound.
[ego_planner_node-2] iter=14,time(ms)=0.046,rebound.
[ego_planner_node-2] iter=33,time(ms)=0.091,rebound.
[ego_planner_node-2] [WARN] [1772351485.562589582] [rebound_optimize]: First 3 control points in obstacles! return false, t=0.000000
[ego_planner_node-2] traj 2 failed.
[ego_planner_node-2] iter=5,time(ms)=0.02,rebound.
[ego_planner_node-2] [ERROR] [1772351485.562629455] [check_collision_and_rebound]: ERROR! the drone is in obstacle. This should not happen.
[ego_planner_node-2] iter=5,time(ms)=0.35,rebound.
[ego_planner_node-2] iter=14,time(ms)=0.046,rebound.
[ego_planner_node-2] [ERROR] [1772351485.563047103] [Coord2Index]: Ran out of pool, index=-1 81 98, POOL_SIZE=160 160 160
[ego_planner_node-2] [ERROR] [1772351485.563062004] [AstarSearch]: Unable to handle the initial or end point, force return!
[ego_planner_node-2] [ERROR] [1772351485.563067685] [check_collision_and_rebound]: a star error
[ego_planner_node-2] iter=7,time(ms)=0.042,rebound.
[ego_planner_node-2] iter=5,time(ms)=0.039,rebound.
[ego_planner_node-2] iter=11,time(ms)=0.032,rebound.
[ego_planner_node-2] [ERROR] [1772351485.563186994] [check_collision_and_rebound]: ERROR! the drone is in obstacle. This should not happen.
[ego_planner_node-2] iter=16,time(ms)=0.15,rebound.
[ego_planner_node-2] iter=86,time(ms)=0.39,rebound.
[ego_planner_node-2] [WARN] [1772351485.563921242] [rebound_optimize]: First 3 control points in obstacles! return false, t=0.000000
[ego_planner_node-2] traj 3 failed.
[ego_planner_node-2] iter=5,time(ms)=0.019,rebound.
[ego_planner_node-2] [ERROR] [1772351485.563956958] [check_collision_and_rebound]: ERROR! the drone is in obstacle. This should not happen.
[ego_planner_node-2] iter=5,time(ms)=0.43,rebound.
[ego_planner_node-2] iter=13,time(ms)=0.051,rebound.
[ego_planner_node-2] iter=15,time(ms)=0.035,rebound.
[ego_planner_node-2] iter=25,time(ms)=0.063,rebound.
[ego_planner_node-2] [WARN] [1772351485.564633134] [rebound_optimize]: First 3 control points in obstacles! return false, t=0.000000
[ego_planner_node-2] traj 4 failed.
[ego_planner_node-2] plan_success=0
[ego_planner_node-2] refine_success=0
[ego_planner_node-2] [WARN] [1772351485.564845388] [distinctiveTrajs]: Can't find the new base points at the opposite within the threshold. i=1, j=0
[ego_planner_node-2] [47;30m
[ego_planner_node-2] [drone 0 replan 96]==============================================[0m
[ego_planner_node-2] [1;33mmulti-trajs=4[1;0m
[ego_planner_node-2] iter=5,time(ms)=0.018,rebound.
[ego_planner_node-2] [ERROR] [1772351485.564890714] [check_collision_and_rebound]: ERROR! the drone is in obstacle. This should not happen.
[ego_planner_node-2] iter=5,time(ms)=0.36,rebound.
[ego_planner_node-2] iter=15,time(ms)=0.05,rebound.
[ego_planner_node-2] iter=37,time(ms)=0.11,rebound.
[ego_planner_node-2] iter=54,time(ms)=0.14,rebound.
[ego_planner_node-2] [WARN] [1772351485.565667760] [rebound_optimize]: First 3 control points in obstacles! return false, t=0.000000
[ego_planner_node-2] traj 1 failed.
[ego_planner_node-2] iter=5,time(ms)=0.016,rebound.
[ego_planner_node-2] [ERROR] [1772351485.565698969] [check_collision_and_rebound]: ERROR! the drone is in obstacle. This should not happen.
[ego_planner_node-2] iter=5,time(ms)=0.34,rebound.
[ego_planner_node-2] iter=14,time(ms)=0.042,rebound.
[ego_planner_node-2] iter=33,time(ms)=0.086,rebound.
[ego_planner_node-2] [WARN] [1772351485.566329320] [rebound_optimize]: First 3 control points in obstacles! return false, t=0.000000
[ego_planner_node-2] traj 2 failed.
[ego_planner_node-2] iter=5,time(ms)=0.015,rebound.
[ego_planner_node-2] [ERROR] [1772351485.566356610] [check_collision_and_rebound]: ERROR! the drone is in obstacle. This should not happen.
[ego_planner_node-2] iter=5,time(ms)=0.33,rebound.
[ego_planner_node-2] iter=14,time(ms)=0.035,rebound.
[ego_planner_node-2] [ERROR] [1772351485.566733193] [Coord2Index]: Ran out of pool, index=-1 81 98, POOL_SIZE=160 160 160
[ego_planner_node-2] [ERROR] [1772351485.566738302] [AstarSearch]: Unable to handle the initial or end point, force return!
[ego_planner_node-2] [ERROR] [1772351485.566741427] [check_collision_and_rebound]: a star error
[ego_planner_node-2] iter=7,time(ms)=0.027,rebound.
[ego_planner_node-2] iter=5,time(ms)=0.027,rebound.
[ego_planner_node-2] iter=11,time(ms)=0.027,rebound.
[ego_planner_node-2] [ERROR] [1772351485.566835911] [check_collision_and_rebound]: ERROR! the drone is in obstacle. This should not happen.
[ego_planner_node-2] iter=16,time(ms)=0.12,rebound.
[ego_planner_node-2] iter=86,time(ms)=0.38,rebound.
[ego_planner_node-2] [WARN] [1772351485.567541663] [rebound_optimize]: First 3 control points in obstacles! return false, t=0.000000
[ego_planner_node-2] traj 3 failed.
[ego_planner_node-2] iter=5,time(ms)=0.017,rebound.
[ego_planner_node-2] [ERROR] [1772351485.567576879] [check_collision_and_rebound]: ERROR! the drone is in obstacle. This should not happen.
[ego_planner_node-2] iter=5,time(ms)=0.37,rebound.
[ego_planner_node-2] iter=13,time(ms)=0.046,rebound.
[ego_planner_node-2] iter=15,time(ms)=0.035,rebound.
[ego_planner_node-2] iter=25,time(ms)=0.064,rebound.
[ego_planner_node-2] [WARN] [1772351485.568189250] [rebound_optimize]: First 3 control points in obstacles! return false, t=0.000000
[ego_planner_node-2] traj 4 failed.
[ego_planner_node-2] plan_success=0
[ego_planner_node-2] refine_success=0
[ego_planner_node-2] [WARN] [1772351485.568397758] [distinctiveTrajs]: Can't find the new base points at the opposite within the threshold. i=1, j=0
[ego_planner_node-2] [47;30m
[ego_planner_node-2] [drone 0 replan 97]==============================================[0m
[ego_planner_node-2] [1;33mmulti-trajs=4[1;0m
[ego_planner_node-2] iter=5,time(ms)=0.017,rebound.
[ego_planner_node-2] [ERROR] [1772351485.568442138] [check_collision_and_rebound]: ERROR! the drone is in obstacle. This should not happen.
[ego_planner_node-2] iter=5,time(ms)=0.41,rebound.
[ego_planner_node-2] iter=15,time(ms)=0.073,rebound.
[ego_planner_node-2] iter=37,time(ms)=0.13,rebound.
[ego_planner_node-2] iter=54,time(ms)=0.15,rebound.
[ego_planner_node-2] [WARN] [1772351485.569330873] [rebound_optimize]: First 3 control points in obstacles! return false, t=0.000000
[ego_planner_node-2] traj 1 failed.
[ego_planner_node-2] iter=5,time(ms)=0.017,rebound.
[ego_planner_node-2] [ERROR] [1772351485.569373234] [check_collision_and_rebound]: ERROR! the drone is in obstacle. This should not happen.
[ego_planner_node-2] iter=5,time(ms)=0.37,rebound.
[ego_planner_node-2] iter=14,time(ms)=0.043,rebound.
[ego_planner_node-2] iter=33,time(ms)=0.088,rebound.
[ego_planner_node-2] [WARN] [1772351485.570041773] [rebound_optimize]: First 3 control points in obstacles! return false, t=0.000000
[ego_planner_node-2] traj 2 failed.
[ego_planner_node-2] iter=5,time(ms)=0.016,rebound.
[ego_planner_node-2] [ERROR] [1772351485.570072242] [check_collision_and_rebound]: ERROR! the drone is in obstacle. This should not happen.
[ego_planner_node-2] iter=5,time(ms)=0.33,rebound.
[ego_planner_node-2] iter=14,time(ms)=0.034,rebound.
[ego_planner_node-2] [ERROR] [1772351485.570448557] [Coord2Index]: Ran out of pool, index=-1 81 98, POOL_SIZE=160 160 160
[ego_planner_node-2] [ERROR] [1772351485.570454771] [AstarSearch]: Unable to handle the initial or end point, force return!
[ego_planner_node-2] [ERROR] [1772351485.570458436] [check_collision_and_rebound]: a star error
[ego_planner_node-2] iter=7,time(ms)=0.029,rebound.
[ego_planner_node-2] iter=5,time(ms)=0.028,rebound.
[ego_planner_node-2] iter=11,time(ms)=0.028,rebound.
[ego_planner_node-2] [ERROR] [1772351485.570554464] [check_collision_and_rebound]: ERROR! the drone is in obstacle. This should not happen.
[ego_planner_node-2] iter=16,time(ms)=0.13,rebound.
[ego_planner_node-2] iter=86,time(ms)=0.39,rebound.
[ego_planner_node-2] [WARN] [1772351485.571267370] [rebound_optimize]: First 3 control points in obstacles! return false, t=0.000000
[ego_planner_node-2] traj 3 failed.
[ego_planner_node-2] iter=5,time(ms)=0.017,rebound.
[ego_planner_node-2] [ERROR] [1772351485.571300522] [check_collision_and_rebound]: ERROR! the drone is in obstacle. This should not happen.
[ego_planner_node-2] iter=5,time(ms)=0.35,rebound.
[ego_planner_node-2] iter=13,time(ms)=0.049,rebound.
[ego_planner_node-2] iter=15,time(ms)=0.035,rebound.
[ego_planner_node-2] iter=25,time(ms)=0.065,rebound.
[ego_planner_node-2] [WARN] [1772351485.571896417] [rebound_optimize]: First 3 control points in obstacles! return false, t=0.000000
[ego_planner_node-2] traj 4 failed.
[ego_planner_node-2] plan_success=0
[ego_planner_node-2] refine_success=0
[ego_planner_node-2] [WARN] [1772351485.572139591] [distinctiveTrajs]: Can't find the new base points at the opposite within the threshold. i=1, j=0
[ego_planner_node-2] [47;30m
[ego_planner_node-2] [drone 0 replan 98]==============================================[0m
[ego_planner_node-2] [1;33mmulti-trajs=4[1;0m
[ego_planner_node-2] iter=5,time(ms)=0.017,rebound.
[ego_planner_node-2] [ERROR] [1772351485.572191006] [check_collision_and_rebound]: ERROR! the drone is in obstacle. This should not happen.
[ego_planner_node-2] iter=5,time(ms)=0.34,rebound.
[ego_planner_node-2] iter=15,time(ms)=0.052,rebound.
[ego_planner_node-2] iter=37,time(ms)=0.11,rebound.
[ego_planner_node-2] iter=54,time(ms)=0.14,rebound.
[ego_planner_node-2] [WARN] [1772351485.572970565] [rebound_optimize]: First 3 control points in obstacles! return false, t=0.000000
[ego_planner_node-2] traj 1 failed.
[ego_planner_node-2] iter=5,time(ms)=0.017,rebound.
[ego_planner_node-2] [ERROR] [1772351485.573004079] [check_collision_and_rebound]: ERROR! the drone is in obstacle. This should not happen.
[ego_planner_node-2] iter=5,time(ms)=0.35,rebound.
[ego_planner_node-2] iter=14,time(ms)=0.043,rebound.
[ego_planner_node-2] iter=33,time(ms)=0.087,rebound.
[ego_planner_node-2] [WARN] [1772351485.573644986] [rebound_optimize]: First 3 control points in obstacles! return false, t=0.000000
[ego_planner_node-2] traj 2 failed.
[ego_planner_node-2] iter=5,time(ms)=0.015,rebound.
[ego_planner_node-2] [ERROR] [1772351485.573675410] [check_collision_and_rebound]: ERROR! the drone is in obstacle. This should not happen.
[ego_planner_node-2] iter=5,time(ms)=0.34,rebound.
[ego_planner_node-2] iter=14,time(ms)=0.037,rebound.
[ego_planner_node-2] iter=7,time(ms)=0.044,rebound.
[ego_planner_node-2] [ERROR] [1772351485.574067732] [Coord2Index]: Ran out of pool, index=-1 81 98, POOL_SIZE=160 160 160
[ego_planner_node-2] [ERROR] [1772351485.574086966] [AstarSearch]: Unable to handle the initial or end point, force return!
[ego_planner_node-2] [ERROR] [1772351485.574091185] [check_collision_and_rebound]: a star error
[ego_planner_node-2] iter=5,time(ms)=0.034,rebound.
[ego_planner_node-2] iter=11,time(ms)=0.037,rebound.
[ego_planner_node-2] [ERROR] [1772351485.574219073] [check_collision_and_rebound]: ERROR! the drone is in obstacle. This should not happen.
[ego_planner_node-2] iter=16,time(ms)=0.18,rebound.
[ego_planner_node-2] iter=86,time(ms)=0.41,rebound.
[ego_planner_node-2] [WARN] [1772351485.575008285] [rebound_optimize]: First 3 control points in obstacles! return false, t=0.000000
[ego_planner_node-2] traj 3 failed.
[ego_planner_node-2] iter=5,time(ms)=0.017,rebound.
[ego_planner_node-2] [ERROR] [1772351485.575049227] [check_collision_and_rebound]: ERROR! the drone is in obstacle. This should not happen.
[ego_planner_node-2] iter=5,time(ms)=0.36,rebound.
[ego_planner_node-2] iter=13,time(ms)=0.047,rebound.
[ego_planner_node-2] iter=15,time(ms)=0.034,rebound.
[ego_planner_node-2] iter=25,time(ms)=0.063,rebound.
[ego_planner_node-2] [WARN] [1772351485.575642167] [rebound_optimize]: First 3 control points in obstacles! return false, t=0.000000
[ego_planner_node-2] traj 4 failed.
[ego_planner_node-2] plan_success=0
[ego_planner_node-2] refine_success=0
[ego_planner_node-2] [WARN] [1772351485.575867741] [distinctiveTrajs]: Can't find the new base points at the opposite within the threshold. i=1, j=0
[ego_planner_node-2] [47;30m
[ego_planner_node-2] [drone 0 replan 99]==============================================[0m
[ego_planner_node-2] [1;33mmulti-trajs=4[1;0m
[ego_planner_node-2] iter=5,time(ms)=0.017,rebound.
[ego_planner_node-2] [ERROR] [1772351485.575913648] [check_collision_and_rebound]: ERROR! the drone is in obstacle. This should not happen.
[ego_planner_node-2] iter=5,time(ms)=0.34,rebound.
[ego_planner_node-2] iter=15,time(ms)=0.049,rebound.
[ego_planner_node-2] iter=37,time(ms)=0.11,rebound.
[ego_planner_node-2] iter=54,time(ms)=0.14,rebound.
[ego_planner_node-2] [WARN] [1772351485.576675024] [rebound_optimize]: First 3 control points in obstacles! return false, t=0.000000
[ego_planner_node-2] traj 1 failed.
[ego_planner_node-2] iter=5,time(ms)=0.015,rebound.
[ego_planner_node-2] [ERROR] [1772351485.576702838] [check_collision_and_rebound]: ERROR! the drone is in obstacle. This should not happen.
[ego_planner_node-2] iter=5,time(ms)=0.34,rebound.
[ego_planner_node-2] iter=14,time(ms)=0.04,rebound.
[ego_planner_node-2] iter=33,time(ms)=0.086,rebound.
[ego_planner_node-2] [WARN] [1772351485.577329103] [rebound_optimize]: First 3 control points in obstacles! return false, t=0.000000
[ego_planner_node-2] traj 2 failed.
[ego_planner_node-2] iter=5,time(ms)=0.015,rebound.
[ego_planner_node-2] [ERROR] [1772351485.577356471] [check_collision_and_rebound]: ERROR! the drone is in obstacle. This should not happen.
[ego_planner_node-2] iter=5,time(ms)=0.33,rebound.
[ego_planner_node-2] iter=14,time(ms)=0.032,rebound.
[ego_planner_node-2] iter=7,time(ms)=0.027,rebound.
[ego_planner_node-2] [ERROR] [1772351485.577729678] [Coord2Index]: Ran out of pool, index=-1 81 98, POOL_SIZE=160 160 160
[ego_planner_node-2] [ERROR] [1772351485.577734885] [AstarSearch]: Unable to handle the initial or end point, force return!
[ego_planner_node-2] [ERROR] [1772351485.577738291] [check_collision_and_rebound]: a star error
[ego_planner_node-2] iter=5,time(ms)=0.027,rebound.
[ego_planner_node-2] iter=11,time(ms)=0.028,rebound.
[ego_planner_node-2] [ERROR] [1772351485.577833170] [check_collision_and_rebound]: ERROR! the drone is in obstacle. This should not happen.
[ego_planner_node-2] iter=16,time(ms)=0.12,rebound.
[ego_planner_node-2] iter=86,time(ms)=0.37,rebound.
[ego_planner_node-2] [WARN] [1772351485.578577111] [rebound_optimize]: First 3 control points in obstacles! return false, t=0.000000
[ego_planner_node-2] traj 3 failed.
[ego_planner_node-2] iter=5,time(ms)=0.02,rebound.
[ego_planner_node-2] [ERROR] [1772351485.578615971] [check_collision_and_rebound]: ERROR! the drone is in obstacle. This should not happen.
[ego_planner_node-2] iter=5,time(ms)=0.37,rebound.
[ego_planner_node-2] iter=13,time(ms)=0.045,rebound.
[ego_planner_node-2] iter=15,time(ms)=0.034,rebound.
[ego_planner_node-2] iter=25,time(ms)=0.063,rebound.
[ego_planner_node-2] [WARN] [1772351485.579221727] [rebound_optimize]: First 3 control points in obstacles! return false, t=0.000000
[ego_planner_node-2] traj 4 failed.
[ego_planner_node-2] plan_success=0
[ego_planner_node-2] refine_success=0
[ego_planner_node-2] [WARN] [1772351485.579406150] [distinctiveTrajs]: Can't find the new base points at the opposite within the threshold. i=1, j=0
[ego_planner_node-2] [47;30m
[ego_planner_node-2] [drone 0 replan 100]==============================================[0m
[ego_planner_node-2] [1;33mmulti-trajs=4[1;0m
[ego_planner_node-2] iter=5,time(ms)=0.017,rebound.
[ego_planner_node-2] [ERROR] [1772351485.579446092] [check_collision_and_rebound]: ERROR! the drone is in obstacle. This should not happen.
[ego_planner_node-2] iter=5,time(ms)=0.35,rebound.
[ego_planner_node-2] iter=15,time(ms)=0.048,rebound.
[ego_planner_node-2] iter=37,time(ms)=0.11,rebound.
[ego_planner_node-2] iter=54,time(ms)=0.14,rebound.
[ego_planner_node-2] [WARN] [1772351485.580215293] [rebound_optimize]: First 3 control points in obstacles! return false, t=0.000000
[ego_planner_node-2] traj 1 failed.
[ego_planner_node-2] iter=5,time(ms)=0.015,rebound.
[ego_planner_node-2] [ERROR] [1772351485.580242489] [check_collision_and_rebound]: ERROR! the drone is in obstacle. This should not happen.
[ego_planner_node-2] iter=5,time(ms)=0.35,rebound.
[ego_planner_node-2] iter=14,time(ms)=0.04,rebound.
[ego_planner_node-2] iter=33,time(ms)=0.084,rebound.
[ego_planner_node-2] [WARN] [1772351485.580868665] [rebound_optimize]: First 3 control points in obstacles! return false, t=0.000000
[ego_planner_node-2] traj 2 failed.
[ego_planner_node-2] iter=5,time(ms)=0.015,rebound.
[ego_planner_node-2] [ERROR] [1772351485.580894016] [check_collision_and_rebound]: ERROR! the drone is in obstacle. This should not happen.
[ego_planner_node-2] iter=5,time(ms)=0.33,rebound.
[ego_planner_node-2] iter=14,time(ms)=0.032,rebound.
[ego_planner_node-2] iter=7,time(ms)=0.026,rebound.
[ego_planner_node-2] [ERROR] [1772351485.581261584] [Coord2Index]: Ran out of pool, index=-1 81 98, POOL_SIZE=160 160 160
[ego_planner_node-2] [ERROR] [1772351485.581266365] [AstarSearch]: Unable to handle the initial or end point, force return!
[ego_planner_node-2] [ERROR] [1772351485.581269580] [check_collision_and_rebound]: a star error
[ego_planner_node-2] iter=5,time(ms)=0.027,rebound.
[ego_planner_node-2] iter=11,time(ms)=0.027,rebound.
[ego_planner_node-2] [ERROR] [1772351485.581363929] [check_collision_and_rebound]: ERROR! the drone is in obstacle. This should not happen.
[ego_planner_node-2] iter=16,time(ms)=0.11,rebound.
[ego_planner_node-2] iter=86,time(ms)=0.36,rebound.
[ego_planner_node-2] [WARN] [1772351485.582034642] [rebound_optimize]: First 3 control points in obstacles! return false, t=0.000000
[ego_planner_node-2] traj 3 failed.
[ego_planner_node-2] iter=5,time(ms)=0.016,rebound.
[ego_planner_node-2] [ERROR] [1772351485.582061875] [check_collision_and_rebound]: ERROR! the drone is in obstacle. This should not happen.
[ego_planner_node-2] iter=5,time(ms)=0.37,rebound.
[ego_planner_node-2] iter=13,time(ms)=0.043,rebound.
[ego_planner_node-2] iter=15,time(ms)=0.034,rebound.
[ego_planner_node-2] iter=25,time(ms)=0.063,rebound.
[ego_planner_node-2] [WARN] [1772351485.582666120] [rebound_optimize]: First 3 control points in obstacles! return false, t=0.000000
[ego_planner_node-2] traj 4 failed.
[ego_planner_node-2] plan_success=0
[ego_planner_node-2] refine_success=0
[ego_planner_node-2] [WARN] [1772351485.582842325] [distinctiveTrajs]: Can't find the new base points at the opposite within the threshold. i=1, j=0
[ego_planner_node-2] [47;30m
[ego_planner_node-2] [drone 0 replan 101]==============================================[0m
[ego_planner_node-2] [1;33mmulti-trajs=4[1;0m
[ego_planner_node-2] iter=5,time(ms)=0.016,rebound.
[ego_planner_node-2] [ERROR] [1772351485.582880322] [check_collision_and_rebound]: ERROR! the drone is in obstacle. This should not happen.
[ego_planner_node-2] iter=5,time(ms)=0.35,rebound.
[ego_planner_node-2] iter=15,time(ms)=0.049,rebound.
[ego_planner_node-2] iter=37,time(ms)=0.1,rebound.
[ego_planner_node-2] iter=54,time(ms)=0.14,rebound.
[ego_planner_node-2] [WARN] [1772351485.583650421] [rebound_optimize]: First 3 control points in obstacles! return false, t=0.000000
[ego_planner_node-2] traj 1 failed.
[ego_planner_node-2] iter=5,time(ms)=0.016,rebound.
[ego_planner_node-2] [ERROR] [1772351485.583679115] [check_collision_and_rebound]: ERROR! the drone is in obstacle. This should not happen.
[ego_planner_node-2] iter=5,time(ms)=0.33,rebound.
[ego_planner_node-2] iter=14,time(ms)=0.052,rebound.
[ego_planner_node-2] iter=33,time(ms)=0.11,rebound.
[ego_planner_node-2] [WARN] [1772351485.584369490] [rebound_optimize]: First 3 control points in obstacles! return false, t=0.000000
[ego_planner_node-2] traj 2 failed.
[ego_planner_node-2] iter=5,time(ms)=0.022,rebound.
[ego_planner_node-2] [ERROR] [1772351485.584412634] [check_collision_and_rebound]: ERROR! the drone is in obstacle. This should not happen.
[ego_planner_node-2] iter=5,time(ms)=0.55,rebound.
[ego_planner_node-2] iter=14,time(ms)=0.058,rebound.
[ego_planner_node-2] iter=7,time(ms)=0.049,rebound.
[ego_planner_node-2] [ERROR] [1772351485.585040107] [Coord2Index]: Ran out of pool, index=-1 81 98, POOL_SIZE=160 160 160
[ego_planner_node-2] [ERROR] [1772351485.585053442] [AstarSearch]: Unable to handle the initial or end point, force return!
[ego_planner_node-2] [ERROR] [1772351485.585058443] [check_collision_and_rebound]: a star error
[ego_planner_node-2] iter=5,time(ms)=0.045,rebound.
[ego_planner_node-2] iter=11,time(ms)=0.047,rebound.
[ego_planner_node-2] [ERROR] [1772351485.585218173] [check_collision_and_rebound]: ERROR! the drone is in obstacle. This should not happen.
[ego_planner_node-2] iter=16,time(ms)=0.19,rebound.
[ego_planner_node-2] iter=86,time(ms)=0.58,rebound.
[ego_planner_node-2] [WARN] [1772351485.586237630] [rebound_optimize]: First 3 control points in obstacles! return false, t=0.000000
[ego_planner_node-2] traj 3 failed.
[ego_planner_node-2] iter=5,time(ms)=0.029,rebound.
[ego_planner_node-2] [ERROR] [1772351485.586297495] [check_collision_and_rebound]: ERROR! the drone is in obstacle. This should not happen.
[ego_planner_node-2] iter=5,time(ms)=0.56,rebound.
[ego_planner_node-2] iter=13,time(ms)=0.077,rebound.
[ego_planner_node-2] iter=15,time(ms)=0.066,rebound.
[ego_planner_node-2] iter=25,time(ms)=0.11,rebound.
[ego_planner_node-2] [WARN] [1772351485.587269836] [rebound_optimize]: First 3 control points in obstacles! return false, t=0.000000
[ego_planner_node-2] traj 4 failed.
[ego_planner_node-2] plan_success=0
[ego_planner_node-2] refine_success=0
[ego_planner_node-2] [FSM]: from GEN_NEW_TRAJ to GEN_NEW_TRAJ
[ego_planner_node-2] [WARN] [1772351485.588057964] [distinctiveTrajs]: Can't find the new base points at the opposite within the threshold. i=0, j=1
[ego_planner_node-2] [47;30m
[ego_planner_node-2] [drone 0 replan 102]==============================================[0m
[ego_planner_node-2] [1;33mmulti-trajs=4[1;0m
[ego_planner_node-2] iter=11,time(ms)=0.099,rebound.
[ego_planner_node-2] iter=5,time(ms)=0.22,rebound.
[ego_planner_node-2] [ERROR] [1772351485.588470845] [check_collision_and_rebound]: ERROR! the drone is in obstacle. This should not happen.
[ego_planner_node-2] iter=17,time(ms)=0.13,rebound.
[ego_planner_node-2] [ERROR] [1772351485.588595164] [check_collision_and_rebound]: ERROR! the drone is in obstacle. This should not happen.
[ego_planner_node-2] iter=14,time(ms)=0.23,rebound.
[ego_planner_node-2] [WARN] [1772351485.588858532] [rebound_optimize]: First 3 control points in obstacles! return false, t=0.000000
[ego_planner_node-2] traj 1 failed.
[ego_planner_node-2] iter=11,time(ms)=0.14,rebound.
[ego_planner_node-2] iter=9,time(ms)=0.027,rebound.
[ego_planner_node-2] iter=9,time(ms)=0.023,rebound.
[ego_planner_node-2] [ERROR] [1772351485.588899317] [check_collision_and_rebound]: ERROR! the drone is in obstacle. This should not happen.
[ego_planner_node-2] [ERROR] [1772351485.589077287] [check_collision_and_rebound]: ERROR! the drone is in obstacle. This should not happen.
[ego_planner_node-2] iter=7,time(ms)=0.087,rebound.
[ego_planner_node-2] iter=7,time(ms)=0.036,rebound.
[ego_planner_node-2] iter=12,time(ms)=0.028,rebound.
[ego_planner_node-2] [WARN] [1772351485.589291267] [rebound_optimize]: First 3 control points in obstacles! return false, t=0.000000
[ego_planner_node-2] [ERROR] [1772351485.589314491] [check_collision_and_rebound]: ERROR! the drone is in obstacle. This should not happen.
[ego_planner_node-2] traj 2 failed.
[ego_planner_node-2] iter=11,time(ms)=0.15,rebound.
[ego_planner_node-2] iter=8,time(ms)=0.036,rebound.
[ego_planner_node-2] iter=12,time(ms)=0.034,rebound.
[ego_planner_node-2] iter=8,time(ms)=0.032,rebound.
[ego_planner_node-2] [WARN] [1772351485.589595973] [rebound_optimize]: First 3 control points in obstacles! return false, t=0.000000
[ego_planner_node-2] [ERROR] [1772351485.589658385] [check_collision_and_rebound]: ERROR! the drone is in obstacle. This should not happen.
[ego_planner_node-2] [ERROR] [1772351485.589664702] [Coord2Index]: Ran out of pool, index=-1 70 117, POOL_SIZE=160 160 160
[ego_planner_node-2] [ERROR] [1772351485.589670939] [AstarSearch]: Unable to handle the initial or end point, force return!
[ego_planner_node-2] [ERROR] [1772351485.589674663] [check_collision_and_rebound]: a star error
[ego_planner_node-2] traj 3 failed.
[ego_planner_node-2] iter=12,time(ms)=0.029,rebound.
[ego_planner_node-2] iter=13,time(ms)=0.048,rebound.
[ego_planner_node-2] [ERROR] [1772351485.589690179] [check_collision_and_rebound]: ERROR! the drone is in obstacle. This should not happen.
[ego_planner_node-2] [ERROR] [1772351485.589695101] [Coord2Index]: Ran out of pool, index=-1 69 118, POOL_SIZE=160 160 160
[ego_planner_node-2] [ERROR] [1772351485.589698785] [AstarSearch]: Unable to handle the initial or end point, force return!
[ego_planner_node-2] [ERROR] [1772351485.589701764] [check_collision_and_rebound]: a star error
[ego_planner_node-2] [ERROR] [1772351485.589716711] [check_collision_and_rebound]: ERROR! the drone is in obstacle. This should not happen.
[ego_planner_node-2] iter=5,time(ms)=0.026,rebound.
[ego_planner_node-2] iter=5,time(ms)=0.028,rebound.
[ego_planner_node-2] iter=5,time(ms)=0.025,rebound.
[ego_planner_node-2] iter=5,time(ms)=0.026,rebound.
[ego_planner_node-2] [ERROR] [1772351485.589722469] [Coord2Index]: Ran out of pool, index=-1 69 119, POOL_SIZE=160 160 160
[ego_planner_node-2] [ERROR] [1772351485.589727246] [AstarSearch]: Unable to handle the initial or end point, force return!
[ego_planner_node-2] [ERROR] [1772351485.589730517] [check_collision_and_rebound]: a star error
[ego_planner_node-2] [ERROR] [1772351485.589745496] [check_collision_and_rebound]: ERROR! the drone is in obstacle. This should not happen.
[ego_planner_node-2] [ERROR] [1772351485.589750267] [Coord2Index]: Ran out of pool, index=-1 70 120, POOL_SIZE=160 160 160
[ego_planner_node-2] [ERROR] [1772351485.589753524] [AstarSearch]: Unable to handle the initial or end point, force return!
[ego_planner_node-2] [ERROR] [1772351485.589756318] [check_collision_and_rebound]: a star error
[ego_planner_node-2] [ERROR] [1772351485.589771648] [check_collision_and_rebound]: ERROR! the drone is in obstacle. This should not happen.
[ego_planner_node-2] [ERROR] [1772351485.589776607] [Coord2Index]: Ran out of pool, index=-1 69 120, POOL_SIZE=160 160 160
[ego_planner_node-2] [ERROR] [1772351485.589780881] [AstarSearch]: Unable to handle the initial or end point, force return!
[ego_planner_node-2] [ERROR] [1772351485.589783927] [check_collision_and_rebound]: a star error
[ego_planner_node-2] [ERROR] [1772351485.589799294] [check_collision_and_rebound]: ERROR! the drone is in obstacle. This should not happen.
[ego_planner_node-2] [ERROR] [1772351485.589804994] [Coord2Index]: Ran out of pool, index=-1 70 121, POOL_SIZE=160 160 160
[ego_planner_node-2] [ERROR] [1772351485.589808821] [AstarSearch]: Unable to handle the initial or end point, force return!
[ego_planner_node-2] [ERROR] [1772351485.589811726] [check_collision_and_rebound]: a star error
[ego_planner_node-2] [ERROR] [1772351485.589826431] [check_collision_and_rebound]: ERROR! the drone is in obstacle. This should not happen.
[ego_planner_node-2] [ERROR] [1772351485.589831425] [Coord2Index]: Ran out of pool, index=-1 70 121, POOL_SIZE=160 160 160
[ego_planner_node-2] [ERROR] [1772351485.589835152] [AstarSearch]: Unable to handle the initial or end point, force return!
[ego_planner_node-2] [ERROR] [1772351485.589838157] [check_collision_and_rebound]: a star error
[ego_planner_node-2] [ERROR] [1772351485.589851889] [check_collision_and_rebound]: ERROR! the drone is in obstacle. This should not happen.
[ego_planner_node-2] [ERROR] [1772351485.589856718] [Coord2Index]: Ran out of pool, index=-1 70 122, POOL_SIZE=160 160 160
[ego_planner_node-2] [ERROR] [1772351485.589860429] [AstarSearch]: Unable to handle the initial or end point, force return!
[ego_planner_node-2] [ERROR] [1772351485.589863664] [check_collision_and_rebound]: a star error
[ego_planner_node-2] iter=5,time(ms)=0.027,rebound.
[ego_planner_node-2] iter=5,time(ms)=0.025,rebound.
[ego_planner_node-2] iter=5,time(ms)=0.025,rebound.
[ego_planner_node-2] [WARN] [1772351485.589881472] [rebound_optimize]: First 3 control points in obstacles! return false, t=0.000000
[ego_planner_node-2] traj 4 failed.
[ego_planner_node-2] plan_success=0
[ego_planner_node-2] refine_success=0
[ego_planner_node-2] [WARN] [1772351485.590101083] [distinctiveTrajs]: Can't find the new base points at the opposite within the threshold. i=1, j=0
[ego_planner_node-2] [ERROR] [1772351485.590143306] [check_collision_and_rebound]: ERROR! the drone is in obstacle. This should not happen.
[ego_planner_node-2] [47;30m
[ego_planner_node-2] [drone 0 replan 103]==============================================[0m
[ego_planner_node-2] [1;33mmulti-trajs=4[1;0m
[ego_planner_node-2] iter=5,time(ms)=0.018,rebound.
[ego_planner_node-2] iter=5,time(ms)=0.37,rebound.
[ego_planner_node-2] iter=15,time(ms)=0.048,rebound.
[ego_planner_node-2] iter=37,time(ms)=0.11,rebound.
[ego_planner_node-2] iter=54,time(ms)=0.14,rebound.
[ego_planner_node-2] [WARN] [1772351485.590945511] [rebound_optimize]: First 3 control points in obstacles! return false, t=0.000000
[ego_planner_node-2] [ERROR] [1772351485.590975154] [check_collision_and_rebound]: ERROR! the drone is in obstacle. This should not happen.
[ego_planner_node-2] traj 1 failed.
[ego_planner_node-2] iter=5,time(ms)=0.016,rebound.
[ego_planner_node-2] iter=5,time(ms)=0.35,rebound.
[ego_planner_node-2] iter=14,time(ms)=0.04,rebound.
[ego_planner_node-2] iter=33,time(ms)=0.084,rebound.
[ego_planner_node-2] [WARN] [1772351485.591608015] [rebound_optimize]: First 3 control points in obstacles! return false, t=0.000000
[ego_planner_node-2] [ERROR] [1772351485.591633605] [check_collision_and_rebound]: ERROR! the drone is in obstacle. This should not happen.
[ego_planner_node-2] traj 2 failed.
[ego_planner_node-2] iter=5,time(ms)=0.015,rebound.
[ego_planner_node-2] iter=5,time(ms)=0.34,rebound.
[ego_planner_node-2] iter=14,time(ms)=0.033,rebound.
[ego_planner_node-2] [ERROR] [1772351485.592019041] [Coord2Index]: Ran out of pool, index=-1 81 98, POOL_SIZE=160 160 160
[ego_planner_node-2] [ERROR] [1772351485.592025570] [AstarSearch]: Unable to handle the initial or end point, force return!
[ego_planner_node-2] [ERROR] [1772351485.592028228] [check_collision_and_rebound]: a star error
[ego_planner_node-2] iter=7,time(ms)=0.029,rebound.
[ego_planner_node-2] iter=5,time(ms)=0.028,rebound.
[ego_planner_node-2] iter=11,time(ms)=0.028,rebound.
[ego_planner_node-2] [ERROR] [1772351485.592125040] [check_collision_and_rebound]: ERROR! the drone is in obstacle. This should not happen.
[ego_planner_node-2] iter=16,time(ms)=0.12,rebound.
[ego_planner_node-2] iter=86,time(ms)=0.36,rebound.
[ego_planner_node-2] [WARN] [1772351485.592805708] [rebound_optimize]: First 3 control points in obstacles! return false, t=0.000000
[ego_planner_node-2] traj 3 failed.
[ego_planner_node-2] iter=5,time(ms)=0.016,rebound.
[ego_planner_node-2] [ERROR] [1772351485.592835626] [check_collision_and_rebound]: ERROR! the drone is in obstacle. This should not happen.
[ego_planner_node-2] iter=5,time(ms)=0.36,rebound.
[ego_planner_node-2] iter=13,time(ms)=0.044,rebound.
[ego_planner_node-2] iter=15,time(ms)=0.034,rebound.
[ego_planner_node-2] iter=25,time(ms)=0.062,rebound.
[ego_planner_node-2] [WARN] [1772351485.593427952] [rebound_optimize]: First 3 control points in obstacles! return false, t=0.000000
[ego_planner_node-2] traj 4 failed.
[ego_planner_node-2] plan_success=0
[ego_planner_node-2] refine_success=0
[ego_planner_node-2] [WARN] [1772351485.593875919] [distinctiveTrajs]: base_point and control point are too close!
[ego_planner_node-2] [47;30m
[ego_planner_node-2] [drone 0 replan 104]==============================================[0m
[ego_planner_node-2] base_point=-3.1 0.48  1.4 control point=-3.1 0.46  1.4
[ego_planner_node-2] [1;33mmulti-trajs=1[1;0m
[ego_planner_node-2] [WARN] [1772351485.593893505] [distinctiveTrajs]: Can't find the new base points at the opposite within the threshold. i=0, j=0
[ego_planner_node-2] [ERROR] [1772351485.593930623] [check_collision_and_rebound]: ERROR! the drone is in obstacle. This should not happen.
[ego_planner_node-2] iter=16,time(ms)=0.75,rebound.
[ego_planner_node-2] iter=16,time(ms)=0.054,rebound.
[ego_planner_node-2] iter=7,time(ms)=0.024,rebound.
[ego_planner_node-2] iter=12,time(ms)=0.036,rebound.
[ego_planner_node-2] iter=22,time(ms)=0.11,rebound.
[ego_planner_node-2] [WARN] [1772351485.595043632] [rebound_optimize]: First 3 control points in obstacles! return false, t=0.000000
[ego_planner_node-2] [WARN] [1772351485.595054902] [drone_0_ego_planner_node]: Suddenly discovered obstacles. emergency stop! time=0.000000
[ego_planner_node-2] traj 1 failed.
[ego_planner_node-2] plan_success=0
[ego_planner_node-2] refine_success=0
[ego_planner_node-2] [SAFETY]: from GEN_NEW_TRAJ to EMERGENCY_STOP
[ego_planner_node-2] [FSM]: from EMERGENCY_STOP to GEN_NEW_TRAJ
[ego_planner_node-2] [WARN] [1772351485.608142665] [distinctiveTrajs]: Can't find the new base points at the opposite within the threshold. i=1, j=0
[ego_planner_node-2] [ERROR] [1772351485.608294257] [check_collision_and_rebound]: ERROR! the drone is in obstacle. This should not happen.
[ego_planner_node-2] [47;30m
[ego_planner_node-2] [drone 0 replan 105]==============================================[0m
[ego_planner_node-2] [1;33mmulti-trajs=4[1;0m
[ego_planner_node-2] iter=5,time(ms)=0.036,rebound.
[ego_planner_node-2] iter=5,time(ms)=0.43,rebound.
[ego_planner_node-2] iter=14,time(ms)=0.098,rebound.
[ego_planner_node-2] iter=40,time(ms)=0.11,rebound.
[ego_planner_node-2] iter=40,time(ms)=0.12,rebound.
[ego_planner_node-2] [WARN] [1772351485.609117276] [rebound_optimize]: First 3 control points in obstacles! return false, t=0.000000
[ego_planner_node-2] traj 1 failed.
[ego_planner_node-2] iter=5,time(ms)=0.015,rebound.
[ego_planner_node-2] [ERROR] [1772351485.609147144] [check_collision_and_rebound]: ERROR! the drone is in obstacle. This should not happen.
[ego_planner_node-2] iter=5,time(ms)=0.36,rebound.
[ego_planner_node-2] iter=16,time(ms)=0.053,rebound.
[ego_planner_node-2] iter=55,time(ms)=0.15,rebound.
[ego_planner_node-2] [WARN] [1772351485.609783903] [rebound_optimize]: First 3 control points in obstacles! return false, t=0.000000
[ego_planner_node-2] traj 2 failed.
[ego_planner_node-2] iter=5,time(ms)=0.015,rebound.
[ego_planner_node-2] [ERROR] [1772351485.609810532] [check_collision_and_rebound]: ERROR! the drone is in obstacle. This should not happen.
[ego_planner_node-2] iter=5,time(ms)=0.34,rebound.
[ego_planner_node-2] iter=12,time(ms)=0.029,rebound.
[ego_planner_node-2] [ERROR] [1772351485.610193521] [check_collision_and_rebound]: ERROR! the drone is in obstacle. This should not happen.
[ego_planner_node-2] iter=11,time(ms)=0.071,rebound.
[ego_planner_node-2] iter=7,time(ms)=0.019,rebound.
[ego_planner_node-2] iter=13,time(ms)=0.031,rebound.
[ego_planner_node-2] iter=57,time(ms)=0.15,rebound.
[ego_planner_node-2] [WARN] [1772351485.610538600] [rebound_optimize]: First 3 control points in obstacles! return false, t=0.000000
[ego_planner_node-2] traj 3 failed.
[ego_planner_node-2] iter=5,time(ms)=0.015,rebound.
[ego_planner_node-2] [ERROR] [1772351485.610564762] [check_collision_and_rebound]: ERROR! the drone is in obstacle. This should not happen.
[ego_planner_node-2] iter=5,time(ms)=0.35,rebound.
[ego_planner_node-2] iter=13,time(ms)=0.034,rebound.
[ego_planner_node-2] iter=9,time(ms)=0.026,rebound.
[ego_planner_node-2] iter=8,time(ms)=0.02,rebound.
[ego_planner_node-2] iter=16,time(ms)=0.038,rebound.
[ego_planner_node-2] [WARN] [1772351485.611189938] [rebound_optimize]: First 3 control points in obstacles! return false, t=0.000000
[ego_planner_node-2] traj 4 failed.
[ego_planner_node-2] plan_success=0
[ego_planner_node-2] refine_success=0
[ego_planner_node-2] [WARN] [1772351485.611387079] [distinctiveTrajs]: Can't find the new base points at the opposite within the threshold. i=1, j=0
[ego_planner_node-2] [47;30m
[ego_planner_node-2] [drone 0 replan 106]==============================================[0m
[ego_planner_node-2] [1;33mmulti-trajs=4[1;0m
[ego_planner_node-2] iter=5,time(ms)=0.017,rebound.
[ego_planner_node-2] [ERROR] [1772351485.611430118] [check_collision_and_rebound]: ERROR! the drone is in obstacle. This should not happen.
[ego_planner_node-2] iter=5,time(ms)=0.36,rebound.
[ego_planner_node-2] iter=14,time(ms)=0.093,rebound.
[ego_planner_node-2] iter=40,time(ms)=0.11,rebound.
[ego_planner_node-2] iter=40,time(ms)=0.11,rebound.
[ego_planner_node-2] [WARN] [1772351485.612166657] [rebound_optimize]: First 3 control points in obstacles! return false, t=0.000000
[ego_planner_node-2] traj 1 failed.
[ego_planner_node-2] iter=5,time(ms)=0.015,rebound.
[ego_planner_node-2] [ERROR] [1772351485.612193840] [check_collision_and_rebound]: ERROR! the drone is in obstacle. This should not happen.
[ego_planner_node-2] iter=5,time(ms)=0.34,rebound.
[ego_planner_node-2] iter=16,time(ms)=0.053,rebound.
[ego_planner_node-2] iter=55,time(ms)=0.16,rebound.
[ego_planner_node-2] [WARN] [1772351485.612822790] [rebound_optimize]: First 3 control points in obstacles! return false, t=0.000000
[ego_planner_node-2] traj 2 failed.
[ego_planner_node-2] iter=5,time(ms)=0.015,rebound.
[ego_planner_node-2] [ERROR] [1772351485.612850267] [check_collision_and_rebound]: ERROR! the drone is in obstacle. This should not happen.
[ego_planner_node-2] iter=5,time(ms)=0.34,rebound.
[ego_planner_node-2] iter=12,time(ms)=0.03,rebound.
[ego_planner_node-2] [ERROR] [1772351485.613239080] [check_collision_and_rebound]: ERROR! the drone is in obstacle. This should not happen.
[ego_planner_node-2] iter=11,time(ms)=0.073,rebound.
[ego_planner_node-2] iter=7,time(ms)=0.019,rebound.
[ego_planner_node-2] iter=13,time(ms)=0.033,rebound.
[ego_planner_node-2] iter=57,time(ms)=0.15,rebound.
[ego_planner_node-2] [WARN] [1772351485.613584385] [rebound_optimize]: First 3 control points in obstacles! return false, t=0.000000
[ego_planner_node-2] traj 3 failed.
[ego_planner_node-2] iter=5,time(ms)=0.015,rebound.
[ego_planner_node-2] [ERROR] [1772351485.613610737] [check_collision_and_rebound]: ERROR! the drone is in obstacle. This should not happen.
[ego_planner_node-2] iter=5,time(ms)=0.36,rebound.
[ego_planner_node-2] iter=13,time(ms)=0.031,rebound.
[ego_planner_node-2] iter=9,time(ms)=0.027,rebound.
[ego_planner_node-2] iter=8,time(ms)=0.019,rebound.
[ego_planner_node-2] iter=16,time(ms)=0.038,rebound.
[ego_planner_node-2] [WARN] [1772351485.614240400] [rebound_optimize]: First 3 control points in obstacles! return false, t=0.000000
[ego_planner_node-2] traj 4 failed.
[ego_planner_node-2] plan_success=0
[ego_planner_node-2] refine_success=0
[ego_planner_node-2] [WARN] [1772351485.614436323] [distinctiveTrajs]: Can't find the new base points at the opposite within the threshold. i=1, j=0
[ego_planner_node-2] [47;30m
[ego_planner_node-2] [drone 0 replan 107]==============================================[0m
[ego_planner_node-2] [1;33mmulti-trajs=4[1;0m
[ego_planner_node-2] iter=5,time(ms)=0.018,rebound.
[ego_planner_node-2] [ERROR] [1772351485.614487757] [check_collision_and_rebound]: ERROR! the drone is in obstacle. This should not happen.
[ego_planner_node-2] iter=5,time(ms)=0.37,rebound.
[ego_planner_node-2] iter=14,time(ms)=0.096,rebound.
[ego_planner_node-2] iter=40,time(ms)=0.11,rebound.
[ego_planner_node-2] iter=40,time(ms)=0.11,rebound.
[ego_planner_node-2] [WARN] [1772351485.615232339] [rebound_optimize]: First 3 control points in obstacles! return false, t=0.000000
[ego_planner_node-2] traj 1 failed.
[ego_planner_node-2] iter=5,time(ms)=0.015,rebound.
[ego_planner_node-2] [ERROR] [1772351485.615259160] [check_collision_and_rebound]: ERROR! the drone is in obstacle. This should not happen.
[ego_planner_node-2] iter=5,time(ms)=0.35,rebound.
[ego_planner_node-2] iter=16,time(ms)=0.051,rebound.
[ego_planner_node-2] iter=55,time(ms)=0.15,rebound.
[ego_planner_node-2] [WARN] [1772351485.615891972] [rebound_optimize]: First 3 control points in obstacles! return false, t=0.000000
[ego_planner_node-2] traj 2 failed.
[ego_planner_node-2] iter=5,time(ms)=0.016,rebound.
[ego_planner_node-2] [ERROR] [1772351485.615919403] [check_collision_and_rebound]: ERROR! the drone is in obstacle. This should not happen.
[ego_planner_node-2] iter=5,time(ms)=0.34,rebound.
[ego_planner_node-2] iter=12,time(ms)=0.028,rebound.
[ego_planner_node-2] [ERROR] [1772351485.616300373] [check_collision_and_rebound]: ERROR! the drone is in obstacle. This should not happen.
[ego_planner_node-2] iter=11,time(ms)=0.071,rebound.
[ego_planner_node-2] iter=7,time(ms)=0.019,rebound.
[ego_planner_node-2] iter=13,time(ms)=0.03,rebound.
[ego_planner_node-2] iter=57,time(ms)=0.15,rebound.
[ego_planner_node-2] [WARN] [1772351485.616644718] [rebound_optimize]: First 3 control points in obstacles! return false, t=0.000000
[ego_planner_node-2] traj 3 failed.
[ego_planner_node-2] iter=5,time(ms)=0.016,rebound.
[ego_planner_node-2] [ERROR] [1772351485.616672249] [check_collision_and_rebound]: ERROR! the drone is in obstacle. This should not happen.
[ego_planner_node-2] iter=5,time(ms)=0.35,rebound.
[ego_planner_node-2] iter=13,time(ms)=0.03,rebound.
[ego_planner_node-2] iter=9,time(ms)=0.027,rebound.
[ego_planner_node-2] iter=8,time(ms)=0.019,rebound.
[ego_planner_node-2] iter=16,time(ms)=0.037,rebound.
[ego_planner_node-2] [WARN] [1772351485.617297321] [rebound_optimize]: First 3 control points in obstacles! return false, t=0.000000
[ego_planner_node-2] traj 4 failed.
[ego_planner_node-2] plan_success=0
[ego_planner_node-2] refine_success=0
[ego_planner_node-2] [WARN] [1772351485.617469745] [distinctiveTrajs]: Can't find the new base points at the opposite within the threshold. i=1, j=0
[ego_planner_node-2] [47;30m
[ego_planner_node-2] [drone 0 replan 108]==============================================[0m
[ego_planner_node-2] [1;33mmulti-trajs=4[1;0m
[ego_planner_node-2] iter=5,time(ms)=0.017,rebound.
[ego_planner_node-2] [ERROR] [1772351485.617510787] [check_collision_and_rebound]: ERROR! the drone is in obstacle. This should not happen.
[ego_planner_node-2] iter=5,time(ms)=0.36,rebound.
[ego_planner_node-2] iter=14,time(ms)=0.1,rebound.
[ego_planner_node-2] iter=40,time(ms)=0.12,rebound.
[ego_planner_node-2] iter=40,time(ms)=0.11,rebound.
[ego_planner_node-2] [WARN] [1772351485.618260349] [rebound_optimize]: First 3 control points in obstacles! return false, t=0.000000
[ego_planner_node-2] traj 1 failed.
[ego_planner_node-2] iter=5,time(ms)=0.015,rebound.
[ego_planner_node-2] [ERROR] [1772351485.618288170] [check_collision_and_rebound]: ERROR! the drone is in obstacle. This should not happen.
[ego_planner_node-2] iter=5,time(ms)=0.35,rebound.
[ego_planner_node-2] iter=16,time(ms)=0.051,rebound.
[ego_planner_node-2] iter=55,time(ms)=0.15,rebound.
[ego_planner_node-2] [WARN] [1772351485.618928949] [rebound_optimize]: First 3 control points in obstacles! return false, t=0.000000
[ego_planner_node-2] traj 2 failed.
[ego_planner_node-2] iter=5,time(ms)=0.016,rebound.
[ego_planner_node-2] [ERROR] [1772351485.618963919] [check_collision_and_rebound]: ERROR! the drone is in obstacle. This should not happen.
[ego_planner_node-2] iter=5,time(ms)=0.34,rebound.
[ego_planner_node-2] iter=12,time(ms)=0.03,rebound.
[ego_planner_node-2] [ERROR] [1772351485.619352096] [check_collision_and_rebound]: ERROR! the drone is in obstacle. This should not happen.
[ego_planner_node-2] iter=11,time(ms)=0.073,rebound.
[ego_planner_node-2] iter=7,time(ms)=0.02,rebound.
[ego_planner_node-2] iter=13,time(ms)=0.03,rebound.
[ego_planner_node-2] iter=57,time(ms)=0.15,rebound.
[ego_planner_node-2] [WARN] [1772351485.619701671] [rebound_optimize]: First 3 control points in obstacles! return false, t=0.000000
[ego_planner_node-2] traj 3 failed.
[ego_planner_node-2] iter=5,time(ms)=0.015,rebound.
[ego_planner_node-2] [ERROR] [1772351485.619729607] [check_collision_and_rebound]: ERROR! the drone is in obstacle. This should not happen.
[ego_planner_node-2] iter=5,time(ms)=0.37,rebound.
[ego_planner_node-2] iter=13,time(ms)=0.031,rebound.
[ego_planner_node-2] iter=9,time(ms)=0.027,rebound.
[ego_planner_node-2] iter=8,time(ms)=0.02,rebound.
[ego_planner_node-2] iter=16,time(ms)=0.038,rebound.
[ego_planner_node-2] [WARN] [1772351485.620374300] [rebound_optimize]: First 3 control points in obstacles! return false, t=0.000000
[ego_planner_node-2] traj 4 failed.
[ego_planner_node-2] plan_success=0
[ego_planner_node-2] refine_success=0
[ego_planner_node-2] [WARN] [1772351485.620561414] [distinctiveTrajs]: Can't find the new base points at the opposite within the threshold. i=1, j=0
[ego_planner_node-2] [47;30m
[ego_planner_node-2] [drone 0 replan 109]==============================================[0m
[ego_planner_node-2] [1;33mmulti-trajs=4[1;0m
[ego_planner_node-2] iter=5,time(ms)=0.017,rebound.
[ego_planner_node-2] [ERROR] [1772351485.620603754] [check_collision_and_rebound]: ERROR! the drone is in obstacle. This should not happen.
[ego_planner_node-2] iter=5,time(ms)=0.37,rebound.
[ego_planner_node-2] iter=14,time(ms)=0.093,rebound.
[ego_planner_node-2] iter=40,time(ms)=0.11,rebound.
[ego_planner_node-2] iter=40,time(ms)=0.11,rebound.
[ego_planner_node-2] traj 1 failed.
[ego_planner_node-2] [WARN] [1772351485.621346503] [rebound_optimize]: First 3 control points in obstacles! return false, t=0.000000
[ego_planner_node-2] [ERROR] [1772351485.621374797] [check_collision_and_rebound]: ERROR! the drone is in obstacle. This should not happen.
[ego_planner_node-2] iter=5,time(ms)=0.015,rebound.
[ego_planner_node-2] iter=5,time(ms)=0.34,rebound.
[ego_planner_node-2] iter=16,time(ms)=0.051,rebound.
[ego_planner_node-2] iter=55,time(ms)=0.15,rebound.
[ego_planner_node-2] [WARN] [1772351485.622012089] [rebound_optimize]: First 3 control points in obstacles! return false, t=0.000000
[ego_planner_node-2] [ERROR] [1772351485.622040387] [check_collision_and_rebound]: ERROR! the drone is in obstacle. This should not happen.
[ego_planner_node-2] traj 2 failed.
[ego_planner_node-2] iter=5,time(ms)=0.015,rebound.
[ego_planner_node-2] iter=5,time(ms)=0.34,rebound.
[ego_planner_node-2] iter=12,time(ms)=0.028,rebound.
[ego_planner_node-2] [ERROR] [1772351485.622421816] [check_collision_and_rebound]: ERROR! the drone is in obstacle. This should not happen.
[ego_planner_node-2] iter=11,time(ms)=0.07,rebound.
[ego_planner_node-2] iter=7,time(ms)=0.019,rebound.
[ego_planner_node-2] iter=13,time(ms)=0.03,rebound.
[ego_planner_node-2] iter=57,time(ms)=0.15,rebound.
[ego_planner_node-2] [WARN] [1772351485.622763914] [rebound_optimize]: First 3 control points in obstacles! return false, t=0.000000
[ego_planner_node-2] [ERROR] [1772351485.622790893] [check_collision_and_rebound]: ERROR! the drone is in obstacle. This should not happen.
[ego_planner_node-2] traj 3 failed.
[ego_planner_node-2] iter=5,time(ms)=0.015,rebound.
[ego_planner_node-2] iter=5,time(ms)=0.38,rebound.
[ego_planner_node-2] iter=13,time(ms)=0.03,rebound.
[ego_planner_node-2] iter=9,time(ms)=0.026,rebound.
[ego_planner_node-2] iter=8,time(ms)=0.019,rebound.
[ego_planner_node-2] iter=16,time(ms)=0.038,rebound.
[ego_planner_node-2] [WARN] [1772351485.623440966] [rebound_optimize]: First 3 control points in obstacles! return false, t=0.000000
[ego_planner_node-2] traj 4 failed.
[ego_planner_node-2] plan_success=0
[ego_planner_node-2] refine_success=0
[ego_planner_node-2] [WARN] [1772351485.623628660] [distinctiveTrajs]: Can't find the new base points at the opposite within the threshold. i=1, j=0
[ego_planner_node-2] [ERROR] [1772351485.623672958] [check_collision_and_rebound]: ERROR! the drone is in obstacle. This should not happen.
[ego_planner_node-2] [47;30m
[ego_planner_node-2] [drone 0 replan 110]==============================================[0m
[ego_planner_node-2] [1;33mmulti-trajs=4[1;0m
[ego_planner_node-2] iter=5,time(ms)=0.017,rebound.
[ego_planner_node-2] iter=5,time(ms)=0.37,rebound.
[ego_planner_node-2] iter=14,time(ms)=0.11,rebound.
[ego_planner_node-2] iter=40,time(ms)=0.15,rebound.
[ego_planner_node-2] iter=40,time(ms)=0.13,rebound.
[ego_planner_node-2] [WARN] [1772351485.624507195] [rebound_optimize]: First 3 control points in obstacles! return false, t=0.000000
[ego_planner_node-2] traj 1 failed.
[ego_planner_node-2] iter=5,time(ms)=0.029,rebound.
[ego_planner_node-2] [ERROR] [1772351485.624578482] [check_collision_and_rebound]: ERROR! the drone is in obstacle. This should not happen.
[ego_planner_node-2] iter=5,time(ms)=0.42,rebound.
[ego_planner_node-2] iter=16,time(ms)=0.058,rebound.
[ego_planner_node-2] iter=55,time(ms)=0.15,rebound.
[ego_planner_node-2] [WARN] [1772351485.625292561] [rebound_optimize]: First 3 control points in obstacles! return false, t=0.000000
[ego_planner_node-2] traj 2 failed.
[ego_planner_node-2] iter=5,time(ms)=0.017,rebound.
[ego_planner_node-2] [ERROR] [1772351485.625324556] [check_collision_and_rebound]: ERROR! the drone is in obstacle. This should not happen.
[ego_planner_node-2] iter=5,time(ms)=0.35,rebound.
[ego_planner_node-2] iter=12,time(ms)=0.029,rebound.
[ego_planner_node-2] [ERROR] [1772351485.625715432] [check_collision_and_rebound]: ERROR! the drone is in obstacle. This should not happen.
[ego_planner_node-2] iter=11,time(ms)=0.072,rebound.
[ego_planner_node-2] iter=7,time(ms)=0.019,rebound.
[ego_planner_node-2] iter=13,time(ms)=0.031,rebound.
[ego_planner_node-2] iter=57,time(ms)=0.16,rebound.
[ego_planner_node-2] [WARN] [1772351485.626068638] [rebound_optimize]: First 3 control points in obstacles! return false, t=0.000000
[ego_planner_node-2] [ERROR] [1772351485.626096352] [check_collision_and_rebound]: ERROR! the drone is in obstacle. This should not happen.
[ego_planner_node-2] traj 3 failed.
[ego_planner_node-2] iter=5,time(ms)=0.016,rebound.
[ego_planner_node-2] iter=5,time(ms)=0.38,rebound.
[ego_planner_node-2] iter=13,time(ms)=0.031,rebound.
[ego_planner_node-2] iter=9,time(ms)=0.026,rebound.
[ego_planner_node-2] iter=8,time(ms)=0.019,rebound.
[ego_planner_node-2] iter=16,time(ms)=0.038,rebound.
[ego_planner_node-2] [WARN] [1772351485.626746180] [rebound_optimize]: First 3 control points in obstacles! return false, t=0.000000
[ego_planner_node-2] traj 4 failed.
[ego_planner_node-2] plan_success=0
[ego_planner_node-2] refine_success=0
[ego_planner_node-2] [WARN] [1772351485.626930524] [distinctiveTrajs]: Can't find the new base points at the opposite within the threshold. i=1, j=0
[ego_planner_node-2] [47;30m
[ego_planner_node-2] [drone 0 replan 111]==============================================[0m
[ego_planner_node-2] [1;33mmulti-trajs=4[1;0m
[ego_planner_node-2] iter=5,time(ms)=0.017,rebound.
[ego_planner_node-2] [ERROR] [1772351485.626974707] [check_collision_and_rebound]: ERROR! the drone is in obstacle. This should not happen.
[ego_planner_node-2] iter=5,time(ms)=0.36,rebound.
[ego_planner_node-2] iter=14,time(ms)=0.093,rebound.
[ego_planner_node-2] iter=40,time(ms)=0.11,rebound.
[ego_planner_node-2] iter=40,time(ms)=0.11,rebound.
[ego_planner_node-2] [WARN] [1772351485.627712285] [rebound_optimize]: First 3 control points in obstacles! return false, t=0.000000
[ego_planner_node-2] traj 1 failed.
[ego_planner_node-2] iter=5,time(ms)=0.015,rebound.
[ego_planner_node-2] [ERROR] [1772351485.627738965] [check_collision_and_rebound]: ERROR! the drone is in obstacle. This should not happen.
[ego_planner_node-2] iter=5,time(ms)=0.34,rebound.
[ego_planner_node-2] iter=16,time(ms)=0.05,rebound.
[ego_planner_node-2] iter=55,time(ms)=0.15,rebound.
[ego_planner_node-2] [WARN] [1772351485.628366604] [rebound_optimize]: First 3 control points in obstacles! return false, t=0.000000
[ego_planner_node-2] traj 2 failed.
[ego_planner_node-2] iter=5,time(ms)=0.015,rebound.
[ego_planner_node-2] [ERROR] [1772351485.628394173] [check_collision_and_rebound]: ERROR! the drone is in obstacle. This should not happen.
[ego_planner_node-2] iter=5,time(ms)=0.36,rebound.
[ego_planner_node-2] iter=12,time(ms)=0.03,rebound.
[ego_planner_node-2] [ERROR] [1772351485.628795028] [check_collision_and_rebound]: ERROR! the drone is in obstacle. This should not happen.
[ego_planner_node-2] iter=11,time(ms)=0.07,rebound.
[ego_planner_node-2] iter=7,time(ms)=0.02,rebound.
[ego_planner_node-2] iter=13,time(ms)=0.031,rebound.
[ego_planner_node-2] iter=57,time(ms)=0.16,rebound.
[ego_planner_node-2] [WARN] [1772351485.629154534] [rebound_optimize]: First 3 control points in obstacles! return false, t=0.000000
[ego_planner_node-2] [ERROR] [1772351485.629183737] [check_collision_and_rebound]: ERROR! the drone is in obstacle. This should not happen.
[ego_planner_node-2] traj 3 failed.
[ego_planner_node-2] iter=5,time(ms)=0.016,rebound.
[ego_planner_node-2] iter=5,time(ms)=0.35,rebound.
[ego_planner_node-2] iter=13,time(ms)=0.032,rebound.
[ego_planner_node-2] iter=9,time(ms)=0.027,rebound.
[ego_planner_node-2] iter=8,time(ms)=0.02,rebound.
[ego_planner_node-2] iter=16,time(ms)=0.038,rebound.
[ego_planner_node-2] [WARN] [1772351485.629810623] [rebound_optimize]: First 3 control points in obstacles! return false, t=0.000000
[ego_planner_node-2] traj 4 failed.
[ego_planner_node-2] plan_success=0
[ego_planner_node-2] refine_success=0
[ego_planner_node-2] [WARN] [1772351485.629988924] [distinctiveTrajs]: Can't find the new base points at the opposite within the threshold. i=1, j=0
[ego_planner_node-2] [47;30m
[ego_planner_node-2] [drone 0 replan 112]==============================================[0m
[ego_planner_node-2] [1;33mmulti-trajs=4[1;0m
[ego_planner_node-2] iter=5,time(ms)=0.017,rebound.
[ego_planner_node-2] [ERROR] [1772351485.630030366] [check_collision_and_rebound]: ERROR! the drone is in obstacle. This should not happen.
[ego_planner_node-2] iter=5,time(ms)=0.35,rebound.
[ego_planner_node-2] iter=14,time(ms)=0.092,rebound.
[ego_planner_node-2] iter=40,time(ms)=0.11,rebound.
[ego_planner_node-2] iter=40,time(ms)=0.11,rebound.
[ego_planner_node-2] [WARN] [1772351485.630757584] [rebound_optimize]: First 3 control points in obstacles! return false, t=0.000000
[ego_planner_node-2] [ERROR] [1772351485.630786528] [check_collision_and_rebound]: ERROR! the drone is in obstacle. This should not happen.
[ego_planner_node-2] traj 1 failed.
[ego_planner_node-2] iter=5,time(ms)=0.016,rebound.
[ego_planner_node-2] iter=5,time(ms)=0.38,rebound.
[ego_planner_node-2] iter=16,time(ms)=0.053,rebound.
[ego_planner_node-2] iter=55,time(ms)=0.15,rebound.
[ego_planner_node-2] [WARN] [1772351485.631449388] [rebound_optimize]: First 3 control points in obstacles! return false, t=0.000000
[ego_planner_node-2] traj 2 failed.
[ego_planner_node-2] iter=5,time(ms)=0.015,rebound.
[ego_planner_node-2] [ERROR] [1772351485.631477688] [check_collision_and_rebound]: ERROR! the drone is in obstacle. This should not happen.
[ego_planner_node-2] iter=5,time(ms)=0.35,rebound.
[ego_planner_node-2] iter=12,time(ms)=0.03,rebound.
[ego_planner_node-2] [ERROR] [1772351485.631870596] [check_collision_and_rebound]: ERROR! the drone is in obstacle. This should not happen.
[ego_planner_node-2] iter=11,time(ms)=0.072,rebound.
[ego_planner_node-2] iter=7,time(ms)=0.023,rebound.
[ego_planner_node-2] iter=13,time(ms)=0.031,rebound.
[ego_planner_node-2] iter=57,time(ms)=0.15,rebound.
[ego_planner_node-2] [WARN] [1772351485.632224165] [rebound_optimize]: First 3 control points in obstacles! return false, t=0.000000
[ego_planner_node-2] [ERROR] [1772351485.632253933] [check_collision_and_rebound]: ERROR! the drone is in obstacle. This should not happen.
[ego_planner_node-2] traj 3 failed.
[ego_planner_node-2] iter=5,time(ms)=0.016,rebound.
[ego_planner_node-2] iter=5,time(ms)=0.35,rebound.
[ego_planner_node-2] iter=13,time(ms)=0.033,rebound.
[ego_planner_node-2] iter=9,time(ms)=0.028,rebound.
[ego_planner_node-2] iter=8,time(ms)=0.022,rebound.
[ego_planner_node-2] iter=16,time(ms)=0.039,rebound.
[ego_planner_node-2] traj 4 failed.
[ego_planner_node-2] plan_success=0
[ego_planner_node-2] refine_success=0
[ego_planner_node-2] [WARN] [1772351485.632898429] [rebound_optimize]: First 3 control points in obstacles! return false, t=0.000000
[ego_planner_node-2] [WARN] [1772351485.633127502] [distinctiveTrajs]: Can't find the new base points at the opposite within the threshold. i=1, j=0
[ego_planner_node-2] [ERROR] [1772351485.633177784] [check_collision_and_rebound]: ERROR! the drone is in obstacle. This should not happen.
[ego_planner_node-2] [47;30m
[ego_planner_node-2] [drone 0 replan 113]==============================================[0m
[ego_planner_node-2] [1;33mmulti-trajs=4[1;0m
[ego_planner_node-2] iter=5,time(ms)=0.02,rebound.
[ego_planner_node-2] iter=5,time(ms)=0.37,rebound.
[ego_planner_node-2] iter=14,time(ms)=0.093,rebound.
[ego_planner_node-2] iter=40,time(ms)=0.11,rebound.
[ego_planner_node-2] iter=40,time(ms)=0.11,rebound.
[ego_planner_node-2] traj 1 failed.
[ego_planner_node-2] iter=5,time(ms)=0.017,rebound.
[ego_planner_node-2] [WARN] [1772351485.633929026] [rebound_optimize]: First 3 control points in obstacles! return false, t=0.000000
[ego_planner_node-2] [ERROR] [1772351485.633962789] [check_collision_and_rebound]: ERROR! the drone is in obstacle. This should not happen.
[ego_planner_node-2] iter=5,time(ms)=0.41,rebound.
[ego_planner_node-2] iter=16,time(ms)=0.061,rebound.
[ego_planner_node-2] iter=55,time(ms)=0.16,rebound.
[ego_planner_node-2] traj 2 failed.
[ego_planner_node-2] iter=5,time(ms)=0.017,rebound.
[ego_planner_node-2] [WARN] [1772351485.634681048] [rebound_optimize]: First 3 control points in obstacles! return false, t=0.000000
[ego_planner_node-2] [ERROR] [1772351485.634716358] [check_collision_and_rebound]: ERROR! the drone is in obstacle. This should not happen.
[ego_planner_node-2] iter=5,time(ms)=0.35,rebound.
[ego_planner_node-2] iter=12,time(ms)=0.029,rebound.
[ego_planner_node-2] iter=11,time(ms)=0.074,rebound.
[ego_planner_node-2] [ERROR] [1772351485.635114685] [check_collision_and_rebound]: ERROR! the drone is in obstacle. This should not happen.
[ego_planner_node-2] iter=7,time(ms)=0.022,rebound.
[ego_planner_node-2] iter=13,time(ms)=0.031,rebound.
[ego_planner_node-2] iter=57,time(ms)=0.16,rebound.
[ego_planner_node-2] [WARN] [1772351485.635476108] [rebound_optimize]: First 3 control points in obstacles! return false, t=0.000000
[ego_planner_node-2] [ERROR] [1772351485.635518811] [check_collision_and_rebound]: ERROR! the drone is in obstacle. This should not happen.
[ego_planner_node-2] traj 3 failed.
[ego_planner_node-2] iter=5,time(ms)=0.023,rebound.
[ego_planner_node-2] iter=5,time(ms)=0.4,rebound.
[ego_planner_node-2] iter=13,time(ms)=0.039,rebound.
[ego_planner_node-2] iter=9,time(ms)=0.029,rebound.
[ego_planner_node-2] iter=8,time(ms)=0.022,rebound.
[ego_planner_node-2] iter=16,time(ms)=0.038,rebound.
[ego_planner_node-2] [WARN] [1772351485.636211122] [rebound_optimize]: First 3 control points in obstacles! return false, t=0.000000
[ego_planner_node-2] traj 4 failed.
[ego_planner_node-2] plan_success=0
[ego_planner_node-2] refine_success=0
[ego_planner_node-2] [WARN] [1772351485.636421976] [distinctiveTrajs]: Can't find the new base points at the opposite within the threshold. i=1, j=0
[ego_planner_node-2] [ERROR] [1772351485.636469717] [check_collision_and_rebound]: ERROR! the drone is in obstacle. This should not happen.
[ego_planner_node-2] [47;30m
[ego_planner_node-2] [drone 0 replan 114]==============================================[0m
[ego_planner_node-2] [1;33mmulti-trajs=4[1;0m
[ego_planner_node-2] iter=5,time(ms)=0.02,rebound.
[ego_planner_node-2] iter=5,time(ms)=0.38,rebound.
[ego_planner_node-2] iter=14,time(ms)=0.11,rebound.
[ego_planner_node-2] iter=40,time(ms)=0.11,rebound.
[ego_planner_node-2] iter=40,time(ms)=0.11,rebound.
[ego_planner_node-2] traj 1 failed.
[ego_planner_node-2] iter=5,time(ms)=0.015,rebound.
[ego_planner_node-2] [WARN] [1772351485.637250470] [rebound_optimize]: First 3 control points in obstacles! return false, t=0.000000
[ego_planner_node-2] [ERROR] [1772351485.637279789] [check_collision_and_rebound]: ERROR! the drone is in obstacle. This should not happen.
[ego_planner_node-2] iter=5,time(ms)=0.38,rebound.
[ego_planner_node-2] iter=16,time(ms)=0.051,rebound.
[ego_planner_node-2] iter=55,time(ms)=0.16,rebound.
[ego_planner_node-2] traj 2 failed.
[ego_planner_node-2] [WARN] [1772351485.637949074] [rebound_optimize]: First 3 control points in obstacles! return false, t=0.000000
[ego_planner_node-2] [ERROR] [1772351485.637977417] [check_collision_and_rebound]: ERROR! the drone is in obstacle. This should not happen.
[ego_planner_node-2] iter=5,time(ms)=0.015,rebound.
[ego_planner_node-2] iter=5,time(ms)=0.36,rebound.
[ego_planner_node-2] iter=12,time(ms)=0.032,rebound.
[ego_planner_node-2] [ERROR] [1772351485.638380557] [check_collision_and_rebound]: ERROR! the drone is in obstacle. This should not happen.
[ego_planner_node-2] iter=11,time(ms)=0.073,rebound.
[ego_planner_node-2] iter=7,time(ms)=0.019,rebound.
[ego_planner_node-2] iter=13,time(ms)=0.031,rebound.
[ego_planner_node-2] iter=57,time(ms)=0.16,rebound.
[ego_planner_node-2] traj 3 failed.
[ego_planner_node-2] iter=5,time(ms)=0.016,rebound.
[ego_planner_node-2] [WARN] [1772351485.638732973] [rebound_optimize]: First 3 control points in obstacles! return false, t=0.000000
[ego_planner_node-2] [ERROR] [1772351485.638760790] [check_collision_and_rebound]: ERROR! the drone is in obstacle. This should not happen.
[ego_planner_node-2] iter=5,time(ms)=0.38,rebound.
[ego_planner_node-2] iter=13,time(ms)=0.03,rebound.
[ego_planner_node-2] iter=9,time(ms)=0.027,rebound.
[ego_planner_node-2] iter=8,time(ms)=0.02,rebound.
[ego_planner_node-2] iter=16,time(ms)=0.037,rebound.
[ego_planner_node-2] [WARN] [1772351485.639413491] [rebound_optimize]: First 3 control points in obstacles! return false, t=0.000000
[ego_planner_node-2] traj 4 failed.
[ego_planner_node-2] plan_success=0
[ego_planner_node-2] refine_success=0
[ego_planner_node-2] [FSM]: from GEN_NEW_TRAJ to GEN_NEW_TRAJ
[ego_planner_node-2] [WARN] [1772351485.640007685] [distinctiveTrajs]: Can't find the new base points at the opposite within the threshold. i=0, j=1
[ego_planner_node-2] [47;30m
[ego_planner_node-2] [drone 0 replan 115]==============================================[0m
[ego_planner_node-2] [1;33mmulti-trajs=4[1;0m
[ego_planner_node-2] iter=11,time(ms)=0.064,rebound.
[ego_planner_node-2] iter=5,time(ms)=0.14,rebound.
[ego_planner_node-2] [ERROR] [1772351485.640273492] [check_collision_and_rebound]: ERROR! the drone is in obstacle. This should not happen.
[ego_planner_node-2] iter=17,time(ms)=0.1,rebound.
[ego_planner_node-2] [ERROR] [1772351485.640368824] [check_collision_and_rebound]: ERROR! the drone is in obstacle. This should not happen.
[ego_planner_node-2] iter=13,time(ms)=0.27,rebound.
[ego_planner_node-2] traj 1 failed.
[ego_planner_node-2] iter=11,time(ms)=0.11,rebound.
[ego_planner_node-2] iter=9,time(ms)=0.025,rebound.
[ego_planner_node-2] iter=9,time(ms)=0.022,rebound.
[ego_planner_node-2] [WARN] [1772351485.640651719] [rebound_optimize]: First 3 control points in obstacles! return false, t=0.000000
[ego_planner_node-2] [ERROR] [1772351485.640673061] [check_collision_and_rebound]: ERROR! the drone is in obstacle. This should not happen.
[ego_planner_node-2] [ERROR] [1772351485.640829565] [check_collision_and_rebound]: ERROR! the drone is in obstacle. This should not happen.
[ego_planner_node-2] iter=7,time(ms)=0.043,rebound.
[ego_planner_node-2] iter=7,time(ms)=0.032,rebound.
[ego_planner_node-2] iter=12,time(ms)=0.028,rebound.
[ego_planner_node-2] traj 2 failed.
[ego_planner_node-2] [WARN] [1772351485.640991371] [rebound_optimize]: First 3 control points in obstacles! return false, t=0.000000
[ego_planner_node-2] [ERROR] [1772351485.641015561] [check_collision_and_rebound]: ERROR! the drone is in obstacle. This should not happen.
[ego_planner_node-2] iter=11,time(ms)=0.12,rebound.
[ego_planner_node-2] iter=8,time(ms)=0.036,rebound.
[ego_planner_node-2] iter=12,time(ms)=0.035,rebound.
[ego_planner_node-2] iter=7,time(ms)=0.029,rebound.
[ego_planner_node-2] traj 3 failed.
[ego_planner_node-2] [WARN] [1772351485.641258437] [rebound_optimize]: First 3 control points in obstacles! return false, t=0.000000
[ego_planner_node-2] [ERROR] [1772351485.641306772] [check_collision_and_rebound]: ERROR! the drone is in obstacle. This should not happen.
[ego_planner_node-2] [ERROR] [1772351485.641312264] [Coord2Index]: Ran out of pool, index=-1 70 117, POOL_SIZE=160 160 160
[ego_planner_node-2] [ERROR] [1772351485.641317434] [AstarSearch]: Unable to handle the initial or end point, force return!
[ego_planner_node-2] [ERROR] [1772351485.641320464] [check_collision_and_rebound]: a star error
[ego_planner_node-2] [ERROR] [1772351485.641331645] [check_collision_and_rebound]: ERROR! the drone is in obstacle. This should not happen.
[ego_planner_node-2] [ERROR] [1772351485.641335596] [Coord2Index]: Ran out of pool, index=-1 69 118, POOL_SIZE=160 160 160
[ego_planner_node-2] [ERROR] [1772351485.641338279] [AstarSearch]: Unable to handle the initial or end point, force return!
[ego_planner_node-2] [ERROR] [1772351485.641340453] [check_collision_and_rebound]: a star error
[ego_planner_node-2] [ERROR] [1772351485.641350923] [check_collision_and_rebound]: ERROR! the drone is in obstacle. This should not happen.
[ego_planner_node-2] [ERROR] [1772351485.641354722] [Coord2Index]: Ran out of pool, index=-1 69 119, POOL_SIZE=160 160 160
[ego_planner_node-2] [ERROR] [1772351485.641357285] [AstarSearch]: Unable to handle the initial or end point, force return!
[ego_planner_node-2] [ERROR] [1772351485.641359364] [check_collision_and_rebound]: a star error
[ego_planner_node-2] [ERROR] [1772351485.641369784] [check_collision_and_rebound]: ERROR! the drone is in obstacle. This should not happen.
[ego_planner_node-2] [ERROR] [1772351485.641373563] [Coord2Index]: Ran out of pool, index=-1 70 120, POOL_SIZE=160 160 160
[ego_planner_node-2] [ERROR] [1772351485.641376029] [AstarSearch]: Unable to handle the initial or end point, force return!
[ego_planner_node-2] [ERROR] [1772351485.641378096] [check_collision_and_rebound]: a star error
[ego_planner_node-2] [ERROR] [1772351485.641388814] [check_collision_and_rebound]: ERROR! the drone is in obstacle. This should not happen.
[ego_planner_node-2] [ERROR] [1772351485.641392568] [Coord2Index]: Ran out of pool, index=-1 69 120, POOL_SIZE=160 160 160
[ego_planner_node-2] [ERROR] [1772351485.641395038] [AstarSearch]: Unable to handle the initial or end point, force return!
[ego_planner_node-2] [ERROR] [1772351485.641397111] [check_collision_and_rebound]: a star error
[ego_planner_node-2] [ERROR] [1772351485.641407384] [check_collision_and_rebound]: ERROR! the drone is in obstacle. This should not happen.
[ego_planner_node-2] iter=12,time(ms)=0.023,rebound.
[ego_planner_node-2] iter=13,time(ms)=0.037,rebound.
[ego_planner_node-2] iter=5,time(ms)=0.019,rebound.
[ego_planner_node-2] iter=5,time(ms)=0.018,rebound.
[ego_planner_node-2] iter=5,time(ms)=0.018,rebound.
[ego_planner_node-2] iter=5,time(ms)=0.018,rebound.
[ego_planner_node-2] [ERROR] [1772351485.641411153] [Coord2Index]: Ran out of pool, index=-1 70 121, POOL_SIZE=160 160 160
[ego_planner_node-2] [ERROR] [1772351485.641413747] [AstarSearch]: Unable to handle the initial or end point, force return!
[ego_planner_node-2] [ERROR] [1772351485.641427694] [check_collision_and_rebound]: a star error
[ego_planner_node-2] [ERROR] [1772351485.641438407] [check_collision_and_rebound]: ERROR! the drone is in obstacle. This should not happen.
[ego_planner_node-2] [ERROR] [1772351485.641442154] [Coord2Index]: Ran out of pool, index=-1 70 121, POOL_SIZE=160 160 160
[ego_planner_node-2] [ERROR] [1772351485.641444640] [AstarSearch]: Unable to handle the initial or end point, force return!
[ego_planner_node-2] [ERROR] [1772351485.641446704] [check_collision_and_rebound]: a star error
[ego_planner_node-2] [ERROR] [1772351485.641457101] [check_collision_and_rebound]: ERROR! the drone is in obstacle. This should not happen.
[ego_planner_node-2] [ERROR] [1772351485.641460936] [Coord2Index]: Ran out of pool, index=-1 70 122, POOL_SIZE=160 160 160
[ego_planner_node-2] [ERROR] [1772351485.641463437] [AstarSearch]: Unable to handle the initial or end point, force return!
[ego_planner_node-2] [ERROR] [1772351485.641465562] [check_collision_and_rebound]: a star error
[ego_planner_node-2] [WARN] [1772351485.641476422] [rebound_optimize]: First 3 control points in obstacles! return false, t=0.000000
[ego_planner_node-2] iter=5,time(ms)=0.03,rebound.
[ego_planner_node-2] iter=5,time(ms)=0.018,rebound.
[ego_planner_node-2] iter=5,time(ms)=0.018,rebound.
[ego_planner_node-2] traj 4 failed.
[ego_planner_node-2] plan_success=0
[ego_planner_node-2] refine_success=0
[ego_planner_node-2] [WARN] [1772351485.641664721] [distinctiveTrajs]: Can't find the new base points at the opposite within the threshold. i=1, j=0
[ego_planner_node-2] [ERROR] [1772351485.641705297] [check_collision_and_rebound]: ERROR! the drone is in obstacle. This should not happen.
[ego_planner_node-2] [47;30m
[ego_planner_node-2] [drone 0 replan 116]==============================================[0m
[ego_planner_node-2] [1;33mmulti-trajs=4[1;0m
[ego_planner_node-2] iter=5,time(ms)=0.017,rebound.
[ego_planner_node-2] iter=5,time(ms)=0.37,rebound.
[ego_planner_node-2] iter=14,time(ms)=0.092,rebound.
[ego_planner_node-2] iter=40,time(ms)=0.11,rebound.
[ego_planner_node-2] iter=40,time(ms)=0.11,rebound.
[ego_planner_node-2] iter=49,time(ms)=0.4,rebound.
[ego_planner_node-2] traj 1 failed.
[ego_planner_node-2] iter=5,time(ms)=0.016,rebound.
[ego_planner_node-2] [WARN] [1772351485.642889475] [rebound_optimize]: First 3 control points in obstacles! return false, t=0.000000
[ego_planner_node-2] [ERROR] [1772351485.642920104] [check_collision_and_rebound]: ERROR! the drone is in obstacle. This should not happen.
[ego_planner_node-2] iter=5,time(ms)=0.39,rebound.
[ego_planner_node-2] iter=16,time(ms)=0.054,rebound.
[ego_planner_node-2] iter=55,time(ms)=0.16,rebound.
[ego_planner_node-2] traj 2 failed.
[ego_planner_node-2] iter=5,time(ms)=0.016,rebound.
[ego_planner_node-2] [WARN] [1772351485.643613648] [rebound_optimize]: First 3 control points in obstacles! return false, t=0.000000
[ego_planner_node-2] [ERROR] [1772351485.643646087] [check_collision_and_rebound]: ERROR! the drone is in obstacle. This should not happen.
[ego_planner_node-2] iter=5,time(ms)=0.44,rebound.
[ego_planner_node-2] iter=12,time(ms)=0.043,rebound.
[ego_planner_node-2] [ERROR] [1772351485.644153512] [check_collision_and_rebound]: ERROR! the drone is in obstacle. This should not happen.
[ego_planner_node-2] iter=11,time(ms)=0.1,rebound.
[ego_planner_node-2] iter=7,time(ms)=0.025,rebound.
[ego_planner_node-2] iter=13,time(ms)=0.038,rebound.
[ego_planner_node-2] iter=57,time(ms)=0.17,rebound.
[ego_planner_node-2] [WARN] [1772351485.644581241] [rebound_optimize]: First 3 control points in obstacles! return false, t=0.000000
[ego_planner_node-2] [ERROR] [1772351485.644628139] [check_collision_and_rebound]: ERROR! the drone is in obstacle. This should not happen.
[ego_planner_node-2] traj 3 failed.
[ego_planner_node-2] iter=5,time(ms)=0.019,rebound.
[ego_planner_node-2] iter=5,time(ms)=0.45,rebound.
[ego_planner_node-2] iter=13,time(ms)=0.033,rebound.
[ego_planner_node-2] iter=9,time(ms)=0.032,rebound.
[ego_planner_node-2] iter=8,time(ms)=0.02,rebound.
[ego_planner_node-2] iter=16,time(ms)=0.038,rebound.
[ego_planner_node-2] [WARN] [1772351485.645370886] [rebound_optimize]: First 3 control points in obstacles! return false, t=0.000000
[ego_planner_node-2] traj 4 failed.
[ego_planner_node-2] plan_success=0
[ego_planner_node-2] refine_success=0
[ego_planner_node-2] [WARN] [1772351485.645606838] [distinctiveTrajs]: Can't find the new base points at the opposite within the threshold. i=0, j=0
[ego_planner_node-2] [WARN] [1772351485.645615799] [distinctiveTrajs]: Can't find the new base points at the opposite within the threshold. i=0, j=0
[ego_planner_node-2] [47;30m
[ego_planner_node-2] [drone 0 replan 117]==============================================[0m
[ego_planner_node-2] [1;33mmulti-trajs=1[1;0m
[ego_planner_node-2] iter=5,time(ms)=0.64,rebound.
[ego_planner_node-2] iter=32,time(ms)=0.26,rebound.
[ego_planner_node-2] iter=25,time(ms)=0.1,rebound.
[ego_planner_node-2] iter=11,time(ms)=0.042,rebound.
[ego_planner_node-2] iter=42,time(ms)=0.15,rebound.
[ego_planner_node-2] iter=31,time(ms)=0.13,rebound.
[ego_planner_node-2] iter=39,time(ms)=0.15,rebound.
[ego_planner_node-2] iter=111,time(ms)=0.45,rebound.
[ego_planner_node-2] [WARN] [1772351485.648443257] [rebound_optimize]: First 3 control points in obstacles! return false, t=0.000000
[ego_planner_node-2] [WARN] [1772351485.648455783] [drone_0_ego_planner_node]: Suddenly discovered obstacles. emergency stop! time=0.000000
[ego_planner_node-2] traj 1 failed.
[ego_planner_node-2] plan_success=0
[ego_planner_node-2] refine_success=0
[ego_planner_node-2] [SAFETY]: from GEN_NEW_TRAJ to EMERGENCY_STOP
[ego_planner_node-2] [FSM]: from EMERGENCY_STOP to GEN_NEW_TRAJ
[ego_planner_node-2] [WARN] [1772351485.662425906] [distinctiveTrajs]: Can't find the new base points at the opposite within the threshold. i=1, j=0
[ego_planner_node-2] [ERROR] [1772351485.662637984] [check_collision_and_rebound]: ERROR! the drone is in obstacle. This should not happen.
[ego_planner_node-2] [47;30m
[ego_planner_node-2] [drone 0 replan 118]==============================================[0m
[ego_planner_node-2] [1;33mmulti-trajs=4[1;0m
[ego_planner_node-2] iter=5,time(ms)=0.048,rebound.
[ego_planner_node-2] iter=5,time(ms)=0.6,rebound.
[ego_planner_node-2] iter=14,time(ms)=0.12,rebound.
[ego_planner_node-2] iter=38,time(ms)=0.11,rebound.
[ego_planner_node-2] iter=45,time(ms)=0.13,rebound.
[ego_planner_node-2] traj 1 failed.
[ego_planner_node-2] iter=5,time(ms)=0.022,rebound.
[ego_planner_node-2] [WARN] [1772351485.663680214] [rebound_optimize]: First 3 control points in obstacles! return false, t=0.000000
[ego_planner_node-2] [ERROR] [1772351485.663720643] [check_collision_and_rebound]: ERROR! the drone is in obstacle. This should not happen.
[ego_planner_node-2] iter=5,time(ms)=0.38,rebound.
[ego_planner_node-2] iter=16,time(ms)=0.062,rebound.
[ego_planner_node-2] iter=51,time(ms)=0.16,rebound.
[ego_planner_node-2] traj 2 failed.
[ego_planner_node-2] iter=5,time(ms)=0.023,rebound.
[ego_planner_node-2] [WARN] [1772351485.664389239] [rebound_optimize]: First 3 control points in obstacles! return false, t=0.000000
[ego_planner_node-2] [ERROR] [1772351485.664437128] [check_collision_and_rebound]: ERROR! the drone is in obstacle. This should not happen.
[ego_planner_node-2] iter=5,time(ms)=0.42,rebound.
[ego_planner_node-2] iter=12,time(ms)=0.035,rebound.
[ego_planner_node-2] [ERROR] [1772351485.664906437] [check_collision_and_rebound]: ERROR! the drone is in obstacle. This should not happen.
[ego_planner_node-2] iter=11,time(ms)=0.085,rebound.
[ego_planner_node-2] iter=16,time(ms)=0.043,rebound.
[ego_planner_node-2] [ERROR] [1772351485.665047848] [check_collision_and_rebound]: ERROR! the drone is in obstacle. This should not happen.
[ego_planner_node-2] iter=17,time(ms)=0.13,rebound.
[ego_planner_node-2] [WARN] [1772351485.665272427] [rebound_optimize]: First 3 control points in obstacles! return false, t=0.000000
[ego_planner_node-2] [ERROR] [1772351485.665300354] [check_collision_and_rebound]: ERROR! the drone is in obstacle. This should not happen.
[ego_planner_node-2] traj 3 failed.
[ego_planner_node-2] iter=5,time(ms)=0.016,rebound.
[ego_planner_node-2] iter=5,time(ms)=0.39,rebound.
[ego_planner_node-2] iter=13,time(ms)=0.033,rebound.
[ego_planner_node-2] iter=9,time(ms)=0.029,rebound.
[ego_planner_node-2] iter=11,time(ms)=0.028,rebound.
[ego_planner_node-2] iter=13,time(ms)=0.034,rebound.
[ego_planner_node-2] [WARN] [1772351485.665987191] [rebound_optimize]: First 3 control points in obstacles! return false, t=0.000000
[ego_planner_node-2] traj 4 failed.
[ego_planner_node-2] plan_success=0
[ego_planner_node-2] refine_success=0
[ego_planner_node-2] [WARN] [1772351485.666191516] [distinctiveTrajs]: Can't find the new base points at the opposite within the threshold. i=1, j=0
[ego_planner_node-2] [47;30m
[ego_planner_node-2] [drone 0 replan 119]==============================================[0m
[ego_planner_node-2] [1;33mmulti-trajs=4[1;0m
[ego_planner_node-2] iter=5,time(ms)=0.018,rebound.
[ego_planner_node-2] [ERROR] [1772351485.666234439] [check_collision_and_rebound]: ERROR! the drone is in obstacle. This should not happen.
[ego_planner_node-2] iter=5,time(ms)=0.4,rebound.
[ego_planner_node-2] iter=14,time(ms)=0.084,rebound.
[ego_planner_node-2] iter=38,time(ms)=0.12,rebound.
[ego_planner_node-2] iter=45,time(ms)=0.14,rebound.
[ego_planner_node-2] [WARN] [1772351485.667056016] [rebound_optimize]: First 3 control points in obstacles! return false, t=0.000000
[ego_planner_node-2] traj 1 failed.
[ego_planner_node-2] iter=5,time(ms)=0.019,rebound.
[ego_planner_node-2] [ERROR] [1772351485.667088515] [check_collision_and_rebound]: ERROR! the drone is in obstacle. This should not happen.
[ego_planner_node-2] iter=5,time(ms)=0.38,rebound.
[ego_planner_node-2] iter=16,time(ms)=0.051,rebound.
[ego_planner_node-2] iter=51,time(ms)=0.16,rebound.
[ego_planner_node-2] [WARN] [1772351485.667738399] [rebound_optimize]: First 3 control points in obstacles! return false, t=0.000000
[ego_planner_node-2] traj 2 failed.
[ego_planner_node-2] iter=5,time(ms)=0.015,rebound.
[ego_planner_node-2] [ERROR] [1772351485.667767654] [check_collision_and_rebound]: ERROR! the drone is in obstacle. This should not happen.
[ego_planner_node-2] iter=5,time(ms)=0.37,rebound.
[ego_planner_node-2] iter=12,time(ms)=0.028,rebound.
[ego_planner_node-2] [ERROR] [1772351485.668186029] [check_collision_and_rebound]: ERROR! the drone is in obstacle. This should not happen.
[ego_planner_node-2] iter=11,time(ms)=0.072,rebound.
[ego_planner_node-2] iter=16,time(ms)=0.045,rebound.
[ego_planner_node-2] [ERROR] [1772351485.668322005] [check_collision_and_rebound]: ERROR! the drone is in obstacle. This should not happen.
[ego_planner_node-2] iter=17,time(ms)=0.13,rebound.
[ego_planner_node-2] [WARN] [1772351485.668547834] [rebound_optimize]: First 3 control points in obstacles! return false, t=0.000000
[ego_planner_node-2] traj 3 failed.
[ego_planner_node-2] iter=5,time(ms)=0.018,rebound.
[ego_planner_node-2] [ERROR] [1772351485.668578897] [check_collision_and_rebound]: ERROR! the drone is in obstacle. This should not happen.
[ego_planner_node-2] iter=5,time(ms)=0.38,rebound.
[ego_planner_node-2] iter=13,time(ms)=0.043,rebound.
[ego_planner_node-2] iter=9,time(ms)=0.09,rebound.
[ego_planner_node-2] iter=11,time(ms)=0.13,rebound.
[ego_planner_node-2] iter=13,time(ms)=0.16,rebound.
[ego_planner_node-2] [WARN] [1772351485.669757189] [rebound_optimize]: First 3 control points in obstacles! return false, t=0.000000
[ego_planner_node-2] traj 4 failed.
[ego_planner_node-2] plan_success=0
[ego_planner_node-2] refine_success=0
[ego_planner_node-2] [WARN] [1772351485.670110092] [distinctiveTrajs]: Can't find the new base points at the opposite within the threshold. i=1, j=0
[ego_planner_node-2] [47;30m
[ego_planner_node-2] [drone 0 replan 120]==============================================[0m
[ego_planner_node-2] [1;33mmulti-trajs=4[1;0m
[ego_planner_node-2] iter=5,time(ms)=0.021,rebound.
[ego_planner_node-2] [ERROR] [1772351485.670163233] [check_collision_and_rebound]: ERROR! the drone is in obstacle. This should not happen.
[ego_planner_node-2] iter=5,time(ms)=0.4,rebound.
[ego_planner_node-2] iter=14,time(ms)=0.082,rebound.
[ego_planner_node-2] iter=38,time(ms)=0.11,rebound.
[ego_planner_node-2] iter=45,time(ms)=0.13,rebound.
[ego_planner_node-2] [WARN] [1772351485.670984518] [rebound_optimize]: First 3 control points in obstacles! return false, t=0.000000
[ego_planner_node-2] traj 1 failed.
[ego_planner_node-2] iter=5,time(ms)=0.016,rebound.
[ego_planner_node-2] [ERROR] [1772351485.671022280] [check_collision_and_rebound]: ERROR! the drone is in obstacle. This should not happen.
[ego_planner_node-2] iter=5,time(ms)=0.36,rebound.
[ego_planner_node-2] iter=16,time(ms)=0.053,rebound.
[ego_planner_node-2] iter=51,time(ms)=0.15,rebound.
[ego_planner_node-2] [WARN] [1772351485.671641340] [rebound_optimize]: First 3 control points in obstacles! return false, t=0.000000
[ego_planner_node-2] [ERROR] [1772351485.671670324] [check_collision_and_rebound]: ERROR! the drone is in obstacle. This should not happen.
[ego_planner_node-2] traj 2 failed.
[ego_planner_node-2] iter=5,time(ms)=0.015,rebound.
[ego_planner_node-2] iter=5,time(ms)=0.37,rebound.
[ego_planner_node-2] iter=12,time(ms)=0.028,rebound.
[ego_planner_node-2] [ERROR] [1772351485.672083625] [check_collision_and_rebound]: ERROR! the drone is in obstacle. This should not happen.
[ego_planner_node-2] iter=11,time(ms)=0.069,rebound.
[ego_planner_node-2] iter=16,time(ms)=0.04,rebound.
[ego_planner_node-2] [ERROR] [1772351485.672209453] [check_collision_and_rebound]: ERROR! the drone is in obstacle. This should not happen.
[ego_planner_node-2] iter=17,time(ms)=0.12,rebound.
[ego_planner_node-2] [WARN] [1772351485.672418346] [rebound_optimize]: First 3 control points in obstacles! return false, t=0.000000
[ego_planner_node-2] [ERROR] [1772351485.672444616] [check_collision_and_rebound]: ERROR! the drone is in obstacle. This should not happen.
[ego_planner_node-2] traj 3 failed.
[ego_planner_node-2] iter=5,time(ms)=0.015,rebound.
[ego_planner_node-2] iter=5,time(ms)=0.34,rebound.
[ego_planner_node-2] iter=13,time(ms)=0.03,rebound.
[ego_planner_node-2] iter=9,time(ms)=0.027,rebound.
[ego_planner_node-2] iter=11,time(ms)=0.026,rebound.
[ego_planner_node-2] iter=13,time(ms)=0.032,rebound.
[ego_planner_node-2] [WARN] [1772351485.673068497] [rebound_optimize]: First 3 control points in obstacles! return false, t=0.000000
[ego_planner_node-2] traj 4 failed.
[ego_planner_node-2] plan_success=0
[ego_planner_node-2] refine_success=0
[ego_planner_node-2] [WARN] [1772351485.673269879] [distinctiveTrajs]: Can't find the new base points at the opposite within the threshold. i=1, j=0
[ego_planner_node-2] [47;30m
[ego_planner_node-2] [drone 0 replan 121]==============================================[0m
[ego_planner_node-2] [1;33mmulti-trajs=4[1;0m
[ego_planner_node-2] iter=5,time(ms)=0.017,rebound.
[ego_planner_node-2] [ERROR] [1772351485.673313933] [check_collision_and_rebound]: ERROR! the drone is in obstacle. This should not happen.
[ego_planner_node-2] iter=5,time(ms)=0.36,rebound.
[ego_planner_node-2] iter=14,time(ms)=0.08,rebound.
[ego_planner_node-2] iter=38,time(ms)=0.11,rebound.
[ego_planner_node-2] iter=45,time(ms)=0.12,rebound.
[ego_planner_node-2] [WARN] [1772351485.674055318] [rebound_optimize]: First 3 control points in obstacles! return false, t=0.000000
[ego_planner_node-2] traj 1 failed.
[ego_planner_node-2] iter=5,time(ms)=0.02,rebound.
[ego_planner_node-2] [ERROR] [1772351485.674092956] [check_collision_and_rebound]: ERROR! the drone is in obstacle. This should not happen.
[ego_planner_node-2] iter=5,time(ms)=0.41,rebound.
[ego_planner_node-2] iter=16,time(ms)=0.053,rebound.
[ego_planner_node-2] iter=51,time(ms)=0.14,rebound.
[ego_planner_node-2] [WARN] [1772351485.674766852] [rebound_optimize]: First 3 control points in obstacles! return false, t=0.000000
[ego_planner_node-2] [ERROR] [1772351485.674793647] [check_collision_and_rebound]: ERROR! the drone is in obstacle. This should not happen.
[ego_planner_node-2] traj 2 failed.
[ego_planner_node-2] iter=5,time(ms)=0.015,rebound.
[ego_planner_node-2] iter=5,time(ms)=0.43,rebound.
[ego_planner_node-2] iter=12,time(ms)=0.038,rebound.
[ego_planner_node-2] [ERROR] [1772351485.675274175] [check_collision_and_rebound]: ERROR! the drone is in obstacle. This should not happen.
[ego_planner_node-2] iter=11,time(ms)=0.072,rebound.
[ego_planner_node-2] iter=16,time(ms)=0.05,rebound.
[ego_planner_node-2] [ERROR] [1772351485.675414972] [check_collision_and_rebound]: ERROR! the drone is in obstacle. This should not happen.
[ego_planner_node-2] iter=17,time(ms)=0.13,rebound.
[ego_planner_node-2] [WARN] [1772351485.675654792] [rebound_optimize]: First 3 control points in obstacles! return false, t=0.000000
[ego_planner_node-2] [ERROR] [1772351485.675686583] [check_collision_and_rebound]: ERROR! the drone is in obstacle. This should not happen.
[ego_planner_node-2] traj 3 failed.
[ego_planner_node-2] iter=5,time(ms)=0.016,rebound.
[ego_planner_node-2] iter=5,time(ms)=0.43,rebound.
[ego_planner_node-2] iter=13,time(ms)=0.038,rebound.
[ego_planner_node-2] iter=9,time(ms)=0.043,rebound.
[ego_planner_node-2] iter=11,time(ms)=0.028,rebound.
[ego_planner_node-2] iter=13,time(ms)=0.038,rebound.
[ego_planner_node-2] [WARN] [1772351485.676468623] [rebound_optimize]: First 3 control points in obstacles! return false, t=0.000000
[ego_planner_node-2] traj 4 failed.
[ego_planner_node-2] plan_success=0
[ego_planner_node-2] refine_success=0
[ego_planner_node-2] [WARN] [1772351485.676690491] [distinctiveTrajs]: Can't find the new base points at the opposite within the threshold. i=1, j=0
[ego_planner_node-2] [ERROR] [1772351485.676734300] [check_collision_and_rebound]: ERROR! the drone is in obstacle. This should not happen.
[ego_planner_node-2] [47;30m
[ego_planner_node-2] [drone 0 replan 122]==============================================[0m
[ego_planner_node-2] [1;33mmulti-trajs=4[1;0m
[ego_planner_node-2] iter=5,time(ms)=0.017,rebound.
[ego_planner_node-2] iter=5,time(ms)=0.44,rebound.
[ego_planner_node-2] iter=14,time(ms)=0.094,rebound.
[ego_planner_node-2] iter=38,time(ms)=0.12,rebound.
[ego_planner_node-2] iter=45,time(ms)=0.13,rebound.
[ego_planner_node-2] [WARN] [1772351485.677590985] [rebound_optimize]: First 3 control points in obstacles! return false, t=0.000000
[ego_planner_node-2] traj 1 failed.
[ego_planner_node-2] iter=5,time(ms)=0.015,rebound.
[ego_planner_node-2] [ERROR] [1772351485.677621432] [check_collision_and_rebound]: ERROR! the drone is in obstacle. This should not happen.
[ego_planner_node-2] iter=5,time(ms)=0.43,rebound.
[ego_planner_node-2] iter=16,time(ms)=0.049,rebound.
[ego_planner_node-2] iter=51,time(ms)=0.17,rebound.
[ego_planner_node-2] [WARN] [1772351485.678330729] [rebound_optimize]: First 3 control points in obstacles! return false, t=0.000000
[ego_planner_node-2] traj 2 failed.
[ego_planner_node-2] iter=5,time(ms)=0.022,rebound.
[ego_planner_node-2] [ERROR] [1772351485.678366506] [check_collision_and_rebound]: ERROR! the drone is in obstacle. This should not happen.
[ego_planner_node-2] iter=5,time(ms)=0.42,rebound.
[ego_planner_node-2] iter=12,time(ms)=0.028,rebound.
[ego_planner_node-2] [ERROR] [1772351485.678826040] [check_collision_and_rebound]: ERROR! the drone is in obstacle. This should not happen.
[ego_planner_node-2] iter=11,time(ms)=0.075,rebound.
[ego_planner_node-2] iter=16,time(ms)=0.044,rebound.
[ego_planner_node-2] [ERROR] [1772351485.678974255] [check_collision_and_rebound]: ERROR! the drone is in obstacle. This should not happen.
[ego_planner_node-2] iter=17,time(ms)=0.14,rebound.
[ego_planner_node-2] [WARN] [1772351485.679232111] [rebound_optimize]: First 3 control points in obstacles! return false, t=0.000000
[ego_planner_node-2] traj 3 failed.
[ego_planner_node-2] iter=5,time(ms)=0.021,rebound.
[ego_planner_node-2] [ERROR] [1772351485.679270516] [check_collision_and_rebound]: ERROR! the drone is in obstacle. This should not happen.
[ego_planner_node-2] iter=5,time(ms)=0.42,rebound.
[ego_planner_node-2] iter=13,time(ms)=0.031,rebound.
[ego_planner_node-2] iter=9,time(ms)=0.03,rebound.
[ego_planner_node-2] iter=11,time(ms)=0.036,rebound.
[ego_planner_node-2] iter=13,time(ms)=0.035,rebound.
[ego_planner_node-2] [WARN] [1772351485.680023198] [rebound_optimize]: First 3 control points in obstacles! return false, t=0.000000
[ego_planner_node-2] traj 4 failed.
[ego_planner_node-2] plan_success=0
[ego_planner_node-2] refine_success=0
[ego_planner_node-2] [WARN] [1772351485.680230470] [distinctiveTrajs]: Can't find the new base points at the opposite within the threshold. i=1, j=0
[ego_planner_node-2] [47;30m
[ego_planner_node-2] [drone 0 replan 123]==============================================[0m
[ego_planner_node-2] [1;33mmulti-trajs=4[1;0m
[ego_planner_node-2] iter=5,time(ms)=0.017,rebound.
[ego_planner_node-2] [ERROR] [1772351485.680271016] [check_collision_and_rebound]: ERROR! the drone is in obstacle. This should not happen.
[ego_planner_node-2] iter=5,time(ms)=0.42,rebound.
[ego_planner_node-2] iter=14,time(ms)=0.091,rebound.
[ego_planner_node-2] iter=38,time(ms)=0.12,rebound.
[ego_planner_node-2] iter=45,time(ms)=0.13,rebound.
[ego_planner_node-2] [WARN] [1772351485.681116113] [rebound_optimize]: First 3 control points in obstacles! return false, t=0.000000
[ego_planner_node-2] traj 1 failed.
[ego_planner_node-2] iter=5,time(ms)=0.015,rebound.
[ego_planner_node-2] [ERROR] [1772351485.681145765] [check_collision_and_rebound]: ERROR! the drone is in obstacle. This should not happen.
[ego_planner_node-2] iter=5,time(ms)=0.41,rebound.
[ego_planner_node-2] iter=16,time(ms)=0.049,rebound.
[ego_planner_node-2] iter=51,time(ms)=0.17,rebound.
[ego_planner_node-2] [WARN] [1772351485.681839541] [rebound_optimize]: First 3 control points in obstacles! return false, t=0.000000
[ego_planner_node-2] traj 2 failed.
[ego_planner_node-2] iter=5,time(ms)=0.023,rebound.
[ego_planner_node-2] [ERROR] [1772351485.681875862] [check_collision_and_rebound]: ERROR! the drone is in obstacle. This should not happen.
[ego_planner_node-2] iter=5,time(ms)=0.39,rebound.
[ego_planner_node-2] iter=12,time(ms)=0.029,rebound.
[ego_planner_node-2] [ERROR] [1772351485.682315894] [check_collision_and_rebound]: ERROR! the drone is in obstacle. This should not happen.
[ego_planner_node-2] iter=11,time(ms)=0.076,rebound.
[ego_planner_node-2] iter=16,time(ms)=0.04,rebound.
[ego_planner_node-2] [ERROR] [1772351485.682459197] [check_collision_and_rebound]: ERROR! the drone is in obstacle. This should not happen.
[ego_planner_node-2] iter=17,time(ms)=0.14,rebound.
[ego_planner_node-2] [WARN] [1772351485.682715614] [rebound_optimize]: First 3 control points in obstacles! return false, t=0.000000
[ego_planner_node-2] traj 3 failed.
[ego_planner_node-2] iter=5,time(ms)=0.024,rebound.
[ego_planner_node-2] [ERROR] [1772351485.682756954] [check_collision_and_rebound]: ERROR! the drone is in obstacle. This should not happen.
[ego_planner_node-2] iter=5,time(ms)=0.42,rebound.
[ego_planner_node-2] iter=13,time(ms)=0.031,rebound.
[ego_planner_node-2] iter=9,time(ms)=0.028,rebound.
[ego_planner_node-2] iter=11,time(ms)=0.026,rebound.
[ego_planner_node-2] iter=13,time(ms)=0.047,rebound.
[ego_planner_node-2] [WARN] [1772351485.683495008] [rebound_optimize]: First 3 control points in obstacles! return false, t=0.000000
[ego_planner_node-2] traj 4 failed.
[ego_planner_node-2] plan_success=0
[ego_planner_node-2] refine_success=0
[ego_planner_node-2] [WARN] [1772351485.683707685] [distinctiveTrajs]: Can't find the new base points at the opposite within the threshold. i=1, j=0
[ego_planner_node-2] [47;30m
[ego_planner_node-2] [drone 0 replan 124]==============================================[0m
[ego_planner_node-2] [1;33mmulti-trajs=4[1;0m
[ego_planner_node-2] iter=5,time(ms)=0.016,rebound.
[ego_planner_node-2] [ERROR] [1772351485.683747971] [check_collision_and_rebound]: ERROR! the drone is in obstacle. This should not happen.
[ego_planner_node-2] iter=5,time(ms)=0.41,rebound.
[ego_planner_node-2] iter=14,time(ms)=0.081,rebound.
[ego_planner_node-2] iter=38,time(ms)=0.13,rebound.
[ego_planner_node-2] iter=45,time(ms)=0.13,rebound.
[ego_planner_node-2] [WARN] [1772351485.684581498] [rebound_optimize]: First 3 control points in obstacles! return false, t=0.000000
[ego_planner_node-2] traj 1 failed.
[ego_planner_node-2] iter=5,time(ms)=0.02,rebound.
[ego_planner_node-2] [ERROR] [1772351485.684617151] [check_collision_and_rebound]: ERROR! the drone is in obstacle. This should not happen.
[ego_planner_node-2] iter=5,time(ms)=0.42,rebound.
[ego_planner_node-2] iter=16,time(ms)=0.05,rebound.
[ego_planner_node-2] iter=51,time(ms)=0.17,rebound.
[ego_planner_node-2] [WARN] [1772351485.685319297] [rebound_optimize]: First 3 control points in obstacles! return false, t=0.000000
[ego_planner_node-2] traj 2 failed.
[ego_planner_node-2] iter=5,time(ms)=0.023,rebound.
[ego_planner_node-2] [ERROR] [1772351485.685357218] [check_collision_and_rebound]: ERROR! the drone is in obstacle. This should not happen.
[ego_planner_node-2] iter=5,time(ms)=0.4,rebound.
[ego_planner_node-2] iter=12,time(ms)=0.028,rebound.
[ego_planner_node-2] [ERROR] [1772351485.685800568] [check_collision_and_rebound]: ERROR! the drone is in obstacle. This should not happen.
[ego_planner_node-2] iter=11,time(ms)=0.078,rebound.
[ego_planner_node-2] iter=16,time(ms)=0.044,rebound.
[ego_planner_node-2] [ERROR] [1772351485.685951871] [check_collision_and_rebound]: ERROR! the drone is in obstacle. This should not happen.
[ego_planner_node-2] iter=17,time(ms)=0.14,rebound.
[ego_planner_node-2] [WARN] [1772351485.686211261] [rebound_optimize]: First 3 control points in obstacles! return false, t=0.000000
[ego_planner_node-2] traj 3 failed.
[ego_planner_node-2] iter=5,time(ms)=0.018,rebound.
[ego_planner_node-2] [ERROR] [1772351485.686248108] [check_collision_and_rebound]: ERROR! the drone is in obstacle. This should not happen.
[ego_planner_node-2] iter=5,time(ms)=0.42,rebound.
[ego_planner_node-2] iter=13,time(ms)=0.03,rebound.
[ego_planner_node-2] iter=9,time(ms)=0.026,rebound.
[ego_planner_node-2] iter=11,time(ms)=0.038,rebound.
[ego_planner_node-2] iter=13,time(ms)=0.034,rebound.
[ego_planner_node-2] [WARN] [1772351485.687012671] [rebound_optimize]: First 3 control points in obstacles! return false, t=0.000000
[ego_planner_node-2] traj 4 failed.
[ego_planner_node-2] plan_success=0
[ego_planner_node-2] refine_success=0
[ego_planner_node-2] [WARN] [1772351485.687239322] [distinctiveTrajs]: Can't find the new base points at the opposite within the threshold. i=1, j=0
[ego_planner_node-2] [47;30m
[ego_planner_node-2] [drone 0 replan 125]==============================================[0m
[ego_planner_node-2] [1;33mmulti-trajs=4[1;0m
[ego_planner_node-2] iter=5,time(ms)=0.016,rebound.
[ego_planner_node-2] [ERROR] [1772351485.687282464] [check_collision_and_rebound]: ERROR! the drone is in obstacle. This should not happen.
[ego_planner_node-2] iter=5,time(ms)=0.44,rebound.
[ego_planner_node-2] iter=14,time(ms)=0.089,rebound.
[ego_planner_node-2] iter=38,time(ms)=0.14,rebound.
[ego_planner_node-2] iter=45,time(ms)=0.13,rebound.
[ego_planner_node-2] [WARN] [1772351485.688171174] [rebound_optimize]: First 3 control points in obstacles! return false, t=0.000000
[ego_planner_node-2] traj 1 failed.
[ego_planner_node-2] iter=5,time(ms)=0.023,rebound.
[ego_planner_node-2] [ERROR] [1772351485.688220099] [check_collision_and_rebound]: ERROR! the drone is in obstacle. This should not happen.
[ego_planner_node-2] iter=5,time(ms)=0.44,rebound.
[ego_planner_node-2] iter=16,time(ms)=0.054,rebound.
[ego_planner_node-2] iter=51,time(ms)=0.18,rebound.
[ego_planner_node-2] [WARN] [1772351485.688961753] [rebound_optimize]: First 3 control points in obstacles! return false, t=0.000000
[ego_planner_node-2] traj 2 failed.
[ego_planner_node-2] iter=5,time(ms)=0.015,rebound.
[ego_planner_node-2] [ERROR] [1772351485.688993572] [check_collision_and_rebound]: ERROR! the drone is in obstacle. This should not happen.
[ego_planner_node-2] iter=5,time(ms)=0.45,rebound.
[ego_planner_node-2] iter=12,time(ms)=0.03,rebound.
[ego_planner_node-2] [ERROR] [1772351485.689497986] [check_collision_and_rebound]: ERROR! the drone is in obstacle. This should not happen.
[ego_planner_node-2] iter=11,time(ms)=0.086,rebound.
[ego_planner_node-2] iter=16,time(ms)=0.045,rebound.
[ego_planner_node-2] [ERROR] [1772351485.689657558] [check_collision_and_rebound]: ERROR! the drone is in obstacle. This should not happen.
[ego_planner_node-2] iter=17,time(ms)=0.15,rebound.
[ego_planner_node-2] [WARN] [1772351485.689946683] [rebound_optimize]: First 3 control points in obstacles! return false, t=0.000000
[ego_planner_node-2] traj 3 failed.
[ego_planner_node-2] iter=5,time(ms)=0.017,rebound.
[ego_planner_node-2] [ERROR] [1772351485.689978928] [check_collision_and_rebound]: ERROR! the drone is in obstacle. This should not happen.
[ego_planner_node-2] iter=5,time(ms)=0.41,rebound.
[ego_planner_node-2] iter=13,time(ms)=0.032,rebound.
[ego_planner_node-2] iter=9,time(ms)=0.027,rebound.
[ego_planner_node-2] iter=11,time(ms)=0.041,rebound.
[ego_planner_node-2] iter=13,time(ms)=0.032,rebound.
[ego_planner_node-2] [WARN] [1772351485.690732268] [rebound_optimize]: First 3 control points in obstacles! return false, t=0.000000
[ego_planner_node-2] traj 4 failed.
[ego_planner_node-2] plan_success=0
[ego_planner_node-2] refine_success=0
[ego_planner_node-2] [WARN] [1772351485.691029473] [distinctiveTrajs]: Can't find the new base points at the opposite within the threshold. i=1, j=0
[ego_planner_node-2] [47;30m
[ego_planner_node-2] [drone 0 replan 126]==============================================[0m
[ego_planner_node-2] [1;33mmulti-trajs=4[1;0m
[ego_planner_node-2] iter=5,time(ms)=0.016,rebound.
[ego_planner_node-2] [ERROR] [1772351485.691075522] [check_collision_and_rebound]: ERROR! the drone is in obstacle. This should not happen.
[ego_planner_node-2] iter=5,time(ms)=0.44,rebound.
[ego_planner_node-2] iter=14,time(ms)=0.093,rebound.
[ego_planner_node-2] iter=38,time(ms)=0.12,rebound.
[ego_planner_node-2] iter=45,time(ms)=0.13,rebound.
[ego_planner_node-2] [WARN] [1772351485.691931995] [rebound_optimize]: First 3 control points in obstacles! return false, t=0.000000
[ego_planner_node-2] traj 1 failed.
[ego_planner_node-2] iter=5,time(ms)=0.015,rebound.
[ego_planner_node-2] [ERROR] [1772351485.691963977] [check_collision_and_rebound]: ERROR! the drone is in obstacle. This should not happen.
[ego_planner_node-2] iter=5,time(ms)=0.41,rebound.
[ego_planner_node-2] iter=16,time(ms)=0.051,rebound.
[ego_planner_node-2] iter=51,time(ms)=0.17,rebound.
[ego_planner_node-2] [WARN] [1772351485.692656853] [rebound_optimize]: First 3 control points in obstacles! return false, t=0.000000
[ego_planner_node-2] traj 2 failed.
[ego_planner_node-2] iter=5,time(ms)=0.021,rebound.
[ego_planner_node-2] [ERROR] [1772351485.692691275] [check_collision_and_rebound]: ERROR! the drone is in obstacle. This should not happen.
[ego_planner_node-2] iter=5,time(ms)=0.4,rebound.
[ego_planner_node-2] iter=12,time(ms)=0.028,rebound.
[ego_planner_node-2] [ERROR] [1772351485.693129812] [check_collision_and_rebound]: ERROR! the drone is in obstacle. This should not happen.
[ego_planner_node-2] iter=11,time(ms)=0.077,rebound.
[ego_planner_node-2] iter=16,time(ms)=0.043,rebound.
[ego_planner_node-2] [ERROR] [1772351485.693279331] [check_collision_and_rebound]: ERROR! the drone is in obstacle. This should not happen.
[ego_planner_node-2] iter=17,time(ms)=0.14,rebound.
[ego_planner_node-2] [WARN] [1772351485.693518918] [rebound_optimize]: First 3 control points in obstacles! return false, t=0.000000
[ego_planner_node-2] traj 3 failed.
[ego_planner_node-2] iter=5,time(ms)=0.023,rebound.
[ego_planner_node-2] [ERROR] [1772351485.693560093] [check_collision_and_rebound]: ERROR! the drone is in obstacle. This should not happen.
[ego_planner_node-2] iter=5,time(ms)=0.44,rebound.
[ego_planner_node-2] iter=13,time(ms)=0.032,rebound.
[ego_planner_node-2] iter=9,time(ms)=0.027,rebound.
[ego_planner_node-2] iter=11,time(ms)=0.026,rebound.
[ego_planner_node-2] iter=13,time(ms)=0.033,rebound.
[ego_planner_node-2] [WARN] [1772351485.694288115] [rebound_optimize]: First 3 control points in obstacles! return false, t=0.000000
[ego_planner_node-2] traj 4 failed.
[ego_planner_node-2] plan_success=0
[ego_planner_node-2] refine_success=0
[ego_planner_node-2] [WARN] [1772351485.694520457] [distinctiveTrajs]: Can't find the new base points at the opposite within the threshold. i=1, j=0
[ego_planner_node-2] [ERROR] [1772351485.694570849] [check_collision_and_rebound]: ERROR! the drone is in obstacle. This should not happen.
[ego_planner_node-2] [47;30m
[ego_planner_node-2] [drone 0 replan 127]==============================================[0m
[ego_planner_node-2] [1;33mmulti-trajs=4[1;0m
[ego_planner_node-2] iter=5,time(ms)=0.017,rebound.
[ego_planner_node-2] iter=5,time(ms)=0.46,rebound.
[ego_planner_node-2] iter=14,time(ms)=0.084,rebound.
[ego_planner_node-2] iter=38,time(ms)=0.13,rebound.
[ego_planner_node-2] iter=45,time(ms)=0.13,rebound.
[ego_planner_node-2] [WARN] [1772351485.695455950] [rebound_optimize]: First 3 control points in obstacles! return false, t=0.000000
[ego_planner_node-2] traj 1 failed.
[ego_planner_node-2] iter=5,time(ms)=0.015,rebound.
[ego_planner_node-2] [ERROR] [1772351485.695483678] [check_collision_and_rebound]: ERROR! the drone is in obstacle. This should not happen.
[ego_planner_node-2] iter=5,time(ms)=0.39,rebound.
[ego_planner_node-2] iter=16,time(ms)=0.049,rebound.
[ego_planner_node-2] iter=51,time(ms)=0.18,rebound.
[ego_planner_node-2] [WARN] [1772351485.696160666] [rebound_optimize]: First 3 control points in obstacles! return false, t=0.000000
[ego_planner_node-2] traj 2 failed.
[ego_planner_node-2] iter=5,time(ms)=0.021,rebound.
[ego_planner_node-2] [ERROR] [1772351485.696196019] [check_collision_and_rebound]: ERROR! the drone is in obstacle. This should not happen.
[ego_planner_node-2] iter=5,time(ms)=0.41,rebound.
[ego_planner_node-2] iter=12,time(ms)=0.028,rebound.
[ego_planner_node-2] [ERROR] [1772351485.696646718] [check_collision_and_rebound]: ERROR! the drone is in obstacle. This should not happen.
[ego_planner_node-2] iter=11,time(ms)=0.074,rebound.
[ego_planner_node-2] iter=16,time(ms)=0.045,rebound.
[ego_planner_node-2] [ERROR] [1772351485.696791613] [check_collision_and_rebound]: ERROR! the drone is in obstacle. This should not happen.
[ego_planner_node-2] iter=17,time(ms)=0.14,rebound.
[ego_planner_node-2] [WARN] [1772351485.697044561] [rebound_optimize]: First 3 control points in obstacles! return false, t=0.000000
[ego_planner_node-2] [ERROR] [1772351485.697078243] [check_collision_and_rebound]: ERROR! the drone is in obstacle. This should not happen.
[ego_planner_node-2] traj 3 failed.
[ego_planner_node-2] iter=5,time(ms)=0.02,rebound.
[ego_planner_node-2] iter=5,time(ms)=0.41,rebound.
[ego_planner_node-2] iter=13,time(ms)=0.032,rebound.
[ego_planner_node-2] iter=9,time(ms)=0.029,rebound.
[ego_planner_node-2] iter=11,time(ms)=0.038,rebound.
[ego_planner_node-2] iter=13,time(ms)=0.032,rebound.
[ego_planner_node-2] [WARN] [1772351485.697825160] [rebound_optimize]: First 3 control points in obstacles! return false, t=0.000000
[ego_planner_node-2] traj 4 failed.
[ego_planner_node-2] plan_success=0
[ego_planner_node-2] refine_success=0
[ego_planner_node-2] [FSM]: from GEN_NEW_TRAJ to GEN_NEW_TRAJ
[ego_planner_node-2] [WARN] [1772351485.698341572] [distinctiveTrajs]: Can't find the new base points at the opposite within the threshold. i=0, j=1
[ego_planner_node-2] [47;30m
[ego_planner_node-2] [drone 0 replan 128]==============================================[0m
[ego_planner_node-2] [1;33mmulti-trajs=4[1;0m
[ego_planner_node-2] iter=11,time(ms)=0.057,rebound.
[ego_planner_node-2] iter=5,time(ms)=0.16,rebound.
[ego_planner_node-2] [ERROR] [1772351485.698632705] [check_collision_and_rebound]: ERROR! the drone is in obstacle. This should not happen.
[ego_planner_node-2] iter=17,time(ms)=0.16,rebound.
[ego_planner_node-2] [ERROR] [1772351485.698765989] [check_collision_and_rebound]: ERROR! the drone is in obstacle. This should not happen.
[ego_planner_node-2] iter=13,time(ms)=0.19,rebound.
[ego_planner_node-2] [WARN] [1772351485.698989088] [rebound_optimize]: First 3 control points in obstacles! return false, t=0.000000
[ego_planner_node-2] [ERROR] [1772351485.699020256] [check_collision_and_rebound]: ERROR! the drone is in obstacle. This should not happen.
[ego_planner_node-2] traj 1 failed.
[ego_planner_node-2] iter=11,time(ms)=0.12,rebound.
[ego_planner_node-2] iter=9,time(ms)=0.025,rebound.
[ego_planner_node-2] iter=9,time(ms)=0.021,rebound.
[ego_planner_node-2] iter=7,time(ms)=0.045,rebound.
[ego_planner_node-2] iter=7,time(ms)=0.033,rebound.
[ego_planner_node-2] [ERROR] [1772351485.699173828] [check_collision_and_rebound]: ERROR! the drone is in obstacle. This should not happen.
[ego_planner_node-2] iter=12,time(ms)=0.029,rebound.
[ego_planner_node-2] traj 2 failed.
[ego_planner_node-2] [WARN] [1772351485.699334044] [rebound_optimize]: First 3 control points in obstacles! return false, t=0.000000
[ego_planner_node-2] [ERROR] [1772351485.699353659] [check_collision_and_rebound]: ERROR! the drone is in obstacle. This should not happen.
[ego_planner_node-2] iter=11,time(ms)=0.17,rebound.
[ego_planner_node-2] iter=8,time(ms)=0.035,rebound.
[ego_planner_node-2] iter=12,time(ms)=0.035,rebound.
[ego_planner_node-2] iter=7,time(ms)=0.028,rebound.
[ego_planner_node-2] [WARN] [1772351485.699648411] [rebound_optimize]: First 3 control points in obstacles! return false, t=0.000000
[ego_planner_node-2] [ERROR] [1772351485.699694807] [check_collision_and_rebound]: ERROR! the drone is in obstacle. This should not happen.
[ego_planner_node-2] [ERROR] [1772351485.699699304] [Coord2Index]: Ran out of pool, index=-1 70 117, POOL_SIZE=160 160 160
[ego_planner_node-2] [ERROR] [1772351485.699703995] [AstarSearch]: Unable to handle the initial or end point, force return!
[ego_planner_node-2] [ERROR] [1772351485.699706728] [check_collision_and_rebound]: a star error
[ego_planner_node-2] traj 3 failed.
[ego_planner_node-2] iter=12,time(ms)=0.022,rebound.
[ego_planner_node-2] iter=13,time(ms)=0.036,rebound.
[ego_planner_node-2] [ERROR] [1772351485.699718382] [check_collision_and_rebound]: ERROR! the drone is in obstacle. This should not happen.
[ego_planner_node-2] [ERROR] [1772351485.699722611] [Coord2Index]: Ran out of pool, index=-1 69 118, POOL_SIZE=160 160 160
[ego_planner_node-2] [ERROR] [1772351485.699725364] [AstarSearch]: Unable to handle the initial or end point, force return!
[ego_planner_node-2] [ERROR] [1772351485.699727505] [check_collision_and_rebound]: a star error
[ego_planner_node-2] [ERROR] [1772351485.699738061] [check_collision_and_rebound]: ERROR! the drone is in obstacle. This should not happen.
[ego_planner_node-2] [ERROR] [1772351485.699742151] [Coord2Index]: Ran out of pool, index=-1 69 119, POOL_SIZE=160 160 160
[ego_planner_node-2] [ERROR] [1772351485.699744679] [AstarSearch]: Unable to handle the initial or end point, force return!
[ego_planner_node-2] [ERROR] [1772351485.699746778] [check_collision_and_rebound]: a star error
[ego_planner_node-2] iter=5,time(ms)=0.019,rebound.
[ego_planner_node-2] iter=5,time(ms)=0.019,rebound.
[ego_planner_node-2] iter=5,time(ms)=0.018,rebound.
[ego_planner_node-2] iter=5,time(ms)=0.018,rebound.
[ego_planner_node-2] iter=5,time(ms)=0.018,rebound.
[ego_planner_node-2] iter=5,time(ms)=0.018,rebound.
[ego_planner_node-2] [ERROR] [1772351485.699757198] [check_collision_and_rebound]: ERROR! the drone is in obstacle. This should not happen.
[ego_planner_node-2] [ERROR] [1772351485.699761253] [Coord2Index]: Ran out of pool, index=-1 70 120, POOL_SIZE=160 160 160
[ego_planner_node-2] [ERROR] [1772351485.699763752] [AstarSearch]: Unable to handle the initial or end point, force return!
[ego_planner_node-2] [ERROR] [1772351485.699765909] [check_collision_and_rebound]: a star error
[ego_planner_node-2] [ERROR] [1772351485.699776260] [check_collision_and_rebound]: ERROR! the drone is in obstacle. This should not happen.
[ego_planner_node-2] [ERROR] [1772351485.699780028] [Coord2Index]: Ran out of pool, index=-1 69 120, POOL_SIZE=160 160 160
[ego_planner_node-2] [ERROR] [1772351485.699782530] [AstarSearch]: Unable to handle the initial or end point, force return!
[ego_planner_node-2] [ERROR] [1772351485.699784626] [check_collision_and_rebound]: a star error
[ego_planner_node-2] [ERROR] [1772351485.699795044] [check_collision_and_rebound]: ERROR! the drone is in obstacle. This should not happen.
[ego_planner_node-2] [ERROR] [1772351485.699798929] [Coord2Index]: Ran out of pool, index=-1 70 121, POOL_SIZE=160 160 160
[ego_planner_node-2] [ERROR] [1772351485.699801442] [AstarSearch]: Unable to handle the initial or end point, force return!
[ego_planner_node-2] [ERROR] [1772351485.699803541] [check_collision_and_rebound]: a star error
[ego_planner_node-2] [ERROR] [1772351485.699813702] [check_collision_and_rebound]: ERROR! the drone is in obstacle. This should not happen.
[ego_planner_node-2] [ERROR] [1772351485.699817470] [Coord2Index]: Ran out of pool, index=-1 70 121, POOL_SIZE=160 160 160
[ego_planner_node-2] [ERROR] [1772351485.699819931] [AstarSearch]: Unable to handle the initial or end point, force return!
[ego_planner_node-2] [ERROR] [1772351485.699821985] [check_collision_and_rebound]: a star error
[ego_planner_node-2] [ERROR] [1772351485.699832115] [check_collision_and_rebound]: ERROR! the drone is in obstacle. This should not happen.
[ego_planner_node-2] [ERROR] [1772351485.699835941] [Coord2Index]: Ran out of pool, index=-1 70 122, POOL_SIZE=160 160 160
[ego_planner_node-2] [ERROR] [1772351485.699838424] [AstarSearch]: Unable to handle the initial or end point, force return!
[ego_planner_node-2] [ERROR] [1772351485.699840561] [check_collision_and_rebound]: a star error
[ego_planner_node-2] [WARN] [1772351485.699851416] [rebound_optimize]: First 3 control points in obstacles! return false, t=0.000000
[ego_planner_node-2] iter=5,time(ms)=0.018,rebound.
[ego_planner_node-2] traj 4 failed.
[ego_planner_node-2] plan_success=0
[ego_planner_node-2] refine_success=0
[ego_planner_node-2] [WARN] [1772351485.700036372] [distinctiveTrajs]: Can't find the new base points at the opposite within the threshold. i=1, j=0
[ego_planner_node-2] [ERROR] [1772351485.700087962] [check_collision_and_rebound]: ERROR! the drone is in obstacle. This should not happen.
[ego_planner_node-2] [47;30m
[ego_planner_node-2] [drone 0 replan 129]==============================================[0m
[ego_planner_node-2] [1;33mmulti-trajs=4[1;0m
[ego_planner_node-2] iter=5,time(ms)=0.021,rebound.
[ego_planner_node-2] iter=5,time(ms)=0.54,rebound.
[ego_planner_node-2] iter=14,time(ms)=0.12,rebound.
[ego_planner_node-2] iter=38,time(ms)=0.15,rebound.
[ego_planner_node-2] iter=45,time(ms)=0.18,rebound.
[ego_planner_node-2] traj 1 failed.
[ego_planner_node-2] iter=5,time(ms)=0.024,rebound.
[ego_planner_node-2] [WARN] [1772351485.701192915] [rebound_optimize]: First 3 control points in obstacles! return false, t=0.000000
[ego_planner_node-2] [ERROR] [1772351485.701241602] [check_collision_and_rebound]: ERROR! the drone is in obstacle. This should not happen.
[ego_planner_node-2] iter=5,time(ms)=1.5,rebound.
[ego_planner_node-2] iter=16,time(ms)=0.07,rebound.
[ego_planner_node-2] iter=51,time(ms)=0.16,rebound.
[ego_planner_node-2] [WARN] [1772351485.703093417] [rebound_optimize]: First 3 control points in obstacles! return false, t=0.000000
[ego_planner_node-2] [ERROR] [1772351485.703131922] [check_collision_and_rebound]: ERROR! the drone is in obstacle. This should not happen.
[ego_planner_node-2] traj 2 failed.
[ego_planner_node-2] iter=5,time(ms)=0.017,rebound.
[ego_planner_node-2] iter=5,time(ms)=0.38,rebound.
[ego_planner_node-2] iter=12,time(ms)=0.03,rebound.
[ego_planner_node-2] iter=11,time(ms)=0.067,rebound.
[ego_planner_node-2] [ERROR] [1772351485.703561757] [check_collision_and_rebound]: ERROR! the drone is in obstacle. This should not happen.
[ego_planner_node-2] iter=16,time(ms)=0.04,rebound.
[ego_planner_node-2] [ERROR] [1772351485.703686678] [check_collision_and_rebound]: ERROR! the drone is in obstacle. This should not happen.
[ego_planner_node-2] iter=17,time(ms)=0.12,rebound.
[ego_planner_node-2] [WARN] [1772351485.703899628] [rebound_optimize]: First 3 control points in obstacles! return false, t=0.000000
[ego_planner_node-2] [ERROR] [1772351485.703927636] [check_collision_and_rebound]: ERROR! the drone is in obstacle. This should not happen.
[ego_planner_node-2] traj 3 failed.
[ego_planner_node-2] iter=5,time(ms)=0.016,rebound.
[ego_planner_node-2] iter=5,time(ms)=0.44,rebound.
[ego_planner_node-2] iter=13,time(ms)=0.046,rebound.
[ego_planner_node-2] iter=9,time(ms)=0.027,rebound.
[ego_planner_node-2] iter=11,time(ms)=0.025,rebound.
[ego_planner_node-2] iter=13,time(ms)=0.032,rebound.
[ego_planner_node-2] [WARN] [1772351485.704706661] [rebound_optimize]: First 3 control points in obstacles! return false, t=0.000000
[ego_planner_node-2] traj 4 failed.
[ego_planner_node-2] plan_success=0
[ego_planner_node-2] refine_success=0
[ego_planner_node-2] [WARN] [1772351485.704918224] [distinctiveTrajs]: Can't find the new base points at the opposite within the threshold. i=0, j=0
[ego_planner_node-2] [WARN] [1772351485.704926895] [distinctiveTrajs]: Can't find the new base points at the opposite within the threshold. i=0, j=0
[ego_planner_node-2] [47;30m
[ego_planner_node-2] [drone 0 replan 130]==============================================[0m
[ego_planner_node-2] [1;33mmulti-trajs=1[1;0m
[ego_planner_node-2] iter=5,time(ms)=0.4,rebound.
[ego_planner_node-2] iter=25,time(ms)=0.32,rebound.
[ego_planner_node-2] iter=36,time(ms)=0.13,rebound.
[ego_planner_node-2] iter=115,time(ms)=0.42,rebound.
[ego_planner_node-2] iter=52,time(ms)=0.2,rebound.
[ego_planner_node-2] iter=103,time(ms)=0.39,rebound.
[ego_planner_node-2] [WARN] [1772351485.707640820] [rebound_optimize]: First 3 control points in obstacles! return false, t=0.000000
[ego_planner_node-2] [WARN] [1772351485.707658732] [drone_0_ego_planner_node]: Suddenly discovered obstacles. emergency stop! time=0.000000
[ego_planner_node-2] traj 1 failed.
[ego_planner_node-2] plan_success=0
[ego_planner_node-2] refine_success=0
[ego_planner_node-2] [SAFETY]: from GEN_NEW_TRAJ to EMERGENCY_STOP
[ego_planner_node-2] [FSM]: from EMERGENCY_STOP to GEN_NEW_TRAJ
[ego_planner_node-2] [WARN] [1772351485.714261976] [distinctiveTrajs]: Can't find the new base points at the opposite within the threshold. i=0, j=1
[ego_planner_node-2] [47;30m
[ego_planner_node-2] [drone 0 replan 131]==============================================[0m
[ego_planner_node-2] [1;33mmulti-trajs=4[1;0m
[ego_planner_node-2] iter=11,time(ms)=0.068,rebound.
[ego_planner_node-2] iter=5,time(ms)=0.15,rebound.
[ego_planner_node-2] [ERROR] [1772351485.714548010] [check_collision_and_rebound]: ERROR! the drone is in obstacle. This should not happen.
[ego_planner_node-2] iter=17,time(ms)=0.11,rebound.
[ego_planner_node-2] [ERROR] [1772351485.714647869] [check_collision_and_rebound]: ERROR! the drone is in obstacle. This should not happen.
[ego_planner_node-2] iter=13,time(ms)=0.16,rebound.
[ego_planner_node-2] traj 1 failed.
[ego_planner_node-2] [WARN] [1772351485.714827310] [rebound_optimize]: First 3 control points in obstacles! return false, t=0.000000
[ego_planner_node-2] [ERROR] [1772351485.714850440] [check_collision_and_rebound]: ERROR! the drone is in obstacle. This should not happen.
[ego_planner_node-2] iter=11,time(ms)=0.11,rebound.
[ego_planner_node-2] iter=9,time(ms)=0.025,rebound.
[ego_planner_node-2] iter=8,time(ms)=0.022,rebound.
[ego_planner_node-2] iter=6,time(ms)=0.095,rebound.
[ego_planner_node-2] [ERROR] [1772351485.715007036] [check_collision_and_rebound]: ERROR! the drone is in obstacle. This should not happen.
[ego_planner_node-2] iter=12,time(ms)=0.038,rebound.
[ego_planner_node-2] iter=20,time(ms)=0.047,rebound.
[ego_planner_node-2] [WARN] [1772351485.715212350] [rebound_optimize]: First 3 control points in obstacles! return false, t=0.000000
[ego_planner_node-2] [ERROR] [1772351485.715232855] [check_collision_and_rebound]: ERROR! the drone is in obstacle. This should not happen.
[ego_planner_node-2] traj 2 failed.
[ego_planner_node-2] iter=11,time(ms)=0.13,rebound.
[ego_planner_node-2] iter=8,time(ms)=0.036,rebound.
[ego_planner_node-2] iter=12,time(ms)=0.037,rebound.
[ego_planner_node-2] iter=7,time(ms)=0.029,rebound.
[ego_planner_node-2] [WARN] [1772351485.715490191] [rebound_optimize]: First 3 control points in obstacles! return false, t=0.000000
[ego_planner_node-2] [ERROR] [1772351485.715540817] [check_collision_and_rebound]: ERROR! the drone is in obstacle. This should not happen.
[ego_planner_node-2] [ERROR] [1772351485.715546055] [Coord2Index]: Ran out of pool, index=-1 70 117, POOL_SIZE=160 160 160
[ego_planner_node-2] [ERROR] [1772351485.715552465] [AstarSearch]: Unable to handle the initial or end point, force return!
[ego_planner_node-2] [ERROR] [1772351485.715556000] [check_collision_and_rebound]: a star error
[ego_planner_node-2] traj 3 failed.
[ego_planner_node-2] iter=12,time(ms)=0.023,rebound.
[ego_planner_node-2] iter=13,time(ms)=0.04,rebound.
[ego_planner_node-2] [ERROR] [1772351485.715566836] [check_collision_and_rebound]: ERROR! the drone is in obstacle. This should not happen.
[ego_planner_node-2] [ERROR] [1772351485.715570961] [Coord2Index]: Ran out of pool, index=-1 69 118, POOL_SIZE=160 160 160
[ego_planner_node-2] [ERROR] [1772351485.715574078] [AstarSearch]: Unable to handle the initial or end point, force return!
[ego_planner_node-2] [ERROR] [1772351485.715576208] [check_collision_and_rebound]: a star error
[ego_planner_node-2] [ERROR] [1772351485.715586848] [check_collision_and_rebound]: ERROR! the drone is in obstacle. This should not happen.
[ego_planner_node-2] [ERROR] [1772351485.715590811] [Coord2Index]: Ran out of pool, index=-1 69 119, POOL_SIZE=160 160 160
[ego_planner_node-2] [ERROR] [1772351485.715593471] [AstarSearch]: Unable to handle the initial or end point, force return!
[ego_planner_node-2] [ERROR] [1772351485.715595606] [check_collision_and_rebound]: a star error
[ego_planner_node-2] [ERROR] [1772351485.715606295] [check_collision_and_rebound]: ERROR! the drone is in obstacle. This should not happen.
[ego_planner_node-2] [ERROR] [1772351485.715610786] [Coord2Index]: Ran out of pool, index=-1 70 120, POOL_SIZE=160 160 160
[ego_planner_node-2] [ERROR] [1772351485.715613575] [AstarSearch]: Unable to handle the initial or end point, force return!
[ego_planner_node-2] [ERROR] [1772351485.715615656] [check_collision_and_rebound]: a star error
[ego_planner_node-2] [ERROR] [1772351485.715626071] [check_collision_and_rebound]: ERROR! the drone is in obstacle. This should not happen.
[ego_planner_node-2] [ERROR] [1772351485.715629917] [Coord2Index]: Ran out of pool, index=-1 69 120, POOL_SIZE=160 160 160
[ego_planner_node-2] [ERROR] [1772351485.715643183] [AstarSearch]: Unable to handle the initial or end point, force return!
[ego_planner_node-2] [ERROR] [1772351485.715645501] [check_collision_and_rebound]: a star error
[ego_planner_node-2] [ERROR] [1772351485.715655935] [check_collision_and_rebound]: ERROR! the drone is in obstacle. This should not happen.
[ego_planner_node-2] [ERROR] [1772351485.715659945] [Coord2Index]: Ran out of pool, index=-1 70 121, POOL_SIZE=160 160 160
[ego_planner_node-2] [ERROR] [1772351485.715662591] [AstarSearch]: Unable to handle the initial or end point, force return!
[ego_planner_node-2] [ERROR] [1772351485.715664660] [check_collision_and_rebound]: a star error
[ego_planner_node-2] [ERROR] [1772351485.715675992] [check_collision_and_rebound]: ERROR! the drone is in obstacle. This should not happen.
[ego_planner_node-2] [ERROR] [1772351485.715680994] [Coord2Index]: Ran out of pool, index=-1 70 121, POOL_SIZE=160 160 160
[ego_planner_node-2] [ERROR] [1772351485.715683631] [AstarSearch]: Unable to handle the initial or end point, force return!
[ego_planner_node-2] [ERROR] [1772351485.715685727] [check_collision_and_rebound]: a star error
[ego_planner_node-2] [ERROR] [1772351485.715697802] [check_collision_and_rebound]: ERROR! the drone is in obstacle. This should not happen.
[ego_planner_node-2] [ERROR] [1772351485.715701619] [Coord2Index]: Ran out of pool, index=-1 70 122, POOL_SIZE=160 160 160
[ego_planner_node-2] [ERROR] [1772351485.715704179] [AstarSearch]: Unable to handle the initial or end point, force return!
[ego_planner_node-2] [ERROR] [1772351485.715706238] [check_collision_and_rebound]: a star error
[ego_planner_node-2] iter=5,time(ms)=0.019,rebound.
[ego_planner_node-2] iter=5,time(ms)=0.019,rebound.
[ego_planner_node-2] iter=5,time(ms)=0.019,rebound.
[ego_planner_node-2] iter=5,time(ms)=0.029,rebound.
[ego_planner_node-2] iter=5,time(ms)=0.018,rebound.
[ego_planner_node-2] iter=5,time(ms)=0.02,rebound.
[ego_planner_node-2] iter=5,time(ms)=0.02,rebound.
[ego_planner_node-2] traj 4 failed.
[ego_planner_node-2] [WARN] [1772351485.715717573] [rebound_optimize]: First 3 control points in obstacles! return false, t=0.000000
[ego_planner_node-2] plan_success=0
[ego_planner_node-2] refine_success=0
[ego_planner_node-2] [WARN] [1772351485.715928138] [distinctiveTrajs]: Can't find the new base points at the opposite within the threshold. i=1, j=0
[ego_planner_node-2] [ERROR] [1772351485.715978551] [check_collision_and_rebound]: ERROR! the drone is in obstacle. This should not happen.
[ego_planner_node-2] [47;30m
[ego_planner_node-2] [drone 0 replan 132]==============================================[0m
[ego_planner_node-2] [1;33mmulti-trajs=4[1;0m
[ego_planner_node-2] iter=5,time(ms)=0.019,rebound.
[ego_planner_node-2] iter=5,time(ms)=0.35,rebound.
[ego_planner_node-2] iter=14,time(ms)=0.068,rebound.
[ego_planner_node-2] iter=45,time(ms)=0.12,rebound.
[ego_planner_node-2] iter=28,time(ms)=0.077,rebound.
[ego_planner_node-2] [ERROR] [1772351485.716634562] [check_collision_and_rebound]: ERROR! the drone is in obstacle. This should not happen.
[ego_planner_node-2] iter=20,time(ms)=0.28,rebound.
[ego_planner_node-2] [ERROR] [1772351485.716992125] [check_collision_and_rebound]: ERROR! the drone is in obstacle. This should not happen.
[ego_planner_node-2] iter=42,time(ms)=1.1,rebound.
[ego_planner_node-2] [WARN] [1772351485.718099761] [rebound_optimize]: First 3 control points in obstacles! return false, t=0.000000
[ego_planner_node-2] traj 1 failed.
[ego_planner_node-2] iter=5,time(ms)=0.018,rebound.
[ego_planner_node-2] [ERROR] [1772351485.718135069] [check_collision_and_rebound]: ERROR! the drone is in obstacle. This should not happen.
[ego_planner_node-2] iter=5,time(ms)=0.33,rebound.
[ego_planner_node-2] iter=16,time(ms)=0.053,rebound.
[ego_planner_node-2] iter=51,time(ms)=0.15,rebound.
[ego_planner_node-2] [WARN] [1772351485.718724811] [rebound_optimize]: First 3 control points in obstacles! return false, t=0.000000
[ego_planner_node-2] traj 2 failed.
[ego_planner_node-2] iter=5,time(ms)=0.016,rebound.
[ego_planner_node-2] [ERROR] [1772351485.718753921] [check_collision_and_rebound]: ERROR! the drone is in obstacle. This should not happen.
[ego_planner_node-2] iter=5,time(ms)=0.35,rebound.
[ego_planner_node-2] iter=12,time(ms)=0.029,rebound.
[ego_planner_node-2] [ERROR] [1772351485.719146296] [check_collision_and_rebound]: ERROR! the drone is in obstacle. This should not happen.
[ego_planner_node-2] iter=12,time(ms)=0.068,rebound.
[ego_planner_node-2] iter=5,time(ms)=0.016,rebound.
[ego_planner_node-2] [ERROR] [1772351485.719243133] [check_collision_and_rebound]: ERROR! the drone is in obstacle. This should not happen.
[ego_planner_node-2] iter=16,time(ms)=0.059,rebound.
[ego_planner_node-2] [WARN] [1772351485.719435969] [rebound_optimize]: First 3 control points in obstacles! return false, t=0.000000
[ego_planner_node-2] [ERROR] [1772351485.719463895] [check_collision_and_rebound]: ERROR! the drone is in obstacle. This should not happen.
[ego_planner_node-2] traj 3 failed.
[ego_planner_node-2] iter=5,time(ms)=0.015,rebound.
[ego_planner_node-2] iter=5,time(ms)=0.3,rebound.
[ego_planner_node-2] iter=13,time(ms)=0.031,rebound.
[ego_planner_node-2] iter=9,time(ms)=0.027,rebound.
[ego_planner_node-2] iter=11,time(ms)=0.026,rebound.
[ego_planner_node-2] iter=13,time(ms)=0.032,rebound.
[ego_planner_node-2] [WARN] [1772351485.720060605] [rebound_optimize]: First 3 control points in obstacles! return false, t=0.000000
[ego_planner_node-2] traj 4 failed.
[ego_planner_node-2] plan_success=0
[ego_planner_node-2] refine_success=0
[ego_planner_node-2] [47;30m
[ego_planner_node-2] [drone 0 replan 133]==============================================[0m
[ego_planner_node-2] [1;33mmulti-trajs=8[1;0m
[ego_planner_node-2] iter=5,time(ms)=0.024,rebound.
[ego_planner_node-2] iter=16,time(ms)=0.05,rebound.
[ego_planner_node-2] iter=24,time(ms)=0.14,rebound.
[ego_planner_node-2] iter=241,time(ms)=0.79,rebound.
[ego_planner_node-2] [WARN] [1772351485.722923957] [rebound_optimize]: First 3 control points in obstacles! return false, t=0.000000
[ego_planner_node-2] traj 1 failed.
[ego_planner_node-2] iter=5,time(ms)=0.019,rebound.
[ego_planner_node-2] iter=19,time(ms)=0.056,rebound.
[ego_planner_node-2] iter=33,time(ms)=0.84,rebound.
[ego_planner_node-2] iter=97,time(ms)=0.35,rebound.
[ego_planner_node-2] [WARN] [1772351485.724983885] [rebound_optimize]: First 3 control points in obstacles! return false, t=0.000000
[ego_planner_node-2] traj 2 failed.
[ego_planner_node-2] iter=5,time(ms)=0.016,rebound.
[ego_planner_node-2] iter=24,time(ms)=0.065,rebound.
[ego_planner_node-2] iter=19,time(ms)=0.16,rebound.
[ego_planner_node-2] iter=78,time(ms)=0.38,rebound.
[ego_planner_node-2] iter=59,time(ms)=0.24,rebound.
[ego_planner_node-2] [WARN] [1772351485.726639140] [rebound_optimize]: First 3 control points in obstacles! return false, t=0.000000
[ego_planner_node-2] traj 3 failed.
[ego_planner_node-2] iter=5,time(ms)=0.015,rebound.
[ego_planner_node-2] iter=26,time(ms)=0.09,rebound.
[ego_planner_node-2] iter=61,time(ms)=1.2,rebound.
[ego_planner_node-2] [WARN] [1772351485.728726961] [rebound_optimize]: First 3 control points in obstacles! return false, t=0.000000
[ego_planner_node-2] traj 4 failed.
[ego_planner_node-2] iter=5,time(ms)=0.018,rebound.
[ego_planner_node-2] iter=32,time(ms)=0.14,rebound.
[ego_planner_node-2] iter=34,time(ms)=0.24,rebound.
[ego_planner_node-2] iter=36,time(ms)=0.16,rebound.
[ego_planner_node-2] iter=92,time(ms)=0.31,rebound.
[ego_planner_node-2] iter=100,time(ms)=0.39,rebound.
[ego_planner_node-2] iter=29,time(ms)=0.11,rebound.
[ego_planner_node-2] iter=123,time(ms)=0.49,rebound.
[ego_planner_node-2] iter=116,time(ms)=0.45,rebound.
[ego_planner_node-2] iter=29,time(ms)=0.1,rebound.
[ego_planner_node-2] iter=168,time(ms)=0.71,rebound.
[ego_planner_node-2] iter=47,time(ms)=0.23,rebound.
[ego_planner_node-2] iter=63,time(ms)=0.33,rebound.
[ego_planner_node-2] [WARN] [1772351485.733377784] [rebound_optimize]: First 3 control points in obstacles! return false, t=0.000000
[ego_planner_node-2] traj 5 failed.
[ego_planner_node-2] iter=5,time(ms)=0.019,rebound.
[ego_planner_node-2] iter=44,time(ms)=0.14,rebound.
[ego_planner_node-2] iter=12,time(ms)=0.43,rebound.
[ego_planner_node-2] iter=70,time(ms)=0.28,rebound.
[ego_planner_node-2] iter=31,time(ms)=0.11,rebound.
[ego_planner_node-2] iter=38,time(ms)=0.16,rebound.
[ego_planner_node-2] iter=167,time(ms)=0.68,rebound.
[ego_planner_node-2] iter=26,time(ms)=0.091,rebound.
[ego_planner_node-2] iter=91,time(ms)=0.35,rebound.
[ego_planner_node-2] [WARN] [1772351485.736568660] [rebound_optimize]: First 3 control points in obstacles! return false, t=0.000000
[ego_planner_node-2] traj 6 failed.
[ego_planner_node-2] iter=5,time(ms)=0.017,rebound.
[ego_planner_node-2] iter=25,time(ms)=0.13,rebound.
[ego_planner_node-2] iter=35,time(ms)=0.51,rebound.
[ego_planner_node-2] iter=87,time(ms)=0.31,rebound.
[ego_planner_node-2] iter=46,time(ms)=0.18,rebound.
[ego_planner_node-2] iter=97,time(ms)=0.38,rebound.
[ego_planner_node-2] iter=43,time(ms)=0.15,rebound.
[ego_planner_node-2] iter=90,time(ms)=0.36,rebound.
[ego_planner_node-2] iter=61,time(ms)=0.32,rebound.
[ego_planner_node-2] iter=86,time(ms)=0.39,rebound.
[ego_planner_node-2] iter=58,time(ms)=0.24,rebound.
[ego_planner_node-2] iter=44,time(ms)=0.18,rebound.
[ego_planner_node-2] [WARN] [1772351485.740163600] [rebound_optimize]: First 3 control points in obstacles! return false, t=0.000000
[ego_planner_node-2] traj 7 failed.
[ego_planner_node-2] iter=5,time(ms)=0.016,rebound.
[ego_planner_node-2] iter=41,time(ms)=0.47,rebound.
[ego_planner_node-2] iter=20,time(ms)=0.38,rebound.
[ego_planner_node-2] iter=30,time(ms)=0.094,rebound.
[ego_planner_node-2] iter=46,time(ms)=0.2,rebound.
[ego_planner_node-2] iter=34,time(ms)=0.13,rebound.
[ego_planner_node-2] iter=62,time(ms)=0.23,rebound.
[ego_planner_node-2] iter=33,time(ms)=0.12,rebound.
[ego_planner_node-2] iter=94,time(ms)=0.37,rebound.
[ego_planner_node-2] iter=28,time(ms)=0.11,rebound.
[ego_planner_node-2] iter=82,time(ms)=0.34,rebound.
[ego_planner_node-2] iter=87,time(ms)=0.36,rebound.
[ego_planner_node-2] [WARN] [1772351485.743906783] [rebound_optimize]: First 3 control points in obstacles! return false, t=0.000000
[ego_planner_node-2] [WARN] [1772351485.743932383] [drone_0_ego_planner_node]: Suddenly discovered obstacles. emergency stop! time=0.000000
[ego_planner_node-2] traj 8 failed.
[ego_planner_node-2] plan_success=0
[ego_planner_node-2] refine_success=0
[ego_planner_node-2] [SAFETY]: from GEN_NEW_TRAJ to EMERGENCY_STOP
[ego_planner_node-2] [FSM]: from EMERGENCY_STOP to GEN_NEW_TRAJ
[ego_planner_node-2] [WARN] [1772351485.754417543] [distinctiveTrajs]: Can't find the new base points at the opposite within the threshold. i=1, j=0
[ego_planner_node-2] [ERROR] [1772351485.754502478] [check_collision_and_rebound]: ERROR! the drone is in obstacle. This should not happen.
[ego_planner_node-2] [47;30m
[ego_planner_node-2] [drone 0 replan 134]==============================================[0m
[ego_planner_node-2] [1;33mmulti-trajs=4[1;0m
[ego_planner_node-2] iter=5,time(ms)=0.026,rebound.
[ego_planner_node-2] iter=5,time(ms)=0.5,rebound.
[ego_planner_node-2] iter=14,time(ms)=0.1,rebound.
[ego_planner_node-2] iter=45,time(ms)=0.14,rebound.
[ego_planner_node-2] iter=28,time(ms)=0.082,rebound.
[ego_planner_node-2] [ERROR] [1772351485.755372380] [check_collision_and_rebound]: ERROR! the drone is in obstacle. This should not happen.
[ego_planner_node-2] iter=21,time(ms)=0.3,rebound.
[ego_planner_node-2] [WARN] [1772351485.755774335] [rebound_optimize]: First 3 control points in obstacles! return false, t=0.000000
[ego_planner_node-2] [ERROR] [1772351485.755819704] [check_collision_and_rebound]: ERROR! the drone is in obstacle. This should not happen.
[ego_planner_node-2] traj 1 failed.
[ego_planner_node-2] iter=5,time(ms)=0.026,rebound.
[ego_planner_node-2] iter=5,time(ms)=0.44,rebound.
[ego_planner_node-2] iter=16,time(ms)=0.057,rebound.
[ego_planner_node-2] iter=51,time(ms)=0.17,rebound.
[ego_planner_node-2] [WARN] [1772351485.756564952] [rebound_optimize]: First 3 control points in obstacles! return false, t=0.000000
[ego_planner_node-2] [ERROR] [1772351485.756592517] [check_collision_and_rebound]: ERROR! the drone is in obstacle. This should not happen.
[ego_planner_node-2] traj 2 failed.
[ego_planner_node-2] iter=5,time(ms)=0.016,rebound.
[ego_planner_node-2] iter=5,time(ms)=0.4,rebound.
[ego_planner_node-2] iter=12,time(ms)=0.036,rebound.
[ego_planner_node-2] [ERROR] [1772351485.757058845] [check_collision_and_rebound]: ERROR! the drone is in obstacle. This should not happen.
[ego_planner_node-2] iter=12,time(ms)=0.086,rebound.
[ego_planner_node-2] iter=5,time(ms)=0.016,rebound.
[ego_planner_node-2] iter=16,time(ms)=0.058,rebound.
[ego_planner_node-2] [ERROR] [1772351485.757158792] [check_collision_and_rebound]: ERROR! the drone is in obstacle. This should not happen.
[ego_planner_node-2] [WARN] [1772351485.757363877] [rebound_optimize]: First 3 control points in obstacles! return false, t=0.000000
[ego_planner_node-2] [ERROR] [1772351485.757390818] [check_collision_and_rebound]: ERROR! the drone is in obstacle. This should not happen.
[ego_planner_node-2] traj 3 failed.
[ego_planner_node-2] iter=5,time(ms)=0.016,rebound.
[ego_planner_node-2] iter=5,time(ms)=0.41,rebound.
[ego_planner_node-2] iter=13,time(ms)=0.032,rebound.
[ego_planner_node-2] iter=9,time(ms)=0.043,rebound.
[ego_planner_node-2] iter=11,time(ms)=0.033,rebound.
[ego_planner_node-2] iter=13,time(ms)=0.036,rebound.
[ego_planner_node-2] [WARN] [1772351485.758134077] [rebound_optimize]: First 3 control points in obstacles! return false, t=0.000000
[ego_planner_node-2] traj 4 failed.
[ego_planner_node-2] plan_success=0
[ego_planner_node-2] refine_success=0
[ego_planner_node-2] [WARN] [1772351485.758386584] [distinctiveTrajs]: Can't find the new base points at the opposite within the threshold. i=1, j=0
[ego_planner_node-2] [ERROR] [1772351485.758437402] [check_collision_and_rebound]: ERROR! the drone is in obstacle. This should not happen.
[ego_planner_node-2] [47;30m
[ego_planner_node-2] [drone 0 replan 135]==============================================[0m
[ego_planner_node-2] [1;33mmulti-trajs=4[1;0m
[ego_planner_node-2] iter=5,time(ms)=0.018,rebound.
[ego_planner_node-2] iter=5,time(ms)=0.41,rebound.
[ego_planner_node-2] iter=14,time(ms)=0.066,rebound.
[ego_planner_node-2] iter=45,time(ms)=0.17,rebound.
[ego_planner_node-2] iter=28,time(ms)=0.075,rebound.
[ego_planner_node-2] [ERROR] [1772351485.759209263] [check_collision_and_rebound]: ERROR! the drone is in obstacle. This should not happen.
[ego_planner_node-2] iter=21,time(ms)=0.24,rebound.
[ego_planner_node-2] traj 1 failed.
[ego_planner_node-2] iter=5,time(ms)=0.017,rebound.
[ego_planner_node-2] [WARN] [1772351485.759507034] [rebound_optimize]: First 3 control points in obstacles! return false, t=0.000000
[ego_planner_node-2] [ERROR] [1772351485.759538499] [check_collision_and_rebound]: ERROR! the drone is in obstacle. This should not happen.
[ego_planner_node-2] iter=5,time(ms)=0.37,rebound.
[ego_planner_node-2] iter=16,time(ms)=0.066,rebound.
[ego_planner_node-2] iter=51,time(ms)=0.15,rebound.
[ego_planner_node-2] [WARN] [1772351485.760190275] [rebound_optimize]: First 3 control points in obstacles! return false, t=0.000000
[ego_planner_node-2] [ERROR] [1772351485.760220177] [check_collision_and_rebound]: ERROR! the drone is in obstacle. This should not happen.
[ego_planner_node-2] traj 2 failed.
[ego_planner_node-2] iter=5,time(ms)=0.015,rebound.
[ego_planner_node-2] iter=5,time(ms)=0.37,rebound.
[ego_planner_node-2] iter=12,time(ms)=0.035,rebound.
[ego_planner_node-2] iter=12,time(ms)=0.073,rebound.
[ego_planner_node-2] [ERROR] [1772351485.760647436] [check_collision_and_rebound]: ERROR! the drone is in obstacle. This should not happen.
[ego_planner_node-2] iter=5,time(ms)=0.018,rebound.
[ego_planner_node-2] iter=16,time(ms)=0.069,rebound.
[ego_planner_node-2] [ERROR] [1772351485.760754117] [check_collision_and_rebound]: ERROR! the drone is in obstacle. This should not happen.
[ego_planner_node-2] [WARN] [1772351485.760961269] [rebound_optimize]: First 3 control points in obstacles! return false, t=0.000000
[ego_planner_node-2] [ERROR] [1772351485.760993455] [check_collision_and_rebound]: ERROR! the drone is in obstacle. This should not happen.
[ego_planner_node-2] traj 3 failed.
[ego_planner_node-2] iter=5,time(ms)=0.016,rebound.
[ego_planner_node-2] iter=5,time(ms)=0.36,rebound.
[ego_planner_node-2] iter=13,time(ms)=0.031,rebound.
[ego_planner_node-2] iter=9,time(ms)=0.027,rebound.
[ego_planner_node-2] iter=11,time(ms)=0.026,rebound.
[ego_planner_node-2] iter=13,time(ms)=0.032,rebound.
[ego_planner_node-2] [WARN] [1772351485.761627533] [rebound_optimize]: First 3 control points in obstacles! return false, t=0.000000
[ego_planner_node-2] traj 4 failed.
[ego_planner_node-2] plan_success=0
[ego_planner_node-2] refine_success=0
[ego_planner_node-2] [WARN] [1772351485.761894525] [distinctiveTrajs]: Can't find the new base points at the opposite within the threshold. i=1, j=0
[ego_planner_node-2] [ERROR] [1772351485.761950364] [check_collision_and_rebound]: ERROR! the drone is in obstacle. This should not happen.
[ego_planner_node-2] [47;30m
[ego_planner_node-2] [drone 0 replan 136]==============================================[0m
[ego_planner_node-2] [1;33mmulti-trajs=4[1;0m
[ego_planner_node-2] iter=5,time(ms)=0.016,rebound.
[ego_planner_node-2] iter=5,time(ms)=0.38,rebound.
[ego_planner_node-2] iter=14,time(ms)=0.067,rebound.
[ego_planner_node-2] iter=45,time(ms)=0.12,rebound.
[ego_planner_node-2] iter=28,time(ms)=0.073,rebound.
[ego_planner_node-2] [ERROR] [1772351485.762638145] [check_collision_and_rebound]: ERROR! the drone is in obstacle. This should not happen.
[ego_planner_node-2] iter=21,time(ms)=0.24,rebound.
[ego_planner_node-2] traj 1 failed.
[ego_planner_node-2] iter=5,time(ms)=0.026,rebound.
[ego_planner_node-2] [WARN] [1772351485.762928091] [rebound_optimize]: First 3 control points in obstacles! return false, t=0.000000
[ego_planner_node-2] [ERROR] [1772351485.762967187] [check_collision_and_rebound]: ERROR! the drone is in obstacle. This should not happen.
[ego_planner_node-2] iter=5,time(ms)=0.38,rebound.
[ego_planner_node-2] iter=16,time(ms)=0.052,rebound.
[ego_planner_node-2] iter=51,time(ms)=0.15,rebound.
[ego_planner_node-2] [WARN] [1772351485.763598756] [rebound_optimize]: First 3 control points in obstacles! return false, t=0.000000
[ego_planner_node-2] [ERROR] [1772351485.763627326] [check_collision_and_rebound]: ERROR! the drone is in obstacle. This should not happen.
[ego_planner_node-2] traj 2 failed.
[ego_planner_node-2] iter=5,time(ms)=0.015,rebound.
[ego_planner_node-2] iter=5,time(ms)=0.36,rebound.
[ego_planner_node-2] iter=12,time(ms)=0.03,rebound.
[ego_planner_node-2] [ERROR] [1772351485.764038979] [check_collision_and_rebound]: ERROR! the drone is in obstacle. This should not happen.
[ego_planner_node-2] iter=12,time(ms)=0.083,rebound.
[ego_planner_node-2] iter=5,time(ms)=0.018,rebound.
[ego_planner_node-2] [ERROR] [1772351485.764152717] [check_collision_and_rebound]: ERROR! the drone is in obstacle. This should not happen.
[ego_planner_node-2] iter=16,time(ms)=0.06,rebound.
[ego_planner_node-2] [WARN] [1772351485.764342318] [rebound_optimize]: First 3 control points in obstacles! return false, t=0.000000
[ego_planner_node-2] [ERROR] [1772351485.764384748] [check_collision_and_rebound]: ERROR! the drone is in obstacle. This should not happen.
[ego_planner_node-2] traj 3 failed.
[ego_planner_node-2] iter=5,time(ms)=0.021,rebound.
[ego_planner_node-2] iter=5,time(ms)=0.4,rebound.
[ego_planner_node-2] iter=13,time(ms)=0.031,rebound.
[ego_planner_node-2] iter=9,time(ms)=0.027,rebound.
[ego_planner_node-2] iter=11,time(ms)=0.025,rebound.
[ego_planner_node-2] iter=13,time(ms)=0.042,rebound.
[ego_planner_node-2] [WARN] [1772351485.765140396] [rebound_optimize]: First 3 control points in obstacles! return false, t=0.000000
[ego_planner_node-2] traj 4 failed.
[ego_planner_node-2] plan_success=0
[ego_planner_node-2] refine_success=0
[ego_planner_node-2] [WARN] [1772351485.765418830] [distinctiveTrajs]: Can't find the new base points at the opposite within the threshold. i=1, j=0
[ego_planner_node-2] [ERROR] [1772351485.765473492] [check_collision_and_rebound]: ERROR! the drone is in obstacle. This should not happen.
[ego_planner_node-2] [47;30m
[ego_planner_node-2] [drone 0 replan 137]==============================================[0m
[ego_planner_node-2] [1;33mmulti-trajs=4[1;0m
[ego_planner_node-2] iter=5,time(ms)=0.019,rebound.
[ego_planner_node-2] iter=5,time(ms)=0.39,rebound.
[ego_planner_node-2] iter=14,time(ms)=0.068,rebound.
[ego_planner_node-2] iter=45,time(ms)=0.12,rebound.
[ego_planner_node-2] iter=28,time(ms)=0.075,rebound.
[ego_planner_node-2] [ERROR] [1772351485.766172413] [check_collision_and_rebound]: ERROR! the drone is in obstacle. This should not happen.
[ego_planner_node-2] iter=21,time(ms)=0.25,rebound.
[ego_planner_node-2] [WARN] [1772351485.766480820] [rebound_optimize]: First 3 control points in obstacles! return false, t=0.000000
[ego_planner_node-2] [ERROR] [1772351485.766515179] [check_collision_and_rebound]: ERROR! the drone is in obstacle. This should not happen.
[ego_planner_node-2] traj 1 failed.
[ego_planner_node-2] iter=5,time(ms)=0.017,rebound.
[ego_planner_node-2] iter=5,time(ms)=0.37,rebound.
[ego_planner_node-2] iter=16,time(ms)=0.062,rebound.
[ego_planner_node-2] iter=51,time(ms)=0.15,rebound.
[ego_planner_node-2] [WARN] [1772351485.767159253] [rebound_optimize]: First 3 control points in obstacles! return false, t=0.000000
[ego_planner_node-2] [ERROR] [1772351485.767187484] [check_collision_and_rebound]: ERROR! the drone is in obstacle. This should not happen.
[ego_planner_node-2] traj 2 failed.
[ego_planner_node-2] iter=5,time(ms)=0.016,rebound.
[ego_planner_node-2] iter=5,time(ms)=0.36,rebound.
[ego_planner_node-2] iter=12,time(ms)=0.029,rebound.
[ego_planner_node-2] [ERROR] [1772351485.767588747] [check_collision_and_rebound]: ERROR! the drone is in obstacle. This should not happen.
[ego_planner_node-2] iter=12,time(ms)=0.068,rebound.
[ego_planner_node-2] iter=5,time(ms)=0.016,rebound.
[ego_planner_node-2] iter=16,time(ms)=0.059,rebound.
[ego_planner_node-2] [ERROR] [1772351485.767685829] [check_collision_and_rebound]: ERROR! the drone is in obstacle. This should not happen.
[ego_planner_node-2] [WARN] [1772351485.767869460] [rebound_optimize]: First 3 control points in obstacles! return false, t=0.000000
[ego_planner_node-2] [ERROR] [1772351485.767896494] [check_collision_and_rebound]: ERROR! the drone is in obstacle. This should not happen.
[ego_planner_node-2] traj 3 failed.
[ego_planner_node-2] iter=5,time(ms)=0.016,rebound.
[ego_planner_node-2] iter=5,time(ms)=0.35,rebound.
[ego_planner_node-2] iter=13,time(ms)=0.03,rebound.
[ego_planner_node-2] iter=9,time(ms)=0.027,rebound.
[ego_planner_node-2] iter=11,time(ms)=0.026,rebound.
[ego_planner_node-2] iter=13,time(ms)=0.033,rebound.
[ego_planner_node-2] [WARN] [1772351485.768519171] [rebound_optimize]: First 3 control points in obstacles! return false, t=0.000000
[ego_planner_node-2] traj 4 failed.
[ego_planner_node-2] plan_success=0
[ego_planner_node-2] refine_success=0
[ego_planner_node-2] [WARN] [1772351485.768709545] [distinctiveTrajs]: Can't find the new base points at the opposite within the threshold. i=1, j=0
[ego_planner_node-2] [ERROR] [1772351485.768750893] [check_collision_and_rebound]: ERROR! the drone is in obstacle. This should not happen.
[ego_planner_node-2] [47;30m
[ego_planner_node-2] [drone 0 replan 138]==============================================[0m
[ego_planner_node-2] [1;33mmulti-trajs=4[1;0m
[ego_planner_node-2] iter=5,time(ms)=0.017,rebound.
[ego_planner_node-2] iter=5,time(ms)=0.47,rebound.
[ego_planner_node-2] iter=14,time(ms)=0.11,rebound.
[ego_planner_node-2] iter=45,time(ms)=0.18,rebound.
[ego_planner_node-2] iter=28,time(ms)=0.14,rebound.
[ego_planner_node-2] [ERROR] [1772351485.769717953] [check_collision_and_rebound]: ERROR! the drone is in obstacle. This should not happen.
[ego_planner_node-2] iter=21,time(ms)=0.43,rebound.
[ego_planner_node-2] traj 1 failed.
[ego_planner_node-2] [WARN] [1772351485.770238723] [rebound_optimize]: First 3 control points in obstacles! return false, t=0.000000
[ego_planner_node-2] iter=5,time(ms)=0.029,rebound.
[ego_planner_node-2] [ERROR] [1772351485.770293810] [check_collision_and_rebound]: ERROR! the drone is in obstacle. This should not happen.
[ego_planner_node-2] iter=5,time(ms)=0.59,rebound.
[ego_planner_node-2] iter=16,time(ms)=0.091,rebound.
[ego_planner_node-2] iter=51,time(ms)=0.23,rebound.
[ego_planner_node-2] [WARN] [1772351485.771285541] [rebound_optimize]: First 3 control points in obstacles! return false, t=0.000000
[ego_planner_node-2] [ERROR] [1772351485.771333470] [check_collision_and_rebound]: ERROR! the drone is in obstacle. This should not happen.
[ego_planner_node-2] traj 2 failed.
[ego_planner_node-2] iter=5,time(ms)=0.026,rebound.
[ego_planner_node-2] iter=5,time(ms)=0.56,rebound.
[ego_planner_node-2] iter=12,time(ms)=0.048,rebound.
[ego_planner_node-2] [ERROR] [1772351485.771968358] [check_collision_and_rebound]: ERROR! the drone is in obstacle. This should not happen.
[ego_planner_node-2] iter=12,time(ms)=0.11,rebound.
[ego_planner_node-2] iter=5,time(ms)=0.027,rebound.
[ego_planner_node-2] iter=16,time(ms)=0.092,rebound.
[ego_planner_node-2] [ERROR] [1772351485.772119571] [check_collision_and_rebound]: ERROR! the drone is in obstacle. This should not happen.
[ego_planner_node-2] [WARN] [1772351485.772406186] [rebound_optimize]: First 3 control points in obstacles! return false, t=0.000000
[ego_planner_node-2] traj 3 failed.
[ego_planner_node-2] iter=5,time(ms)=0.026,rebound.
[ego_planner_node-2] [ERROR] [1772351485.772452146] [check_collision_and_rebound]: ERROR! the drone is in obstacle. This should not happen.
[ego_planner_node-2] iter=5,time(ms)=0.59,rebound.
[ego_planner_node-2] iter=13,time(ms)=0.05,rebound.
[ego_planner_node-2] iter=9,time(ms)=0.042,rebound.
[ego_planner_node-2] iter=11,time(ms)=0.042,rebound.
[ego_planner_node-2] iter=13,time(ms)=0.05,rebound.
[ego_planner_node-2] [WARN] [1772351485.773510665] [rebound_optimize]: First 3 control points in obstacles! return false, t=0.000000
[ego_planner_node-2] traj 4 failed.
[ego_planner_node-2] plan_success=0
[ego_planner_node-2] refine_success=0
[ego_planner_node-2] [WARN] [1772351485.773921885] [distinctiveTrajs]: Can't find the new base points at the opposite within the threshold. i=1, j=0
[ego_planner_node-2] [47;30m
[ego_planner_node-2] [drone 0 replan 139]==============================================[0m
[ego_planner_node-2] [1;33mmulti-trajs=4[1;0m
[ego_planner_node-2] iter=5,time(ms)=0.05,rebound.
[ego_planner_node-2] [ERROR] [1772351485.774064471] [check_collision_and_rebound]: ERROR! the drone is in obstacle. This should not happen.
[ego_planner_node-2] iter=5,time(ms)=0.65,rebound.
[ego_planner_node-2] iter=14,time(ms)=0.067,rebound.
[ego_planner_node-2] iter=45,time(ms)=0.11,rebound.
[ego_planner_node-2] iter=28,time(ms)=0.079,rebound.
[ego_planner_node-2] [ERROR] [1772351485.775016545] [check_collision_and_rebound]: ERROR! the drone is in obstacle. This should not happen.
[ego_planner_node-2] iter=21,time(ms)=0.23,rebound.
[ego_planner_node-2] [WARN] [1772351485.775302852] [rebound_optimize]: First 3 control points in obstacles! return false, t=0.000000
[ego_planner_node-2] [ERROR] [1772351485.775332922] [check_collision_and_rebound]: ERROR! the drone is in obstacle. This should not happen.
[ego_planner_node-2] traj 1 failed.
[ego_planner_node-2] iter=5,time(ms)=0.017,rebound.
[ego_planner_node-2] iter=5,time(ms)=0.36,rebound.
[ego_planner_node-2] iter=16,time(ms)=0.05,rebound.
[ego_planner_node-2] iter=51,time(ms)=0.15,rebound.
[ego_planner_node-2] traj 2 failed.
[ego_planner_node-2] iter=5,time(ms)=0.015,rebound.
[ego_planner_node-2] [WARN] [1772351485.775950203] [rebound_optimize]: First 3 control points in obstacles! return false, t=0.000000
[ego_planner_node-2] [ERROR] [1772351485.775977393] [check_collision_and_rebound]: ERROR! the drone is in obstacle. This should not happen.
[ego_planner_node-2] iter=5,time(ms)=0.36,rebound.
[ego_planner_node-2] iter=12,time(ms)=0.03,rebound.
[ego_planner_node-2] [ERROR] [1772351485.776389704] [check_collision_and_rebound]: ERROR! the drone is in obstacle. This should not happen.
[ego_planner_node-2] iter=12,time(ms)=0.07,rebound.
[ego_planner_node-2] iter=5,time(ms)=0.016,rebound.
[ego_planner_node-2] iter=16,time(ms)=0.059,rebound.
[ego_planner_node-2] [ERROR] [1772351485.776486951] [check_collision_and_rebound]: ERROR! the drone is in obstacle. This should not happen.
[ego_planner_node-2] [WARN] [1772351485.776668379] [rebound_optimize]: First 3 control points in obstacles! return false, t=0.000000
[ego_planner_node-2] [ERROR] [1772351485.776696061] [check_collision_and_rebound]: ERROR! the drone is in obstacle. This should not happen.
[ego_planner_node-2] traj 3 failed.
[ego_planner_node-2] iter=5,time(ms)=0.016,rebound.
[ego_planner_node-2] iter=5,time(ms)=0.35,rebound.
[ego_planner_node-2] iter=13,time(ms)=0.03,rebound.
[ego_planner_node-2] iter=9,time(ms)=0.027,rebound.
[ego_planner_node-2] iter=11,time(ms)=0.025,rebound.
[ego_planner_node-2] iter=13,time(ms)=0.032,rebound.
[ego_planner_node-2] [WARN] [1772351485.777325477] [rebound_optimize]: First 3 control points in obstacles! return false, t=0.000000
[ego_planner_node-2] traj 4 failed.
[ego_planner_node-2] plan_success=0
[ego_planner_node-2] refine_success=0
[ego_planner_node-2] [WARN] [1772351485.777579723] [distinctiveTrajs]: Can't find the new base points at the opposite within the threshold. i=1, j=0
[ego_planner_node-2] [47;30m
[ego_planner_node-2] [drone 0 replan 140]==============================================[0m
[ego_planner_node-2] [1;33mmulti-trajs=4[1;0m
[ego_planner_node-2] iter=5,time(ms)=0.017,rebound.
[ego_planner_node-2] [ERROR] [1772351485.777634408] [check_collision_and_rebound]: ERROR! the drone is in obstacle. This should not happen.
[ego_planner_node-2] iter=5,time(ms)=0.39,rebound.
[ego_planner_node-2] iter=14,time(ms)=0.065,rebound.
[ego_planner_node-2] iter=45,time(ms)=0.12,rebound.
[ego_planner_node-2] iter=28,time(ms)=0.074,rebound.
[ego_planner_node-2] [ERROR] [1772351485.778334401] [check_collision_and_rebound]: ERROR! the drone is in obstacle. This should not happen.
[ego_planner_node-2] iter=21,time(ms)=0.24,rebound.
[ego_planner_node-2] [WARN] [1772351485.778618737] [rebound_optimize]: First 3 control points in obstacles! return false, t=0.000000
[ego_planner_node-2] [ERROR] [1772351485.778651308] [check_collision_and_rebound]: ERROR! the drone is in obstacle. This should not happen.
[ego_planner_node-2] traj 1 failed.
[ego_planner_node-2] iter=5,time(ms)=0.018,rebound.
[ego_planner_node-2] iter=5,time(ms)=0.42,rebound.
[ego_planner_node-2] iter=16,time(ms)=0.068,rebound.
[ego_planner_node-2] iter=51,time(ms)=0.16,rebound.
[ego_planner_node-2] traj 2 failed.
[ego_planner_node-2] iter=5,time(ms)=0.016,rebound.
[ego_planner_node-2] [WARN] [1772351485.779362490] [rebound_optimize]: First 3 control points in obstacles! return false, t=0.000000
[ego_planner_node-2] [ERROR] [1772351485.779393938] [check_collision_and_rebound]: ERROR! the drone is in obstacle. This should not happen.
[ego_planner_node-2] iter=5,time(ms)=0.36,rebound.
[ego_planner_node-2] iter=12,time(ms)=0.029,rebound.
[ego_planner_node-2] [ERROR] [1772351485.779801893] [check_collision_and_rebound]: ERROR! the drone is in obstacle. This should not happen.
[ego_planner_node-2] iter=12,time(ms)=0.073,rebound.
[ego_planner_node-2] iter=5,time(ms)=0.016,rebound.
[ego_planner_node-2] iter=16,time(ms)=0.059,rebound.
[ego_planner_node-2] [ERROR] [1772351485.779903239] [check_collision_and_rebound]: ERROR! the drone is in obstacle. This should not happen.
[ego_planner_node-2] [WARN] [1772351485.780089372] [rebound_optimize]: First 3 control points in obstacles! return false, t=0.000000
[ego_planner_node-2] [ERROR] [1772351485.780119715] [check_collision_and_rebound]: ERROR! the drone is in obstacle. This should not happen.
[ego_planner_node-2] traj 3 failed.
[ego_planner_node-2] iter=5,time(ms)=0.016,rebound.
[ego_planner_node-2] iter=5,time(ms)=0.34,rebound.
[ego_planner_node-2] iter=13,time(ms)=0.03,rebound.
[ego_planner_node-2] iter=9,time(ms)=0.027,rebound.
[ego_planner_node-2] iter=11,time(ms)=0.026,rebound.
[ego_planner_node-2] iter=13,time(ms)=0.032,rebound.
[ego_planner_node-2] [WARN] [1772351485.780734690] [rebound_optimize]: First 3 control points in obstacles! return false, t=0.000000
[ego_planner_node-2] traj 4 failed.
[ego_planner_node-2] plan_success=0
[ego_planner_node-2] refine_success=0
[ego_planner_node-2] [WARN] [1772351485.780937828] [distinctiveTrajs]: Can't find the new base points at the opposite within the threshold. i=1, j=0
[ego_planner_node-2] [ERROR] [1772351485.780980974] [check_collision_and_rebound]: ERROR! the drone is in obstacle. This should not happen.
[ego_planner_node-2] [47;30m
[ego_planner_node-2] [drone 0 replan 141]==============================================[0m
[ego_planner_node-2] [1;33mmulti-trajs=4[1;0m
[ego_planner_node-2] iter=5,time(ms)=0.017,rebound.
[ego_planner_node-2] iter=5,time(ms)=0.36,rebound.
[ego_planner_node-2] iter=14,time(ms)=0.062,rebound.
[ego_planner_node-2] iter=45,time(ms)=0.11,rebound.
[ego_planner_node-2] iter=28,time(ms)=0.075,rebound.
[ego_planner_node-2] [ERROR] [1772351485.781639719] [check_collision_and_rebound]: ERROR! the drone is in obstacle. This should not happen.
[ego_planner_node-2] iter=21,time(ms)=0.22,rebound.
[ego_planner_node-2] [WARN] [1772351485.781912372] [rebound_optimize]: First 3 control points in obstacles! return false, t=0.000000
[ego_planner_node-2] [ERROR] [1772351485.781943485] [check_collision_and_rebound]: ERROR! the drone is in obstacle. This should not happen.
[ego_planner_node-2] traj 1 failed.
[ego_planner_node-2] iter=5,time(ms)=0.016,rebound.
[ego_planner_node-2] iter=5,time(ms)=0.37,rebound.
[ego_planner_node-2] iter=16,time(ms)=0.049,rebound.
[ego_planner_node-2] iter=51,time(ms)=0.14,rebound.
[ego_planner_node-2] traj 2 failed.
[ego_planner_node-2] iter=5,time(ms)=0.015,rebound.
[ego_planner_node-2] [WARN] [1772351485.782560479] [rebound_optimize]: First 3 control points in obstacles! return false, t=0.000000
[ego_planner_node-2] [ERROR] [1772351485.782586613] [check_collision_and_rebound]: ERROR! the drone is in obstacle. This should not happen.
[ego_planner_node-2] iter=5,time(ms)=0.34,rebound.
[ego_planner_node-2] iter=12,time(ms)=0.03,rebound.
[ego_planner_node-2] [ERROR] [1772351485.782974641] [check_collision_and_rebound]: ERROR! the drone is in obstacle. This should not happen.
[ego_planner_node-2] iter=12,time(ms)=0.066,rebound.
[ego_planner_node-2] iter=5,time(ms)=0.016,rebound.
[ego_planner_node-2] iter=16,time(ms)=0.057,rebound.
[ego_planner_node-2] [ERROR] [1772351485.783069638] [check_collision_and_rebound]: ERROR! the drone is in obstacle. This should not happen.
[ego_planner_node-2] [WARN] [1772351485.783247620] [rebound_optimize]: First 3 control points in obstacles! return false, t=0.000000
[ego_planner_node-2] [ERROR] [1772351485.783273926] [check_collision_and_rebound]: ERROR! the drone is in obstacle. This should not happen.
[ego_planner_node-2] traj 3 failed.
[ego_planner_node-2] iter=5,time(ms)=0.015,rebound.
[ego_planner_node-2] iter=5,time(ms)=0.36,rebound.
[ego_planner_node-2] iter=13,time(ms)=0.03,rebound.
[ego_planner_node-2] iter=9,time(ms)=0.026,rebound.
[ego_planner_node-2] iter=11,time(ms)=0.025,rebound.
[ego_planner_node-2] iter=13,time(ms)=0.032,rebound.
[ego_planner_node-2] [WARN] [1772351485.783907708] [rebound_optimize]: First 3 control points in obstacles! return false, t=0.000000
[ego_planner_node-2] traj 4 failed.
[ego_planner_node-2] plan_success=0
[ego_planner_node-2] refine_success=0
[ego_planner_node-2] [WARN] [1772351485.784104187] [distinctiveTrajs]: Can't find the new base points at the opposite within the threshold. i=1, j=0
[ego_planner_node-2] [47;30m
[ego_planner_node-2] [drone 0 replan 142]==============================================[0m
[ego_planner_node-2] [1;33mmulti-trajs=4[1;0m
[ego_planner_node-2] iter=5,time(ms)=0.024,rebound.
[ego_planner_node-2] [ERROR] [1772351485.784160147] [check_collision_and_rebound]: ERROR! the drone is in obstacle. This should not happen.
[ego_planner_node-2] iter=5,time(ms)=0.45,rebound.
[ego_planner_node-2] iter=14,time(ms)=0.095,rebound.
[ego_planner_node-2] iter=45,time(ms)=0.17,rebound.
[ego_planner_node-2] iter=28,time(ms)=0.077,rebound.
[ego_planner_node-2] [ERROR] [1772351485.784992028] [check_collision_and_rebound]: ERROR! the drone is in obstacle. This should not happen.
[ego_planner_node-2] iter=21,time(ms)=0.23,rebound.
[ego_planner_node-2] [WARN] [1772351485.785274110] [rebound_optimize]: First 3 control points in obstacles! return false, t=0.000000
[ego_planner_node-2] [ERROR] [1772351485.785308204] [check_collision_and_rebound]: ERROR! the drone is in obstacle. This should not happen.
[ego_planner_node-2] traj 1 failed.
[ego_planner_node-2] iter=5,time(ms)=0.017,rebound.
[ego_planner_node-2] iter=5,time(ms)=0.37,rebound.
[ego_planner_node-2] iter=16,time(ms)=0.055,rebound.
[ego_planner_node-2] iter=51,time(ms)=0.16,rebound.
[ego_planner_node-2] traj 2 failed.
[ego_planner_node-2] iter=5,time(ms)=0.016,rebound.
[ego_planner_node-2] [WARN] [1772351485.785954112] [rebound_optimize]: First 3 control points in obstacles! return false, t=0.000000
[ego_planner_node-2] [ERROR] [1772351485.785984776] [check_collision_and_rebound]: ERROR! the drone is in obstacle. This should not happen.
[ego_planner_node-2] iter=5,time(ms)=0.36,rebound.
[ego_planner_node-2] iter=12,time(ms)=0.028,rebound.
[ego_planner_node-2] iter=12,time(ms)=0.067,rebound.
[ego_planner_node-2] iter=5,time(ms)=0.016,rebound.
[ego_planner_node-2] [ERROR] [1772351485.786387076] [check_collision_and_rebound]: ERROR! the drone is in obstacle. This should not happen.
[ego_planner_node-2] [ERROR] [1772351485.786482976] [check_collision_and_rebound]: ERROR! the drone is in obstacle. This should not happen.
[ego_planner_node-2] iter=16,time(ms)=0.084,rebound.
[ego_planner_node-2] traj 3 failed.
[ego_planner_node-2] iter=5,time(ms)=0.016,rebound.
[ego_planner_node-2] [WARN] [1772351485.786692566] [rebound_optimize]: First 3 control points in obstacles! return false, t=0.000000
[ego_planner_node-2] [ERROR] [1772351485.786721641] [check_collision_and_rebound]: ERROR! the drone is in obstacle. This should not happen.
[ego_planner_node-2] iter=5,time(ms)=0.37,rebound.
[ego_planner_node-2] iter=13,time(ms)=0.031,rebound.
[ego_planner_node-2] iter=9,time(ms)=0.026,rebound.
[ego_planner_node-2] iter=11,time(ms)=0.025,rebound.
[ego_planner_node-2] iter=13,time(ms)=0.032,rebound.
[ego_planner_node-2] [WARN] [1772351485.787364236] [rebound_optimize]: First 3 control points in obstacles! return false, t=0.000000
[ego_planner_node-2] traj 4 failed.
[ego_planner_node-2] plan_success=0
[ego_planner_node-2] refine_success=0
[ego_planner_node-2] [WARN] [1772351485.787563754] [distinctiveTrajs]: Can't find the new base points at the opposite within the threshold. i=1, j=0
[ego_planner_node-2] [47;30m
[ego_planner_node-2] [drone 0 replan 143]==============================================[0m
[ego_planner_node-2] [1;33mmulti-trajs=4[1;0m
[ego_planner_node-2] iter=5,time(ms)=0.017,rebound.
[ego_planner_node-2] [ERROR] [1772351485.787607169] [check_collision_and_rebound]: ERROR! the drone is in obstacle. This should not happen.
[ego_planner_node-2] iter=5,time(ms)=0.37,rebound.
[ego_planner_node-2] iter=14,time(ms)=0.063,rebound.
[ego_planner_node-2] iter=45,time(ms)=0.12,rebound.
[ego_planner_node-2] iter=28,time(ms)=0.077,rebound.
[ego_planner_node-2] [ERROR] [1772351485.788277955] [check_collision_and_rebound]: ERROR! the drone is in obstacle. This should not happen.
[ego_planner_node-2] iter=21,time(ms)=0.23,rebound.
[ego_planner_node-2] [WARN] [1772351485.788558429] [rebound_optimize]: First 3 control points in obstacles! return false, t=0.000000
[ego_planner_node-2] [ERROR] [1772351485.788587459] [check_collision_and_rebound]: ERROR! the drone is in obstacle. This should not happen.
[ego_planner_node-2] traj 1 failed.
[ego_planner_node-2] iter=5,time(ms)=0.016,rebound.
[ego_planner_node-2] iter=5,time(ms)=0.37,rebound.
[ego_planner_node-2] iter=16,time(ms)=0.069,rebound.
[ego_planner_node-2] iter=51,time(ms)=0.16,rebound.
[ego_planner_node-2] traj 2 failed.
[ego_planner_node-2] iter=5,time(ms)=0.016,rebound.
[ego_planner_node-2] [WARN] [1772351485.789248026] [rebound_optimize]: First 3 control points in obstacles! return false, t=0.000000
[ego_planner_node-2] [ERROR] [1772351485.789278384] [check_collision_and_rebound]: ERROR! the drone is in obstacle. This should not happen.
[ego_planner_node-2] iter=5,time(ms)=0.4,rebound.
[ego_planner_node-2] iter=12,time(ms)=0.044,rebound.
[ego_planner_node-2] [ERROR] [1772351485.789749187] [check_collision_and_rebound]: ERROR! the drone is in obstacle. This should not happen.
[ego_planner_node-2] iter=12,time(ms)=0.096,rebound.
[ego_planner_node-2] iter=5,time(ms)=0.021,rebound.
[ego_planner_node-2] [ERROR] [1772351485.789885795] [check_collision_and_rebound]: ERROR! the drone is in obstacle. This should not happen.
[ego_planner_node-2] iter=16,time(ms)=0.089,rebound.
[ego_planner_node-2] traj 3 failed.
[ego_planner_node-2] iter=5,time(ms)=0.016,rebound.
[ego_planner_node-2] [WARN] [1772351485.790099114] [rebound_optimize]: First 3 control points in obstacles! return false, t=0.000000
[ego_planner_node-2] [ERROR] [1772351485.790131841] [check_collision_and_rebound]: ERROR! the drone is in obstacle. This should not happen.
[ego_planner_node-2] iter=5,time(ms)=0.38,rebound.
[ego_planner_node-2] iter=13,time(ms)=0.03,rebound.
[ego_planner_node-2] iter=9,time(ms)=0.026,rebound.
[ego_planner_node-2] iter=11,time(ms)=0.025,rebound.
[ego_planner_node-2] iter=13,time(ms)=0.032,rebound.
[ego_planner_node-2] [WARN] [1772351485.790788361] [rebound_optimize]: First 3 control points in obstacles! return false, t=0.000000
[ego_planner_node-2] traj 4 failed.
[ego_planner_node-2] plan_success=0
[ego_planner_node-2] refine_success=0
[ego_planner_node-2] [FSM]: from GEN_NEW_TRAJ to GEN_NEW_TRAJ
[ego_planner_node-2] [WARN] [1772351485.791437500] [distinctiveTrajs]: Can't find the new base points at the opposite within the threshold. i=0, j=1
[ego_planner_node-2] [47;30m
[ego_planner_node-2] [drone 0 replan 144]==============================================[0m
[ego_planner_node-2] [1;33mmulti-trajs=4[1;0m
[ego_planner_node-2] iter=11,time(ms)=0.058,rebound.
[ego_planner_node-2] iter=5,time(ms)=0.13,rebound.
[ego_planner_node-2] [ERROR] [1772351485.791679801] [check_collision_and_rebound]: ERROR! the drone is in obstacle. This should not happen.
[ego_planner_node-2] iter=17,time(ms)=0.095,rebound.
[ego_planner_node-2] [ERROR] [1772351485.791768305] [check_collision_and_rebound]: ERROR! the drone is in obstacle. This should not happen.
[ego_planner_node-2] [WARN] [1772351485.791936593] [rebound_optimize]: First 3 control points in obstacles! return false, t=0.000000
[ego_planner_node-2] iter=13,time(ms)=0.15,rebound.
[ego_planner_node-2] traj 1 failed.
[ego_planner_node-2] [ERROR] [1772351485.791957111] [check_collision_and_rebound]: ERROR! the drone is in obstacle. This should not happen.
[ego_planner_node-2] iter=11,time(ms)=0.11,rebound.
[ego_planner_node-2] iter=9,time(ms)=0.025,rebound.
[ego_planner_node-2] iter=8,time(ms)=0.019,rebound.
[ego_planner_node-2] [ERROR] [1772351485.792103608] [check_collision_and_rebound]: ERROR! the drone is in obstacle. This should not happen.
[ego_planner_node-2] iter=6,time(ms)=0.088,rebound.
[ego_planner_node-2] iter=12,time(ms)=0.037,rebound.
[ego_planner_node-2] iter=20,time(ms)=0.045,rebound.
[ego_planner_node-2] [WARN] [1772351485.792296401] [rebound_optimize]: First 3 control points in obstacles! return false, t=0.000000
[ego_planner_node-2] [ERROR] [1772351485.792315110] [check_collision_and_rebound]: ERROR! the drone is in obstacle. This should not happen.
[ego_planner_node-2] traj 2 failed.
[ego_planner_node-2] iter=11,time(ms)=0.12,rebound.
[ego_planner_node-2] iter=8,time(ms)=0.035,rebound.
[ego_planner_node-2] iter=12,time(ms)=0.034,rebound.
[ego_planner_node-2] iter=7,time(ms)=0.029,rebound.
[ego_planner_node-2] traj 3 failed.
[ego_planner_node-2] iter=12,time(ms)=0.023,rebound.
[ego_planner_node-2] [WARN] [1772351485.792557190] [rebound_optimize]: First 3 control points in obstacles! return false, t=0.000000
[ego_planner_node-2] [ERROR] [1772351485.792603012] [check_collision_and_rebound]: ERROR! the drone is in obstacle. This should not happen.
[ego_planner_node-2] [ERROR] [1772351485.792607551] [Coord2Index]: Ran out of pool, index=-1 70 117, POOL_SIZE=160 160 160
[ego_planner_node-2] [ERROR] [1772351485.792612040] [AstarSearch]: Unable to handle the initial or end point, force return!
[ego_planner_node-2] [ERROR] [1772351485.792614834] [check_collision_and_rebound]: a star error
[ego_planner_node-2] [ERROR] [1772351485.792625732] [check_collision_and_rebound]: ERROR! the drone is in obstacle. This should not happen.
[ego_planner_node-2] [ERROR] [1772351485.792629798] [Coord2Index]: Ran out of pool, index=-1 69 118, POOL_SIZE=160 160 160
[ego_planner_node-2] [ERROR] [1772351485.792632509] [AstarSearch]: Unable to handle the initial or end point, force return!
[ego_planner_node-2] [ERROR] [1772351485.792634705] [check_collision_and_rebound]: a star error
[ego_planner_node-2] [ERROR] [1772351485.792645076] [check_collision_and_rebound]: ERROR! the drone is in obstacle. This should not happen.
[ego_planner_node-2] [ERROR] [1772351485.792648915] [Coord2Index]: Ran out of pool, index=-1 69 119, POOL_SIZE=160 160 160
[ego_planner_node-2] [ERROR] [1772351485.792651793] [AstarSearch]: Unable to handle the initial or end point, force return!
[ego_planner_node-2] [ERROR] [1772351485.792653942] [check_collision_and_rebound]: a star error
[ego_planner_node-2] [ERROR] [1772351485.792664429] [check_collision_and_rebound]: ERROR! the drone is in obstacle. This should not happen.
[ego_planner_node-2] [ERROR] [1772351485.792676698] [Coord2Index]: Ran out of pool, index=-1 70 120, POOL_SIZE=160 160 160
[ego_planner_node-2] [ERROR] [1772351485.792679307] [AstarSearch]: Unable to handle the initial or end point, force return!
[ego_planner_node-2] [ERROR] [1772351485.792681380] [check_collision_and_rebound]: a star error
[ego_planner_node-2] [ERROR] [1772351485.792691600] [check_collision_and_rebound]: ERROR! the drone is in obstacle. This should not happen.
[ego_planner_node-2] [ERROR] [1772351485.792695303] [Coord2Index]: Ran out of pool, index=-1 69 120, POOL_SIZE=160 160 160
[ego_planner_node-2] [ERROR] [1772351485.792697835] [AstarSearch]: Unable to handle the initial or end point, force return!
[ego_planner_node-2] [ERROR] [1772351485.792699945] [check_collision_and_rebound]: a star error
[ego_planner_node-2] [ERROR] [1772351485.792710147] [check_collision_and_rebound]: ERROR! the drone is in obstacle. This should not happen.
[ego_planner_node-2] [ERROR] [1772351485.792713897] [Coord2Index]: Ran out of pool, index=-1 70 121, POOL_SIZE=160 160 160
[ego_planner_node-2] [ERROR] [1772351485.792716380] [AstarSearch]: Unable to handle the initial or end point, force return!
[ego_planner_node-2] [ERROR] [1772351485.792718512] [check_collision_and_rebound]: a star error
[ego_planner_node-2] [ERROR] [1772351485.792728795] [check_collision_and_rebound]: ERROR! the drone is in obstacle. This should not happen.
[ego_planner_node-2] [ERROR] [1772351485.792732517] [Coord2Index]: Ran out of pool, index=-1 70 121, POOL_SIZE=160 160 160
[ego_planner_node-2] [ERROR] [1772351485.792735016] [AstarSearch]: Unable to handle the initial or end point, force return!
[ego_planner_node-2] [ERROR] [1772351485.792737131] [check_collision_and_rebound]: a star error
[ego_planner_node-2] iter=13,time(ms)=0.035,rebound.
[ego_planner_node-2] iter=5,time(ms)=0.019,rebound.
[ego_planner_node-2] iter=5,time(ms)=0.019,rebound.
[ego_planner_node-2] iter=5,time(ms)=0.027,rebound.
[ego_planner_node-2] iter=5,time(ms)=0.018,rebound.
[ego_planner_node-2] iter=5,time(ms)=0.018,rebound.
[ego_planner_node-2] iter=5,time(ms)=0.018,rebound.
[ego_planner_node-2] [ERROR] [1772351485.792747343] [check_collision_and_rebound]: ERROR! the drone is in obstacle. This should not happen.
[ego_planner_node-2] [ERROR] [1772351485.792751169] [Coord2Index]: Ran out of pool, index=-1 70 122, POOL_SIZE=160 160 160
[ego_planner_node-2] [ERROR] [1772351485.792753743] [AstarSearch]: Unable to handle the initial or end point, force return!
[ego_planner_node-2] [ERROR] [1772351485.792755892] [check_collision_and_rebound]: a star error
[ego_planner_node-2] [WARN] [1772351485.792766666] [rebound_optimize]: First 3 control points in obstacles! return false, t=0.000000
[ego_planner_node-2] iter=5,time(ms)=0.018,rebound.
[ego_planner_node-2] traj 4 failed.
[ego_planner_node-2] plan_success=0
[ego_planner_node-2] refine_success=0
[ego_planner_node-2] [WARN] [1772351485.792937221] [distinctiveTrajs]: Can't find the new base points at the opposite within the threshold. i=1, j=0
[ego_planner_node-2] [ERROR] [1772351485.792977282] [check_collision_and_rebound]: ERROR! the drone is in obstacle. This should not happen.
[ego_planner_node-2] [47;30m
[ego_planner_node-2] [drone 0 replan 145]==============================================[0m
[ego_planner_node-2] [1;33mmulti-trajs=4[1;0m
[ego_planner_node-2] iter=5,time(ms)=0.017,rebound.
[ego_planner_node-2] iter=5,time(ms)=0.37,rebound.
[ego_planner_node-2] iter=14,time(ms)=0.062,rebound.
[ego_planner_node-2] iter=45,time(ms)=0.11,rebound.
[ego_planner_node-2] iter=28,time(ms)=0.073,rebound.
[ego_planner_node-2] [ERROR] [1772351485.793630636] [check_collision_and_rebound]: ERROR! the drone is in obstacle. This should not happen.
[ego_planner_node-2] iter=20,time(ms)=0.22,rebound.
[ego_planner_node-2] traj 1 failed.
[ego_planner_node-2] [WARN] [1772351485.793925864] [rebound_optimize]: First 3 control points in obstacles! return false, t=0.000000
[ego_planner_node-2] [ERROR] [1772351485.793957089] [check_collision_and_rebound]: ERROR! the drone is in obstacle. This should not happen.
[ego_planner_node-2] iter=5,time(ms)=0.019,rebound.
[ego_planner_node-2] iter=5,time(ms)=0.42,rebound.
[ego_planner_node-2] iter=16,time(ms)=0.078,rebound.
[ego_planner_node-2] iter=51,time(ms)=0.15,rebound.
[ego_planner_node-2] [WARN] [1772351485.794665074] [rebound_optimize]: First 3 control points in obstacles! return false, t=0.000000
[ego_planner_node-2] [ERROR] [1772351485.794696779] [check_collision_and_rebound]: ERROR! the drone is in obstacle. This should not happen.
[ego_planner_node-2] traj 2 failed.
[ego_planner_node-2] iter=5,time(ms)=0.016,rebound.
[ego_planner_node-2] iter=5,time(ms)=0.38,rebound.
[ego_planner_node-2] iter=12,time(ms)=0.029,rebound.
[ego_planner_node-2] iter=12,time(ms)=0.068,rebound.
[ego_planner_node-2] iter=5,time(ms)=0.016,rebound.
[ego_planner_node-2] iter=16,time(ms)=0.058,rebound.
[ego_planner_node-2] [ERROR] [1772351485.795125908] [check_collision_and_rebound]: ERROR! the drone is in obstacle. This should not happen.
[ego_planner_node-2] [ERROR] [1772351485.795222403] [check_collision_and_rebound]: ERROR! the drone is in obstacle. This should not happen.
[ego_planner_node-2] [WARN] [1772351485.795406430] [rebound_optimize]: First 3 control points in obstacles! return false, t=0.000000
[ego_planner_node-2] [ERROR] [1772351485.795433089] [check_collision_and_rebound]: ERROR! the drone is in obstacle. This should not happen.
[ego_planner_node-2] traj 3 failed.
[ego_planner_node-2] iter=5,time(ms)=0.015,rebound.
[ego_planner_node-2] iter=5,time(ms)=0.34,rebound.
[ego_planner_node-2] iter=13,time(ms)=0.03,rebound.
[ego_planner_node-2] iter=9,time(ms)=0.027,rebound.
[ego_planner_node-2] iter=11,time(ms)=0.026,rebound.
[ego_planner_node-2] iter=13,time(ms)=0.032,rebound.
[ego_planner_node-2] [WARN] [1772351485.796052215] [rebound_optimize]: First 3 control points in obstacles! return false, t=0.000000
[ego_planner_node-2] traj 4 failed.
[ego_planner_node-2] plan_success=0
[ego_planner_node-2] refine_success=0
[ego_planner_node-2] [WARN] [1772351485.797027777] [distinctiveTrajs]: Can't find the new base points at the opposite within the threshold. i=0, j=4
[ego_planner_node-2] [47;30m
[ego_planner_node-2] [drone 0 replan 146]==============================================[0m
[ego_planner_node-2] [1;33mmulti-trajs=4[1;0m
[ego_planner_node-2] [WARN] [1772351485.797779197] [rebound_optimize]: First 3 control points in obstacles! return false, t=0.000000
[ego_planner_node-2] traj 1 failed.
[ego_planner_node-2] iter=48,time(ms)=0.14,rebound.
[ego_planner_node-2] iter=77,time(ms)=0.61,rebound.
[ego_planner_node-2] iter=16,time(ms)=0.046,rebound.
[ego_planner_node-2] iter=37,time(ms)=0.28,rebound.
[ego_planner_node-2] iter=66,time(ms)=0.25,rebound.
[ego_planner_node-2] iter=102,time(ms)=0.37,rebound.
[ego_planner_node-2] [WARN] [1772351485.800307756] [rebound_optimize]: First 3 control points in obstacles! return false, t=0.000000
[ego_planner_node-2] traj 2 failed.
[ego_planner_node-2] iter=35,time(ms)=0.28,rebound.
[ego_planner_node-2] iter=94,time(ms)=0.29,rebound.
[ego_planner_node-2] [WARN] [1772351485.801643334] [rebound_optimize]: First 3 control points in obstacles! return false, t=0.000000
[ego_planner_node-2] traj 3 failed.
[ego_planner_node-2] iter=72,time(ms)=0.22,rebound.
[ego_planner_node-2] iter=51,time(ms)=0.17,rebound.
[ego_planner_node-2] [WARN] [1772351485.802777945] [rebound_optimize]: First 3 control points in obstacles! return false, t=0.000000
[ego_planner_node-2] [WARN] [1772351485.802798253] [drone_0_ego_planner_node]: Suddenly discovered obstacles. emergency stop! time=0.000000
[ego_planner_node-2] traj 4 failed.
[ego_planner_node-2] plan_success=0
[ego_planner_node-2] refine_success=0
[ego_planner_node-2] [SAFETY]: from GEN_NEW_TRAJ to EMERGENCY_STOP
[ego_planner_node-2] [WARN] [1772351485.812878498] [distinctiveTrajs]: Can't find the new base points at the opposite within the threshold. i=0, j=1
[ego_planner_node-2] [47;30m
[ego_planner_node-2] [drone 0 replan 147]==============================================[0m
[ego_planner_node-2] [1;33mmulti-trajs=4[1;0m
[ego_planner_node-2] iter=11,time(ms)=0.068,rebound.
[ego_planner_node-2] iter=5,time(ms)=0.13,rebound.
[ego_planner_node-2] [ERROR] [1772351485.813159238] [check_collision_and_rebound]: ERROR! the drone is in obstacle. This should not happen.
[ego_planner_node-2] iter=17,time(ms)=0.12,rebound.
[ego_planner_node-2] iter=13,time(ms)=0.16,rebound.
[ego_planner_node-2] traj 1 failed.
[ego_planner_node-2] [ERROR] [1772351485.813268703] [check_collision_and_rebound]: ERROR! the drone is in obstacle. This should not happen.
[ego_planner_node-2] [WARN] [1772351485.813445171] [rebound_optimize]: First 3 control points in obstacles! return false, t=0.000000
[ego_planner_node-2] [ERROR] [1772351485.813466455] [check_collision_and_rebound]: ERROR! the drone is in obstacle. This should not happen.
[ego_planner_node-2] iter=11,time(ms)=0.11,rebound.
[ego_planner_node-2] iter=9,time(ms)=0.025,rebound.
[ego_planner_node-2] iter=8,time(ms)=0.02,rebound.
[ego_planner_node-2] [ERROR] [1772351485.813612428] [check_collision_and_rebound]: ERROR! the drone is in obstacle. This should not happen.
[ego_planner_node-2] iter=6,time(ms)=0.088,rebound.
[ego_planner_node-2] iter=12,time(ms)=0.037,rebound.
[ego_planner_node-2] iter=20,time(ms)=0.045,rebound.
[ego_planner_node-2] traj 2 failed.
[ego_planner_node-2] [WARN] [1772351485.813805113] [rebound_optimize]: First 3 control points in obstacles! return false, t=0.000000
[ego_planner_node-2] [ERROR] [1772351485.813824540] [check_collision_and_rebound]: ERROR! the drone is in obstacle. This should not happen.
[ego_planner_node-2] iter=11,time(ms)=0.12,rebound.
[ego_planner_node-2] iter=8,time(ms)=0.038,rebound.
[ego_planner_node-2] iter=12,time(ms)=0.035,rebound.
[ego_planner_node-2] iter=7,time(ms)=0.031,rebound.
[ego_planner_node-2] [WARN] [1772351485.814084427] [rebound_optimize]: First 3 control points in obstacles! return false, t=0.000000
[ego_planner_node-2] traj 3 failed.
[ego_planner_node-2] iter=12,time(ms)=0.023,rebound.
[ego_planner_node-2] [ERROR] [1772351485.814131747] [check_collision_and_rebound]: ERROR! the drone is in obstacle. This should not happen.
[ego_planner_node-2] [ERROR] [1772351485.814137838] [Coord2Index]: Ran out of pool, index=-1 70 117, POOL_SIZE=160 160 160
[ego_planner_node-2] [ERROR] [1772351485.814142658] [AstarSearch]: Unable to handle the initial or end point, force return!
[ego_planner_node-2] [ERROR] [1772351485.814145250] [check_collision_and_rebound]: a star error
[ego_planner_node-2] [ERROR] [1772351485.814156025] [check_collision_and_rebound]: ERROR! the drone is in obstacle. This should not happen.
[ego_planner_node-2] [ERROR] [1772351485.814160062] [Coord2Index]: Ran out of pool, index=-1 69 118, POOL_SIZE=160 160 160
[ego_planner_node-2] [ERROR] [1772351485.814162734] [AstarSearch]: Unable to handle the initial or end point, force return!
[ego_planner_node-2] [ERROR] [1772351485.814164854] [check_collision_and_rebound]: a star error
[ego_planner_node-2] [ERROR] [1772351485.814175342] [check_collision_and_rebound]: ERROR! the drone is in obstacle. This should not happen.
[ego_planner_node-2] [ERROR] [1772351485.814179142] [Coord2Index]: Ran out of pool, index=-1 69 119, POOL_SIZE=160 160 160
[ego_planner_node-2] [ERROR] [1772351485.814181606] [AstarSearch]: Unable to handle the initial or end point, force return!
[ego_planner_node-2] [ERROR] [1772351485.814183671] [check_collision_and_rebound]: a star error
[ego_planner_node-2] [ERROR] [1772351485.814194016] [check_collision_and_rebound]: ERROR! the drone is in obstacle. This should not happen.
[ego_planner_node-2] [ERROR] [1772351485.814197785] [Coord2Index]: Ran out of pool, index=-1 70 120, POOL_SIZE=160 160 160
[ego_planner_node-2] [ERROR] [1772351485.814200287] [AstarSearch]: Unable to handle the initial or end point, force return!
[ego_planner_node-2] [ERROR] [1772351485.814202360] [check_collision_and_rebound]: a star error
[ego_planner_node-2] [ERROR] [1772351485.814212574] [check_collision_and_rebound]: ERROR! the drone is in obstacle. This should not happen.
[ego_planner_node-2] [ERROR] [1772351485.814216280] [Coord2Index]: Ran out of pool, index=-1 69 120, POOL_SIZE=160 160 160
[ego_planner_node-2] [ERROR] [1772351485.814218777] [AstarSearch]: Unable to handle the initial or end point, force return!
[ego_planner_node-2] [ERROR] [1772351485.814220848] [check_collision_and_rebound]: a star error
[ego_planner_node-2] iter=13,time(ms)=0.037,rebound.
[ego_planner_node-2] iter=5,time(ms)=0.019,rebound.
[ego_planner_node-2] iter=5,time(ms)=0.018,rebound.
[ego_planner_node-2] iter=5,time(ms)=0.018,rebound.
[ego_planner_node-2] iter=5,time(ms)=0.018,rebound.
[ego_planner_node-2] [ERROR] [1772351485.814230979] [check_collision_and_rebound]: ERROR! the drone is in obstacle. This should not happen.
[ego_planner_node-2] [ERROR] [1772351485.814234748] [Coord2Index]: Ran out of pool, index=-1 70 121, POOL_SIZE=160 160 160
[ego_planner_node-2] [ERROR] [1772351485.814237275] [AstarSearch]: Unable to handle the initial or end point, force return!
[ego_planner_node-2] [ERROR] [1772351485.814239365] [check_collision_and_rebound]: a star error
[ego_planner_node-2] [ERROR] [1772351485.814249550] [check_collision_and_rebound]: ERROR! the drone is in obstacle. This should not happen.
[ego_planner_node-2] iter=5,time(ms)=0.018,rebound.
[ego_planner_node-2] iter=5,time(ms)=0.018,rebound.
[ego_planner_node-2] [ERROR] [1772351485.814253299] [Coord2Index]: Ran out of pool, index=-1 70 121, POOL_SIZE=160 160 160
[ego_planner_node-2] [ERROR] [1772351485.814255934] [AstarSearch]: Unable to handle the initial or end point, force return!
[ego_planner_node-2] [ERROR] [1772351485.814258037] [check_collision_and_rebound]: a star error
[ego_planner_node-2] [ERROR] [1772351485.814268250] [check_collision_and_rebound]: ERROR! the drone is in obstacle. This should not happen.
[ego_planner_node-2] [ERROR] [1772351485.814272060] [Coord2Index]: Ran out of pool, index=-1 70 122, POOL_SIZE=160 160 160
[ego_planner_node-2] [ERROR] [1772351485.814277034] [AstarSearch]: Unable to handle the initial or end point, force return!
[ego_planner_node-2] [ERROR] [1772351485.814279170] [check_collision_and_rebound]: a star error
[ego_planner_node-2] [WARN] [1772351485.814289916] [rebound_optimize]: First 3 control points in obstacles! return false, t=0.000000
[ego_planner_node-2] iter=5,time(ms)=0.02,rebound.
[ego_planner_node-2] traj 4 failed.
[ego_planner_node-2] plan_success=0
[ego_planner_node-2] refine_success=0
[ego_planner_node-2] [WARN] [1772351485.814498804] [distinctiveTrajs]: Can't find the new base points at the opposite within the threshold. i=1, j=0
[ego_planner_node-2] [ERROR] [1772351485.814539785] [check_collision_and_rebound]: ERROR! the drone is in obstacle. This should not happen.
[ego_planner_node-2] [47;30m
[ego_planner_node-2] [drone 0 replan 148]==============================================[0m
[ego_planner_node-2] [1;33mmulti-trajs=4[1;0m
[ego_planner_node-2] iter=5,time(ms)=0.017,rebound.
[ego_planner_node-2] iter=5,time(ms)=0.38,rebound.
[ego_planner_node-2] [ERROR] [1772351485.814930289] [check_collision_and_rebound]: ERROR! the drone is in obstacle. This should not happen.
[ego_planner_node-2] iter=11,time(ms)=0.12,rebound.
[ego_planner_node-2] iter=29,time(ms)=0.076,rebound.
[ego_planner_node-2] iter=32,time(ms)=0.096,rebound.
[ego_planner_node-2] iter=8,time(ms)=0.022,rebound.
[ego_planner_node-2] [WARN] [1772351485.815300793] [rebound_optimize]: First 3 control points in obstacles! return false, t=0.000000
[ego_planner_node-2] [ERROR] [1772351485.815328894] [check_collision_and_rebound]: ERROR! the drone is in obstacle. This should not happen.
[ego_planner_node-2] traj 1 failed.
[ego_planner_node-2] iter=5,time(ms)=0.016,rebound.
[ego_planner_node-2] iter=5,time(ms)=0.35,rebound.
[ego_planner_node-2] iter=15,time(ms)=0.049,rebound.
[ego_planner_node-2] iter=32,time(ms)=0.083,rebound.
[ego_planner_node-2] iter=55,time(ms)=0.16,rebound.
[ego_planner_node-2] iter=5,time(ms)=0.018,rebound.
[ego_planner_node-2] iter=5,time(ms)=0.017,rebound.
[ego_planner_node-2] [ERROR] [1772351485.815953093] [Coord2Index]: Ran out of pool, index=-1 78 84, POOL_SIZE=160 160 160
[ego_planner_node-2] [ERROR] [1772351485.815960271] [AstarSearch]: Unable to handle the initial or end point, force return!
[ego_planner_node-2] [ERROR] [1772351485.815962770] [check_collision_and_rebound]: a star error
[ego_planner_node-2] [ERROR] [1772351485.815977935] [Coord2Index]: Ran out of pool, index=-1 78 84, POOL_SIZE=160 160 160
[ego_planner_node-2] [ERROR] [1772351485.815980653] [AstarSearch]: Unable to handle the initial or end point, force return!
[ego_planner_node-2] [ERROR] [1772351485.815983159] [check_collision_and_rebound]: a star error
[ego_planner_node-2] [ERROR] [1772351485.815996382] [Coord2Index]: Ran out of pool, index=-1 78 84, POOL_SIZE=160 160 160
[ego_planner_node-2] [ERROR] [1772351485.815999096] [AstarSearch]: Unable to handle the initial or end point, force return!
[ego_planner_node-2] [ERROR] [1772351485.816001275] [check_collision_and_rebound]: a star error
[ego_planner_node-2] traj 2 failed.
[ego_planner_node-2] iter=5,time(ms)=0.015,rebound.
[ego_planner_node-2] [WARN] [1772351485.816012526] [rebound_optimize]: First 3 control points in obstacles! return false, t=0.000000
[ego_planner_node-2] [ERROR] [1772351485.816038281] [check_collision_and_rebound]: ERROR! the drone is in obstacle. This should not happen.
[ego_planner_node-2] iter=5,time(ms)=0.34,rebound.
[ego_planner_node-2] iter=13,time(ms)=0.1,rebound.
[ego_planner_node-2] iter=9,time(ms)=0.024,rebound.
[ego_planner_node-2] iter=13,time(ms)=0.041,rebound.
[ego_planner_node-2] [ERROR] [1772351485.816400001] [check_collision_and_rebound]: ERROR! the drone is in obstacle. This should not happen.
[ego_planner_node-2] [ERROR] [1772351485.816623416] [Coord2Index]: Ran out of pool, index=160 60 96, POOL_SIZE=160 160 160
[ego_planner_node-2] [ERROR] [1772351485.816628261] [AstarSearch]: Unable to handle the initial or end point, force return!
[ego_planner_node-2] [ERROR] [1772351485.816630594] [check_collision_and_rebound]: a star error
[ego_planner_node-2] [ERROR] [1772351485.816646259] [Coord2Index]: Ran out of pool, index=160 60 96, POOL_SIZE=160 160 160
[ego_planner_node-2] [ERROR] [1772351485.816648970] [AstarSearch]: Unable to handle the initial or end point, force return!
[ego_planner_node-2] [ERROR] [1772351485.816651060] [check_collision_and_rebound]: a star error
[ego_planner_node-2] [ERROR] [1772351485.816664652] [Coord2Index]: Ran out of pool, index=160 60 96, POOL_SIZE=160 160 160
[ego_planner_node-2] [ERROR] [1772351485.816667462] [AstarSearch]: Unable to handle the initial or end point, force return!
[ego_planner_node-2] [ERROR] [1772351485.816669554] [check_collision_and_rebound]: a star error
[ego_planner_node-2] [ERROR] [1772351485.816682608] [Coord2Index]: Ran out of pool, index=160 60 96, POOL_SIZE=160 160 160
[ego_planner_node-2] [ERROR] [1772351485.816685208] [AstarSearch]: Unable to handle the initial or end point, force return!
[ego_planner_node-2] [ERROR] [1772351485.816687291] [check_collision_and_rebound]: a star error
[ego_planner_node-2] [ERROR] [1772351485.816701142] [Coord2Index]: Ran out of pool, index=160 60 96, POOL_SIZE=160 160 160
[ego_planner_node-2] [ERROR] [1772351485.816703707] [AstarSearch]: Unable to handle the initial or end point, force return!
[ego_planner_node-2] [ERROR] [1772351485.816705787] [check_collision_and_rebound]: a star error
[ego_planner_node-2] [WARN] [1772351485.816718594] [rebound_optimize]: First 3 control points in obstacles! return false, t=0.000000
[ego_planner_node-2] [ERROR] [1772351485.816743801] [check_collision_and_rebound]: ERROR! the drone is in obstacle. This should not happen.
[ego_planner_node-2] iter=33,time(ms)=0.091,rebound.
[ego_planner_node-2] iter=5,time(ms)=0.018,rebound.
[ego_planner_node-2] iter=5,time(ms)=0.018,rebound.
[ego_planner_node-2] iter=5,time(ms)=0.017,rebound.
[ego_planner_node-2] iter=5,time(ms)=0.018,rebound.
[ego_planner_node-2] traj 3 failed.
[ego_planner_node-2] iter=5,time(ms)=0.015,rebound.
[ego_planner_node-2] iter=5,time(ms)=0.33,rebound.
[ego_planner_node-2] iter=14,time(ms)=0.045,rebound.
[ego_planner_node-2] iter=8,time(ms)=0.021,rebound.
[ego_planner_node-2] iter=26,time(ms)=0.095,rebound.
[ego_planner_node-2] iter=17,time(ms)=0.042,rebound.
[ego_planner_node-2] traj 4 failed.
[ego_planner_node-2] plan_success=0
[ego_planner_node-2] refine_success=0
[ego_planner_node-2] [WARN] [1772351485.817337838] [rebound_optimize]: First 3 control points in obstacles! return false, t=0.000000
[ego_planner_node-2] [WARN] [1772351485.817695853] [distinctiveTrajs]: Can't find the new base points at the opposite within the threshold. i=1, j=0
[ego_planner_node-2] [WARN] [1772351485.817701625] [distinctiveTrajs]: base_point and control point are too close!
[ego_planner_node-2] [ERROR] [1772351485.817735257] [check_collision_and_rebound]: ERROR! the drone is in obstacle. This should not happen.
[ego_planner_node-2] [47;30m
[ego_planner_node-2] [drone 0 replan 149]==============================================[0m
[ego_planner_node-2] base_point=-5.6 0.13 0.82 control point=-5.6 0.14 0.79
[ego_planner_node-2] [1;33mmulti-trajs=2[1;0m
[ego_planner_node-2] iter=7,time(ms)=0.51,rebound.
[ego_planner_node-2] iter=13,time(ms)=0.038,rebound.
[ego_planner_node-2] iter=12,time(ms)=0.07,rebound.
[ego_planner_node-2] [ERROR] [1772351485.818292601] [check_collision_and_rebound]: ERROR! the drone is in obstacle. This should not happen.
[ego_planner_node-2] iter=26,time(ms)=0.11,rebound.
[ego_planner_node-2] iter=18,time(ms)=0.046,rebound.
[ego_planner_node-2] iter=7,time(ms)=0.024,rebound.
[ego_planner_node-2] iter=24,time(ms)=0.07,rebound.
[ego_planner_node-2] [WARN] [1772351485.818764689] [rebound_optimize]: First 3 control points in obstacles! return false, t=0.000000
[ego_planner_node-2] [ERROR] [1772351485.818781664] [check_collision_and_rebound]: ERROR! the drone is in obstacle. This should not happen.
[ego_planner_node-2] traj 1 failed.
[ego_planner_node-2] iter=8,time(ms)=0.48,rebound.
[ego_planner_node-2] iter=17,time(ms)=0.06,rebound.
[ego_planner_node-2] [ERROR] [1772351485.819346990] [check_collision_and_rebound]: ERROR! the drone is in obstacle. This should not happen.
[ego_planner_node-2] iter=19,time(ms)=0.12,rebound.
[ego_planner_node-2] iter=9,time(ms)=0.06,rebound.
[ego_planner_node-2] iter=21,time(ms)=0.053,rebound.
[ego_planner_node-2] iter=9,time(ms)=0.033,rebound.
[ego_planner_node-2] iter=9,time(ms)=0.084,rebound.
[ego_planner_node-2] [ERROR] [1772351485.819595461] [check_collision_and_rebound]: ERROR! the drone is in obstacle. This should not happen.
[ego_planner_node-2] [WARN] [1772351485.819859935] [rebound_optimize]: First 3 control points in obstacles! return false, t=0.000000
[ego_planner_node-2] [WARN] [1772351485.819873736] [drone_0_ego_planner_node]: Suddenly discovered obstacles. emergency stop! time=0.000000
[ego_planner_node-2] traj 2 failed.
[ego_planner_node-2] plan_success=0
[ego_planner_node-2] refine_success=0
[ego_planner_node-2] [SAFETY]: from EMERGENCY_STOP to EMERGENCY_STOP
[ego_planner_node-2] [WARN] [1772351485.863330071] [distinctiveTrajs]: Can't find the new base points at the opposite within the threshold. i=0, j=1
[ego_planner_node-2] [47;30m
[ego_planner_node-2] [drone 0 replan 150]==============================================[0m
[ego_planner_node-2] [1;33mmulti-trajs=4[1;0m
[ego_planner_node-2] iter=11,time(ms)=0.12,rebound.
[ego_planner_node-2] iter=5,time(ms)=0.14,rebound.
[ego_planner_node-2] iter=17,time(ms)=0.12,rebound.
[ego_planner_node-2] [ERROR] [1772351485.863728731] [check_collision_and_rebound]: ERROR! the drone is in obstacle. This should not happen.
[ego_planner_node-2] [ERROR] [1772351485.863839048] [check_collision_and_rebound]: ERROR! the drone is in obstacle. This should not happen.
[ego_planner_node-2] iter=13,time(ms)=0.23,rebound.
[ego_planner_node-2] [WARN] [1772351485.864089908] [rebound_optimize]: First 3 control points in obstacles! return false, t=0.000000
[ego_planner_node-2] [ERROR] [1772351485.864115340] [check_collision_and_rebound]: ERROR! the drone is in obstacle. This should not happen.
[ego_planner_node-2] traj 1 failed.
[ego_planner_node-2] iter=11,time(ms)=0.13,rebound.
[ego_planner_node-2] iter=9,time(ms)=0.026,rebound.
[ego_planner_node-2] iter=8,time(ms)=0.027,rebound.
[ego_planner_node-2] [ERROR] [1772351485.864300771] [check_collision_and_rebound]: ERROR! the drone is in obstacle. This should not happen.
[ego_planner_node-2] iter=6,time(ms)=0.11,rebound.
[ego_planner_node-2] iter=12,time(ms)=0.041,rebound.
[ego_planner_node-2] iter=20,time(ms)=0.046,rebound.
[ego_planner_node-2] [WARN] [1772351485.864516354] [rebound_optimize]: First 3 control points in obstacles! return false, t=0.000000
[ego_planner_node-2] [ERROR] [1772351485.864536603] [check_collision_and_rebound]: ERROR! the drone is in obstacle. This should not happen.
[ego_planner_node-2] traj 2 failed.
[ego_planner_node-2] iter=11,time(ms)=0.13,rebound.
[ego_planner_node-2] iter=8,time(ms)=0.046,rebound.
[ego_planner_node-2] iter=12,time(ms)=0.034,rebound.
[ego_planner_node-2] iter=7,time(ms)=0.03,rebound.
[ego_planner_node-2] traj 3 failed.
[ego_planner_node-2] iter=12,time(ms)=0.024,rebound.
[ego_planner_node-2] [WARN] [1772351485.864809828] [rebound_optimize]: First 3 control points in obstacles! return false, t=0.000000
[ego_planner_node-2] [ERROR] [1772351485.864865733] [check_collision_and_rebound]: ERROR! the drone is in obstacle. This should not happen.
[ego_planner_node-2] [ERROR] [1772351485.864871949] [Coord2Index]: Ran out of pool, index=-1 70 117, POOL_SIZE=160 160 160
[ego_planner_node-2] [ERROR] [1772351485.864876662] [AstarSearch]: Unable to handle the initial or end point, force return!
[ego_planner_node-2] [ERROR] [1772351485.864879306] [check_collision_and_rebound]: a star error
[ego_planner_node-2] iter=13,time(ms)=0.045,rebound.
[ego_planner_node-2] iter=5,time(ms)=0.021,rebound.
[ego_planner_node-2] iter=5,time(ms)=0.019,rebound.
[ego_planner_node-2] [ERROR] [1772351485.864890850] [check_collision_and_rebound]: ERROR! the drone is in obstacle. This should not happen.
[ego_planner_node-2] [ERROR] [1772351485.864895008] [Coord2Index]: Ran out of pool, index=-1 69 118, POOL_SIZE=160 160 160
[ego_planner_node-2] [ERROR] [1772351485.864897676] [AstarSearch]: Unable to handle the initial or end point, force return!
[ego_planner_node-2] [ERROR] [1772351485.864899858] [check_collision_and_rebound]: a star error
[ego_planner_node-2] [ERROR] [1772351485.864912962] [check_collision_and_rebound]: ERROR! the drone is in obstacle. This should not happen.
[ego_planner_node-2] [ERROR] [1772351485.864916822] [Coord2Index]: Ran out of pool, index=-1 69 119, POOL_SIZE=160 160 160
[ego_planner_node-2] [ERROR] [1772351485.864919397] [AstarSearch]: Unable to handle the initial or end point, force return!
[ego_planner_node-2] [ERROR] [1772351485.864921522] [check_collision_and_rebound]: a star error
[ego_planner_node-2] [ERROR] [1772351485.864932183] [check_collision_and_rebound]: ERROR! the drone is in obstacle. This should not happen.
[ego_planner_node-2] [ERROR] [1772351485.864943117] [Coord2Index]: Ran out of pool, index=-1 70 120, POOL_SIZE=160 160 160
[ego_planner_node-2] [ERROR] [1772351485.864946300] [AstarSearch]: Unable to handle the initial or end point, force return!
[ego_planner_node-2] [ERROR] [1772351485.864948416] [check_collision_and_rebound]: a star error
[ego_planner_node-2] [ERROR] [1772351485.864959713] [check_collision_and_rebound]: ERROR! the drone is in obstacle. This should not happen.
[ego_planner_node-2] [ERROR] [1772351485.864963445] [Coord2Index]: Ran out of pool, index=-1 69 120, POOL_SIZE=160 160 160
[ego_planner_node-2] [ERROR] [1772351485.864965899] [AstarSearch]: Unable to handle the initial or end point, force return!
[ego_planner_node-2] [ERROR] [1772351485.864967963] [check_collision_and_rebound]: a star error
[ego_planner_node-2] [ERROR] [1772351485.864978604] [check_collision_and_rebound]: ERROR! the drone is in obstacle. This should not happen.
[ego_planner_node-2] [ERROR] [1772351485.864997952] [Coord2Index]: Ran out of pool, index=-1 70 121, POOL_SIZE=160 160 160
[ego_planner_node-2] [ERROR] [1772351485.865000519] [AstarSearch]: Unable to handle the initial or end point, force return!
[ego_planner_node-2] [ERROR] [1772351485.865002623] [check_collision_and_rebound]: a star error
[ego_planner_node-2] [ERROR] [1772351485.865013232] [check_collision_and_rebound]: ERROR! the drone is in obstacle. This should not happen.
[ego_planner_node-2] [ERROR] [1772351485.865017339] [Coord2Index]: Ran out of pool, index=-1 70 121, POOL_SIZE=160 160 160
[ego_planner_node-2] [ERROR] [1772351485.865020945] [AstarSearch]: Unable to handle the initial or end point, force return!
[ego_planner_node-2] [ERROR] [1772351485.865023856] [check_collision_and_rebound]: a star error
[ego_planner_node-2] [ERROR] [1772351485.865040478] [check_collision_and_rebound]: ERROR! the drone is in obstacle. This should not happen.
[ego_planner_node-2] [ERROR] [1772351485.865045891] [Coord2Index]: Ran out of pool, index=-1 70 122, POOL_SIZE=160 160 160
[ego_planner_node-2] [ERROR] [1772351485.865050302] [AstarSearch]: Unable to handle the initial or end point, force return!
[ego_planner_node-2] [ERROR] [1772351485.865053944] [check_collision_and_rebound]: a star error
[ego_planner_node-2] [WARN] [1772351485.865072334] [rebound_optimize]: First 3 control points in obstacles! return false, t=0.000000
[ego_planner_node-2] iter=5,time(ms)=0.026,rebound.
[ego_planner_node-2] iter=5,time(ms)=0.018,rebound.
[ego_planner_node-2] iter=5,time(ms)=0.034,rebound.
[ego_planner_node-2] iter=5,time(ms)=0.022,rebound.
[ego_planner_node-2] iter=5,time(ms)=0.029,rebound.
[ego_planner_node-2] traj 4 failed.
[ego_planner_node-2] plan_success=0
[ego_planner_node-2] refine_success=0
[ego_planner_node-2] [WARN] [1772351485.865293797] [distinctiveTrajs]: Can't find the new base points at the opposite within the threshold. i=1, j=0
[ego_planner_node-2] [ERROR] [1772351485.865335882] [check_collision_and_rebound]: ERROR! the drone is in obstacle. This should not happen.
[ego_planner_node-2] [47;30m
[ego_planner_node-2] [drone 0 replan 151]==============================================[0m
[ego_planner_node-2] [1;33mmulti-trajs=4[1;0m
[ego_planner_node-2] iter=5,time(ms)=0.018,rebound.
[ego_planner_node-2] iter=5,time(ms)=0.43,rebound.
[ego_planner_node-2] [ERROR] [1772351485.865788452] [check_collision_and_rebound]: ERROR! the drone is in obstacle. This should not happen.
[ego_planner_node-2] iter=11,time(ms)=0.12,rebound.
[ego_planner_node-2] iter=29,time(ms)=0.12,rebound.
[ego_planner_node-2] iter=32,time(ms)=0.097,rebound.
[ego_planner_node-2] iter=8,time(ms)=0.023,rebound.
[ego_planner_node-2] traj 1 failed.
[ego_planner_node-2] [WARN] [1772351485.866247489] [rebound_optimize]: First 3 control points in obstacles! return false, t=0.000000
[ego_planner_node-2] [ERROR] [1772351485.866279025] [check_collision_and_rebound]: ERROR! the drone is in obstacle. This should not happen.
[ego_planner_node-2] iter=5,time(ms)=0.016,rebound.
[ego_planner_node-2] iter=5,time(ms)=0.42,rebound.
[ego_planner_node-2] iter=15,time(ms)=0.073,rebound.
[ego_planner_node-2] iter=32,time(ms)=0.14,rebound.
[ego_planner_node-2] iter=56,time(ms)=0.23,rebound.
[ego_planner_node-2] iter=5,time(ms)=0.026,rebound.
[ego_planner_node-2] iter=5,time(ms)=0.029,rebound.
[ego_planner_node-2] traj 2 failed.
[ego_planner_node-2] iter=5,time(ms)=0.025,rebound.
[ego_planner_node-2] [ERROR] [1772351485.867120514] [Coord2Index]: Ran out of pool, index=-1 78 84, POOL_SIZE=160 160 160
[ego_planner_node-2] [ERROR] [1772351485.867127506] [AstarSearch]: Unable to handle the initial or end point, force return!
[ego_planner_node-2] [ERROR] [1772351485.867131462] [check_collision_and_rebound]: a star error
[ego_planner_node-2] [ERROR] [1772351485.867154346] [Coord2Index]: Ran out of pool, index=-1 78 84, POOL_SIZE=160 160 160
[ego_planner_node-2] [ERROR] [1772351485.867157451] [AstarSearch]: Unable to handle the initial or end point, force return!
[ego_planner_node-2] [ERROR] [1772351485.867160954] [check_collision_and_rebound]: a star error
[ego_planner_node-2] [ERROR] [1772351485.867183472] [Coord2Index]: Ran out of pool, index=-1 78 84, POOL_SIZE=160 160 160
[ego_planner_node-2] [ERROR] [1772351485.867188184] [AstarSearch]: Unable to handle the initial or end point, force return!
[ego_planner_node-2] [ERROR] [1772351485.867191709] [check_collision_and_rebound]: a star error
[ego_planner_node-2] [WARN] [1772351485.867210513] [rebound_optimize]: First 3 control points in obstacles! return false, t=0.000000
[ego_planner_node-2] [ERROR] [1772351485.867251949] [check_collision_and_rebound]: ERROR! the drone is in obstacle. This should not happen.
[ego_planner_node-2] iter=5,time(ms)=0.66,rebound.
[ego_planner_node-2] [ERROR] [1772351485.867967649] [check_collision_and_rebound]: ERROR! the drone is in obstacle. This should not happen.
[ego_planner_node-2] iter=13,time(ms)=0.15,rebound.
[ego_planner_node-2] iter=9,time(ms)=0.025,rebound.
[ego_planner_node-2] iter=13,time(ms)=0.042,rebound.
[ego_planner_node-2] iter=33,time(ms)=0.092,rebound.
[ego_planner_node-2] iter=5,time(ms)=0.018,rebound.
[ego_planner_node-2] [ERROR] [1772351485.868219092] [Coord2Index]: Ran out of pool, index=160 60 96, POOL_SIZE=160 160 160
[ego_planner_node-2] [ERROR] [1772351485.868224545] [AstarSearch]: Unable to handle the initial or end point, force return!
[ego_planner_node-2] [ERROR] [1772351485.868227250] [check_collision_and_rebound]: a star error
[ego_planner_node-2] [ERROR] [1772351485.868242763] [Coord2Index]: Ran out of pool, index=160 60 96, POOL_SIZE=160 160 160
[ego_planner_node-2] [ERROR] [1772351485.868245577] [AstarSearch]: Unable to handle the initial or end point, force return!
[ego_planner_node-2] [ERROR] [1772351485.868247761] [check_collision_and_rebound]: a star error
[ego_planner_node-2] [ERROR] [1772351485.868261420] [Coord2Index]: Ran out of pool, index=160 60 96, POOL_SIZE=160 160 160
[ego_planner_node-2] [ERROR] [1772351485.868264142] [AstarSearch]: Unable to handle the initial or end point, force return!
[ego_planner_node-2] [ERROR] [1772351485.868266206] [check_collision_and_rebound]: a star error
[ego_planner_node-2] [ERROR] [1772351485.868279417] [Coord2Index]: Ran out of pool, index=160 60 96, POOL_SIZE=160 160 160
[ego_planner_node-2] [ERROR] [1772351485.868282141] [AstarSearch]: Unable to handle the initial or end point, force return!
[ego_planner_node-2] [ERROR] [1772351485.868284245] [check_collision_and_rebound]: a star error
[ego_planner_node-2] [ERROR] [1772351485.868305641] [Coord2Index]: Ran out of pool, index=160 60 96, POOL_SIZE=160 160 160
[ego_planner_node-2] [ERROR] [1772351485.868308394] [AstarSearch]: Unable to handle the initial or end point, force return!
[ego_planner_node-2] [ERROR] [1772351485.868310449] [check_collision_and_rebound]: a star error
[ego_planner_node-2] [WARN] [1772351485.868323616] [rebound_optimize]: First 3 control points in obstacles! return false, t=0.000000
[ego_planner_node-2] iter=5,time(ms)=0.018,rebound.
[ego_planner_node-2] iter=5,time(ms)=0.025,rebound.
[ego_planner_node-2] iter=5,time(ms)=0.017,rebound.
[ego_planner_node-2] traj 3 failed.
[ego_planner_node-2] iter=5,time(ms)=0.016,rebound.
[ego_planner_node-2] [ERROR] [1772351485.868351480] [check_collision_and_rebound]: ERROR! the drone is in obstacle. This should not happen.
[ego_planner_node-2] iter=5,time(ms)=0.39,rebound.
[ego_planner_node-2] iter=14,time(ms)=0.047,rebound.
[ego_planner_node-2] iter=8,time(ms)=0.021,rebound.
[ego_planner_node-2] iter=26,time(ms)=0.097,rebound.
[ego_planner_node-2] iter=17,time(ms)=0.046,rebound.
[ego_planner_node-2] [WARN] [1772351485.869008383] [rebound_optimize]: First 3 control points in obstacles! return false, t=0.000000
[ego_planner_node-2] traj 4 failed.
[ego_planner_node-2] plan_success=0
[ego_planner_node-2] refine_success=0
[ego_planner_node-2] [WARN] [1772351485.870453301] [distinctiveTrajs]: Can't find the new base points at the opposite within the threshold. i=1, j=0
[ego_planner_node-2] [WARN] [1772351485.870465766] [distinctiveTrajs]: Can't find the new base points at the opposite within the threshold. i=1, j=4
[ego_planner_node-2] [47;30m
[ego_planner_node-2] [drone 0 replan 152]==============================================[0m
[ego_planner_node-2] [1;33mmulti-trajs=2[1;0m
[ego_planner_node-2] iter=19,time(ms)=1,rebound.
[ego_planner_node-2] iter=26,time(ms)=0.085,rebound.
[ego_planner_node-2] iter=26,time(ms)=0.12,rebound.
[ego_planner_node-2] iter=93,time(ms)=0.35,rebound.
[ego_planner_node-2] iter=27,time(ms)=0.1,rebound.
[ego_planner_node-2] iter=65,time(ms)=0.59,rebound.
[ego_planner_node-2] iter=134,time(ms)=1.8,rebound.
[ego_planner_node-2] [WARN] [1772351485.875440339] [rebound_optimize]: First 3 control points in obstacles! return false, t=0.000000
[ego_planner_node-2] traj 1 failed.
[ego_planner_node-2] iter=26,time(ms)=0.98,rebound.
[ego_planner_node-2] iter=22,time(ms)=0.07,rebound.
[ego_planner_node-2] iter=125,time(ms)=0.4,rebound.
[ego_planner_node-2] [WARN] [1772351485.877016016] [rebound_optimize]: Solver error. Return = -1008, A rounding error occurred; alternatively, no line-search step satisfies the sufficient decrease and curvature conditions.. Skip this planning.
[ego_planner_node-2] traj 2 failed.
[ego_planner_node-2] plan_success=0
[ego_planner_node-2] refine_success=0
[ego_planner_node-2] [SAFETY]: from EMERGENCY_STOP to EMERGENCY_STOP
[ego_planner_node-2] [WARN] [1772351485.877029456] [drone_0_ego_planner_node]: Suddenly discovered obstacles. emergency stop! time=0.000000
[ego_planner_node-2] [WARN] [1772351485.913218433] [distinctiveTrajs]: Can't find the new base points at the opposite within the threshold. i=0, j=1
[ego_planner_node-2] [47;30m
[ego_planner_node-2] [drone 0 replan 153]==============================================[0m
[ego_planner_node-2] [1;33mmulti-trajs=4[1;0m
[ego_planner_node-2] iter=11,time(ms)=0.11,rebound.
[ego_planner_node-2] iter=5,time(ms)=0.22,rebound.
[ego_planner_node-2] [ERROR] [1772351485.913671888] [check_collision_and_rebound]: ERROR! the drone is in obstacle. This should not happen.
[ego_planner_node-2] [ERROR] [1772351485.913840316] [check_collision_and_rebound]: ERROR! the drone is in obstacle. This should not happen.
[ego_planner_node-2] iter=17,time(ms)=0.18,rebound.
[ego_planner_node-2] iter=13,time(ms)=0.3,rebound.
[ego_planner_node-2] [WARN] [1772351485.914176814] [rebound_optimize]: First 3 control points in obstacles! return false, t=0.000000
[ego_planner_node-2] [ERROR] [1772351485.914220797] [check_collision_and_rebound]: ERROR! the drone is in obstacle. This should not happen.
[ego_planner_node-2] traj 1 failed.
[ego_planner_node-2] iter=11,time(ms)=0.2,rebound.
[ego_planner_node-2] iter=9,time(ms)=0.046,rebound.
[ego_planner_node-2] iter=8,time(ms)=0.036,rebound.
[ego_planner_node-2] [ERROR] [1772351485.914500927] [check_collision_and_rebound]: ERROR! the drone is in obstacle. This should not happen.
[ego_planner_node-2] iter=6,time(ms)=0.16,rebound.
[ego_planner_node-2] iter=12,time(ms)=0.066,rebound.
[ego_planner_node-2] iter=20,time(ms)=0.086,rebound.
[ego_planner_node-2] [WARN] [1772351485.914859490] [rebound_optimize]: First 3 control points in obstacles! return false, t=0.000000
[ego_planner_node-2] [ERROR] [1772351485.914898776] [check_collision_and_rebound]: ERROR! the drone is in obstacle. This should not happen.
[ego_planner_node-2] traj 2 failed.
[ego_planner_node-2] iter=11,time(ms)=0.21,rebound.
[ego_planner_node-2] iter=8,time(ms)=0.061,rebound.
[ego_planner_node-2] iter=12,time(ms)=0.062,rebound.
[ego_planner_node-2] iter=7,time(ms)=0.049,rebound.
[ego_planner_node-2] traj 3 failed.
[ego_planner_node-2] [WARN] [1772351485.915342747] [rebound_optimize]: First 3 control points in obstacles! return false, t=0.000000
[ego_planner_node-2] iter=12,time(ms)=0.043,rebound.
[ego_planner_node-2] [ERROR] [1772351485.915436674] [check_collision_and_rebound]: ERROR! the drone is in obstacle. This should not happen.
[ego_planner_node-2] [ERROR] [1772351485.915450962] [Coord2Index]: Ran out of pool, index=-1 70 117, POOL_SIZE=160 160 160
[ego_planner_node-2] [ERROR] [1772351485.915459897] [AstarSearch]: Unable to handle the initial or end point, force return!
[ego_planner_node-2] [ERROR] [1772351485.915466073] [check_collision_and_rebound]: a star error
[ego_planner_node-2] [ERROR] [1772351485.915490126] [check_collision_and_rebound]: ERROR! the drone is in obstacle. This should not happen.
[ego_planner_node-2] [ERROR] [1772351485.915499659] [Coord2Index]: Ran out of pool, index=-1 69 118, POOL_SIZE=160 160 160
[ego_planner_node-2] [ERROR] [1772351485.915506756] [AstarSearch]: Unable to handle the initial or end point, force return!
[ego_planner_node-2] [ERROR] [1772351485.915512427] [check_collision_and_rebound]: a star error
[ego_planner_node-2] [ERROR] [1772351485.915535508] [check_collision_and_rebound]: ERROR! the drone is in obstacle. This should not happen.
[ego_planner_node-2] iter=13,time(ms)=0.075,rebound.
[ego_planner_node-2] iter=5,time(ms)=0.043,rebound.
[ego_planner_node-2] iter=5,time(ms)=0.042,rebound.
[ego_planner_node-2] [ERROR] [1772351485.915544916] [Coord2Index]: Ran out of pool, index=-1 69 119, POOL_SIZE=160 160 160
[ego_planner_node-2] [ERROR] [1772351485.915551625] [AstarSearch]: Unable to handle the initial or end point, force return!
[ego_planner_node-2] [ERROR] [1772351485.915557129] [check_collision_and_rebound]: a star error
[ego_planner_node-2] [ERROR] [1772351485.915579870] [check_collision_and_rebound]: ERROR! the drone is in obstacle. This should not happen.
[ego_planner_node-2] [ERROR] [1772351485.915589042] [Coord2Index]: Ran out of pool, index=-1 70 120, POOL_SIZE=160 160 160
[ego_planner_node-2] [ERROR] [1772351485.915595509] [AstarSearch]: Unable to handle the initial or end point, force return!
[ego_planner_node-2] [ERROR] [1772351485.915600970] [check_collision_and_rebound]: a star error
[ego_planner_node-2] iter=5,time(ms)=0.041,rebound.
[ego_planner_node-2] iter=5,time(ms)=0.065,rebound.
[ego_planner_node-2] iter=5,time(ms)=0.044,rebound.
[ego_planner_node-2] [ERROR] [1772351485.915624474] [check_collision_and_rebound]: ERROR! the drone is in obstacle. This should not happen.
[ego_planner_node-2] [ERROR] [1772351485.915654486] [Coord2Index]: Ran out of pool, index=-1 69 120, POOL_SIZE=160 160 160
[ego_planner_node-2] [ERROR] [1772351485.915662573] [AstarSearch]: Unable to handle the initial or end point, force return!
[ego_planner_node-2] [ERROR] [1772351485.915668510] [check_collision_and_rebound]: a star error
[ego_planner_node-2] [ERROR] [1772351485.915693304] [check_collision_and_rebound]: ERROR! the drone is in obstacle. This should not happen.
[ego_planner_node-2] [ERROR] [1772351485.915703119] [Coord2Index]: Ran out of pool, index=-1 70 121, POOL_SIZE=160 160 160
[ego_planner_node-2] [ERROR] [1772351485.915710050] [AstarSearch]: Unable to handle the initial or end point, force return!
[ego_planner_node-2] [ERROR] [1772351485.915715910] [check_collision_and_rebound]: a star error
[ego_planner_node-2] [ERROR] [1772351485.915740551] [check_collision_and_rebound]: ERROR! the drone is in obstacle. This should not happen.
[ego_planner_node-2] [ERROR] [1772351485.915750295] [Coord2Index]: Ran out of pool, index=-1 70 121, POOL_SIZE=160 160 160
[ego_planner_node-2] [ERROR] [1772351485.915757110] [AstarSearch]: Unable to handle the initial or end point, force return!
[ego_planner_node-2] [ERROR] [1772351485.915762975] [check_collision_and_rebound]: a star error
[ego_planner_node-2] iter=5,time(ms)=0.045,rebound.
[ego_planner_node-2] iter=5,time(ms)=0.043,rebound.
[ego_planner_node-2] traj 4 failed.
[ego_planner_node-2] plan_success=0
[ego_planner_node-2] refine_success=0
[ego_planner_node-2] [ERROR] [1772351485.915787358] [check_collision_and_rebound]: ERROR! the drone is in obstacle. This should not happen.
[ego_planner_node-2] [ERROR] [1772351485.915797167] [Coord2Index]: Ran out of pool, index=-1 70 122, POOL_SIZE=160 160 160
[ego_planner_node-2] [ERROR] [1772351485.915803883] [AstarSearch]: Unable to handle the initial or end point, force return!
[ego_planner_node-2] [ERROR] [1772351485.915809600] [check_collision_and_rebound]: a star error
[ego_planner_node-2] [WARN] [1772351485.915834887] [rebound_optimize]: First 3 control points in obstacles! return false, t=0.000000
[ego_planner_node-2] [WARN] [1772351485.916136660] [distinctiveTrajs]: Can't find the new base points at the opposite within the threshold. i=1, j=0
[ego_planner_node-2] [ERROR] [1772351485.916201502] [check_collision_and_rebound]: ERROR! the drone is in obstacle. This should not happen.
[ego_planner_node-2] [47;30m
[ego_planner_node-2] [drone 0 replan 154]==============================================[0m
[ego_planner_node-2] [1;33mmulti-trajs=4[1;0m
[ego_planner_node-2] iter=5,time(ms)=0.023,rebound.
[ego_planner_node-2] iter=5,time(ms)=0.4,rebound.
[ego_planner_node-2] [ERROR] [1772351485.916613762] [check_collision_and_rebound]: ERROR! the drone is in obstacle. This should not happen.
[ego_planner_node-2] iter=11,time(ms)=0.12,rebound.
[ego_planner_node-2] iter=29,time(ms)=0.086,rebound.
[ego_planner_node-2] iter=32,time(ms)=0.11,rebound.
[ego_planner_node-2] iter=8,time(ms)=0.032,rebound.
[ego_planner_node-2] traj 1 failed.
[ego_planner_node-2] iter=5,time(ms)=0.018,rebound.
[ego_planner_node-2] [WARN] [1772351485.917033086] [rebound_optimize]: First 3 control points in obstacles! return false, t=0.000000
[ego_planner_node-2] [ERROR] [1772351485.917065735] [check_collision_and_rebound]: ERROR! the drone is in obstacle. This should not happen.
[ego_planner_node-2] iter=5,time(ms)=0.4,rebound.
[ego_planner_node-2] iter=15,time(ms)=0.055,rebound.
[ego_planner_node-2] iter=32,time(ms)=0.092,rebound.
[ego_planner_node-2] iter=56,time(ms)=0.19,rebound.
[ego_planner_node-2] iter=5,time(ms)=0.021,rebound.
[ego_planner_node-2] traj 2 failed.
[ego_planner_node-2] iter=5,time(ms)=0.018,rebound.
[ego_planner_node-2] [ERROR] [1772351485.917776682] [Coord2Index]: Ran out of pool, index=-1 78 84, POOL_SIZE=160 160 160
[ego_planner_node-2] [ERROR] [1772351485.917781767] [AstarSearch]: Unable to handle the initial or end point, force return!
[ego_planner_node-2] [ERROR] [1772351485.917784713] [check_collision_and_rebound]: a star error
[ego_planner_node-2] [ERROR] [1772351485.917802839] [Coord2Index]: Ran out of pool, index=-1 78 84, POOL_SIZE=160 160 160
[ego_planner_node-2] [ERROR] [1772351485.917806020] [AstarSearch]: Unable to handle the initial or end point, force return!
[ego_planner_node-2] [ERROR] [1772351485.917808402] [check_collision_and_rebound]: a star error
[ego_planner_node-2] [WARN] [1772351485.917821818] [rebound_optimize]: First 3 control points in obstacles! return false, t=0.000000
[ego_planner_node-2] [ERROR] [1772351485.917852417] [check_collision_and_rebound]: ERROR! the drone is in obstacle. This should not happen.
[ego_planner_node-2] iter=5,time(ms)=0.38,rebound.
[ego_planner_node-2] iter=13,time(ms)=0.11,rebound.
[ego_planner_node-2] iter=9,time(ms)=0.027,rebound.
[ego_planner_node-2] [ERROR] [1772351485.918248503] [check_collision_and_rebound]: ERROR! the drone is in obstacle. This should not happen.
[ego_planner_node-2] iter=13,time(ms)=0.048,rebound.
[ego_planner_node-2] [ERROR] [1772351485.918508266] [Coord2Index]: Ran out of pool, index=160 60 96, POOL_SIZE=160 160 160
[ego_planner_node-2] [ERROR] [1772351485.918512290] [AstarSearch]: Unable to handle the initial or end point, force return!
[ego_planner_node-2] [ERROR] [1772351485.918514894] [check_collision_and_rebound]: a star error
[ego_planner_node-2] [ERROR] [1772351485.918533223] [Coord2Index]: Ran out of pool, index=160 60 96, POOL_SIZE=160 160 160
[ego_planner_node-2] [ERROR] [1772351485.918536433] [AstarSearch]: Unable to handle the initial or end point, force return!
[ego_planner_node-2] [ERROR] [1772351485.918539007] [check_collision_and_rebound]: a star error
[ego_planner_node-2] [ERROR] [1772351485.918555572] [Coord2Index]: Ran out of pool, index=160 60 96, POOL_SIZE=160 160 160
[ego_planner_node-2] [ERROR] [1772351485.918558781] [AstarSearch]: Unable to handle the initial or end point, force return!
[ego_planner_node-2] [ERROR] [1772351485.918561261] [check_collision_and_rebound]: a star error
[ego_planner_node-2] [ERROR] [1772351485.918577764] [Coord2Index]: Ran out of pool, index=160 60 96, POOL_SIZE=160 160 160
[ego_planner_node-2] [ERROR] [1772351485.918580725] [AstarSearch]: Unable to handle the initial or end point, force return!
[ego_planner_node-2] [ERROR] [1772351485.918598045] [check_collision_and_rebound]: a star error
[ego_planner_node-2] [ERROR] [1772351485.918614527] [Coord2Index]: Ran out of pool, index=160 60 96, POOL_SIZE=160 160 160
[ego_planner_node-2] [ERROR] [1772351485.918617510] [AstarSearch]: Unable to handle the initial or end point, force return!
[ego_planner_node-2] [ERROR] [1772351485.918619836] [check_collision_and_rebound]: a star error
[ego_planner_node-2] [WARN] [1772351485.918635136] [rebound_optimize]: First 3 control points in obstacles! return false, t=0.000000
[ego_planner_node-2] iter=33,time(ms)=0.11,rebound.
[ego_planner_node-2] iter=5,time(ms)=0.022,rebound.
[ego_planner_node-2] iter=5,time(ms)=0.021,rebound.
[ego_planner_node-2] iter=5,time(ms)=0.036,rebound.
[ego_planner_node-2] iter=5,time(ms)=0.021,rebound.
[ego_planner_node-2] traj 3 failed.
[ego_planner_node-2] iter=5,time(ms)=0.022,rebound.
[ego_planner_node-2] [ERROR] [1772351485.918670060] [check_collision_and_rebound]: ERROR! the drone is in obstacle. This should not happen.
[ego_planner_node-2] iter=5,time(ms)=0.36,rebound.
[ego_planner_node-2] iter=14,time(ms)=0.055,rebound.
[ego_planner_node-2] iter=8,time(ms)=0.024,rebound.
[ego_planner_node-2] iter=26,time(ms)=0.11,rebound.
[ego_planner_node-2] iter=17,time(ms)=0.048,rebound.
[ego_planner_node-2] traj 4 failed.
[ego_planner_node-2] plan_success=0
[ego_planner_node-2] refine_success=0
[ego_planner_node-2] [WARN] [1772351485.919330973] [rebound_optimize]: First 3 control points in obstacles! return false, t=0.000000
[ego_planner_node-2] [47;30m
[ego_planner_node-2] [drone 0 replan 155]==============================================[0m
[ego_planner_node-2] i=1 RichInfoSegs.size()=3
[ego_planner_node-2] RichInfoSegs[i].first.size=1
[ego_planner_node-2] RichInfoSegs[i].first.direction.size()=1
[ego_planner_node-2] RichInfoSegs[i].first.direction[0].size()=1
[ego_planner_node-2] RichInfoSegs[i].first.points.cols()=1
[ego_planner_node-2] RichInfoSegs[i].first.base_point.size()=1
[ego_planner_node-2] RichInfoSegs[i].first.base_point[0].size()=1
[ego_planner_node-2] [1;33mmulti-trajs=4[1;0m
[ego_planner_node-2] [WARN] [1772351485.920439816] [distinctiveTrajs]: Can't find the new base points at the opposite within the threshold. i=2, j=1
[ego_planner_node-2] iter=22,time(ms)=0.22,rebound.
[ego_planner_node-2] iter=19,time(ms)=0.3,rebound.
[ego_planner_node-2] iter=17,time(ms)=0.71,rebound.
[ego_planner_node-2] iter=21,time(ms)=0.5,rebound.
[ego_planner_node-2] iter=6,time(ms)=0.092,rebound.
[ego_planner_node-2] iter=31,time(ms)=0.51,rebound.
[ego_planner_node-2] iter=98,time(ms)=0.9,rebound.
[ego_planner_node-2] iter=113,time(ms)=0.69,rebound.
[ego_planner_node-2] [WARN] [1772351485.926825313] [rebound_optimize]: First 3 control points in obstacles! return false, t=0.000000
[ego_planner_node-2] traj 1 failed.
[ego_planner_node-2] iter=23,time(ms)=0.18,rebound.
[ego_planner_node-2] iter=26,time(ms)=0.22,rebound.
[ego_planner_node-2] iter=119,time(ms)=0.84,rebound.
[ego_planner_node-2] iter=73,time(ms)=0.76,rebound.
[ego_planner_node-2] iter=58,time(ms)=0.5,rebound.
[ego_planner_node-2] iter=95,time(ms)=2.1,rebound.
[ego_planner_node-2] [WARN] [1772351485.932428817] [rebound_optimize]: First 3 control points in obstacles! return false, t=0.000000
[ego_planner_node-2] traj 2 failed.
[ego_planner_node-2] iter=31,time(ms)=0.16,rebound.
[ego_planner_node-2] iter=13,time(ms)=0.058,rebound.
[ego_planner_node-2] iter=27,time(ms)=0.12,rebound.
[ego_planner_node-2] iter=34,time(ms)=0.14,rebound.
[ego_planner_node-2] iter=50,time(ms)=0.33,rebound.
[ego_planner_node-2] iter=36,time(ms)=0.21,rebound.
[ego_planner_node-2] iter=54,time(ms)=0.29,rebound.
[ego_planner_node-2] iter=85,time(ms)=0.6,rebound.
[ego_planner_node-2] iter=39,time(ms)=0.22,rebound.
[ego_planner_node-2] iter=21,time(ms)=0.095,rebound.
[ego_planner_node-2] iter=110,time(ms)=0.59,rebound.
[ego_planner_node-2] [WARN] [1772351485.935819801] [rebound_optimize]: First 3 control points in obstacles! return false, t=0.000000
[ego_planner_node-2] traj 3 failed.
[ego_planner_node-2] iter=42,time(ms)=0.36,rebound.
[ego_planner_node-2] iter=5,time(ms)=0.042,rebound.
[ego_planner_node-2] iter=21,time(ms)=0.12,rebound.
[ego_planner_node-2] iter=38,time(ms)=0.14,rebound.
[ego_planner_node-2] iter=65,time(ms)=0.28,rebound.
[ego_planner_node-2] iter=93,time(ms)=0.36,rebound.
[ego_planner_node-2] iter=51,time(ms)=0.2,rebound.
[ego_planner_node-2] iter=108,time(ms)=0.45,rebound.
[ego_planner_node-2] iter=113,time(ms)=0.49,rebound.
[ego_planner_node-2] [WARN] [1772351485.939022610] [rebound_optimize]: First 3 control points in obstacles! return false, t=0.000000
[ego_planner_node-2] traj 4 failed.
[ego_planner_node-2] plan_success=0
[ego_planner_node-2] refine_success=0
[ego_planner_node-2] [WARN] [1772351485.939098294] [drone_0_ego_planner_node]: Suddenly discovered obstacles. emergency stop! time=0.000000
[ego_planner_node-2] [SAFETY]: from EMERGENCY_STOP to EMERGENCY_STOP
[ego_planner_node-2] [WARN] [1772351485.962870153] [distinctiveTrajs]: Can't find the new base points at the opposite within the threshold. i=0, j=1
[ego_planner_node-2] [ERROR] [1772351485.962929135] [check_collision_and_rebound]: ERROR! the drone is in obstacle. This should not happen.
[ego_planner_node-2] [47;30m
[ego_planner_node-2] [drone 0 replan 156]==============================================[0m
[ego_planner_node-2] [1;33mmulti-trajs=1[1;0m
[ego_planner_node-2] iter=15,time(ms)=0.19,rebound.
[ego_planner_node-2] iter=9,time(ms)=0.13,rebound.
[ego_planner_node-2] traj 1 failed.
[ego_planner_node-2] plan_success=0
[ego_planner_node-2] refine_success=0
[ego_planner_node-2] [ERROR] [1772351485.963114848] [check_collision_and_rebound]: ERROR! the drone is in obstacle. This should not happen.
[ego_planner_node-2] [WARN] [1772351485.963292358] [rebound_optimize]: First 3 control points in obstacles! return false, t=0.000000
[ego_planner_node-2] [WARN] [1772351485.963461287] [distinctiveTrajs]: Can't find the new base points at the opposite within the threshold. i=1, j=0
[ego_planner_node-2] [ERROR] [1772351485.963482560] [check_collision_and_rebound]: ERROR! the drone is in obstacle. This should not happen.
[ego_planner_node-2] [47;30m
[ego_planner_node-2] [drone 0 replan 157]==============================================[0m
[ego_planner_node-2] [1;33mmulti-trajs=2[1;0m
[ego_planner_node-2] iter=7,time(ms)=0.33,rebound.
[ego_planner_node-2] iter=14,time(ms)=0.058,rebound.
[ego_planner_node-2] [ERROR] [1772351485.964019432] [check_collision_and_rebound]: ERROR! the drone is in obstacle. This should not happen.
[ego_planner_node-2] iter=52,time(ms)=0.36,rebound.
[ego_planner_node-2] [WARN] [1772351485.964389923] [rebound_optimize]: First 3 control points in obstacles! return false, t=0.000000
[ego_planner_node-2] [ERROR] [1772351485.964422488] [check_collision_and_rebound]: ERROR! the drone is in obstacle. This should not happen.
[ego_planner_node-2] traj 1 failed.
[ego_planner_node-2] iter=7,time(ms)=0.42,rebound.
[ego_planner_node-2] iter=20,time(ms)=0.071,rebound.
[ego_planner_node-2] [WARN] [1772351485.965040837] [rebound_optimize]: First 3 control points in obstacles! return false, t=0.000000
[ego_planner_node-2] traj 2 failed.
[ego_planner_node-2] plan_success=0
[ego_planner_node-2] refine_success=0
[ego_planner_node-2] [47;30m
[ego_planner_node-2] [drone 0 replan 158]==============================================[0m
[ego_planner_node-2] [1;33mmulti-trajs=2[1;0m
[ego_planner_node-2] iter=34,time(ms)=0.15,rebound.
[ego_planner_node-2] iter=196,time(ms)=1,rebound.
[ego_planner_node-2] [WARN] [1772351485.967594462] [rebound_optimize]: First 3 control points in obstacles! return false, t=0.000000
[ego_planner_node-2] traj 1 failed.
[ego_planner_node-2] iter=159,time(ms)=0.51,rebound.
[ego_planner_node-2] iter=13,time(ms)=0.035,rebound.
[ego_planner_node-2] [WARN] [1772351485.969070943] [rebound_optimize]: First 3 control points in obstacles! return false, t=0.000000
[ego_planner_node-2] [WARN] [1772351485.969182535] [drone_0_ego_planner_node]: Suddenly discovered obstacles. emergency stop! time=0.000000
[ego_planner_node-2] traj 2 failed.
[ego_planner_node-2] plan_success=0
[ego_planner_node-2] refine_success=0
[ego_planner_node-2] [SAFETY]: from EMERGENCY_STOP to EMERGENCY_STOP
[ego_planner_node-2] [FSM]: from EMERGENCY_STOP to GEN_NEW_TRAJ
[ego_planner_node-2] [47;30m
[ego_planner_node-2] [drone 0 replan 159]==============================================[0m
[ego_planner_node-2] [1;33mmulti-trajs=2[1;0m
[ego_planner_node-2] iter=69,time(ms)=0.38,rebound.
[ego_planner_node-2] iter=44,time(ms)=0.25,rebound.
[ego_planner_node-2] [32miter(+1)=106,time(ms)=0.581,total_t(ms)=1.227,cost=0.285
[ego_planner_node-2] [0mtraj 1 success.
[ego_planner_node-2] iter=36,time(ms)=0.22,rebound.
[ego_planner_node-2] iter=32,time(ms)=0.16,rebound.
[ego_planner_node-2] [32miter(+1)=146,time(ms)=0.710, collided, keep optimizing
[ego_planner_node-2] [0m[32miter(+1)=90,time(ms)=0.443,total_t(ms)=1.572,cost=1.085
[ego_planner_node-2] [0mtraj 2 success.
[ego_planner_node-2] plan_success=1
[ego_planner_node-2] total time:[42m0.0033[0m,optimize:0.0033,refine:2.2e-06,avg_time=0.0021
[ego_planner_node-2] refine_success=1
[ego_planner_node-2] [FSM]: from GEN_NEW_TRAJ to EXEC_TRAJ
[ego_planner_node-2] [FSM]: state: EXEC_TRAJ
[ego_planner_node-2] [FSM]: from EXEC_TRAJ to REPLAN_TRAJ
[ego_planner_node-2] [47;30m
[ego_planner_node-2] [drone 0 replan 160]==============================================[0m
[ego_planner_node-2] [1;33mmulti-trajs=1[1;0m
[ego_planner_node-2] [32miter(+1)=14,time(ms)=0.024,total_t(ms)=0.024,cost=0.522
[ego_planner_node-2] [0mtraj 1 success.
[ego_planner_node-2] plan_success=1
[ego_planner_node-2] total time:[42m8.8e-05[0m,optimize:8.7e-05,refine:9.1e-07,avg_time=0.002
[ego_planner_node-2] refine_success=1
[ego_planner_node-2] [FSM]: from REPLAN_TRAJ to EXEC_TRAJ
[ego_planner_node-2] [FSM]: state: EXEC_TRAJ
[ego_planner_node-2] [FSM]: from EXEC_TRAJ to REPLAN_TRAJ
[ego_planner_node-2] [47;30m
[ego_planner_node-2] [drone 0 replan 161]==============================================[0m
[ego_planner_node-2] [1;33mmulti-trajs=1[1;0m
[ego_planner_node-2] [32miter(+1)=10,time(ms)=0.050,total_t(ms)=0.050,cost=0.091
[ego_planner_node-2] [0mtraj 1 success.
[ego_planner_node-2] plan_success=1
[ego_planner_node-2] total time:[42m0.00017[0m,optimize:0.00016,refine:3.6e-06,avg_time=0.002
[ego_planner_node-2] refine_success=1
[ego_planner_node-2] [FSM]: from REPLAN_TRAJ to EXEC_TRAJ
[ego_planner_node-2] [FSM]: state: EXEC_TRAJ
[ego_planner_node-2] [FSM]: from EXEC_TRAJ to REPLAN_TRAJ
[ego_planner_node-2] [47;30m
[ego_planner_node-2] [drone 0 replan 162]==============================================[0m
[ego_planner_node-2] [1;33mmulti-trajs=1[1;0m
[ego_planner_node-2] [32miter(+1)=11,time(ms)=0.032,total_t(ms)=0.033,cost=0.046
[ego_planner_node-2] [0mtraj 1 success.
[ego_planner_node-2] plan_success=1
[ego_planner_node-2] total time:[42m0.00013[0m,optimize:0.00013,refine:2.1e-06,avg_time=0.002
[ego_planner_node-2] refine_success=1
[ego_planner_node-2] [FSM]: from REPLAN_TRAJ to EXEC_TRAJ
[ego_planner_node-2] [FSM]: state: EXEC_TRAJ
[ego_planner_node-2] [TRIG]: from EXEC_TRAJ to REPLAN_TRAJ
[ego_planner_node-2] [47;30m
[ego_planner_node-2] [drone 0 replan 163]==============================================[0m
[ego_planner_node-2] [1;33mmulti-trajs=1[1;0m
[ego_planner_node-2] [32miter(+1)=59,time(ms)=0.677,total_t(ms)=0.678,cost=0.569
[ego_planner_node-2] [0mtraj 1 success.
[ego_planner_node-2] plan_success=1
[ego_planner_node-2] total time:[42m0.001[0m,optimize:0.001,refine:5e-06,avg_time=0.0019
[ego_planner_node-2] refine_success=1
[ego_planner_node-2] [FSM]: from REPLAN_TRAJ to EXEC_TRAJ
[ego_planner_node-2] [FSM]: state: EXEC_TRAJ
[ego_planner_node-2] [47;30m
[ego_planner_node-2] [drone 0 replan 164]==============================================[0m
[ego_planner_node-2] [1;33mmulti-trajs=2[1;0m
[ego_planner_node-2] iter=8,time(ms)=0.15,rebound.
[ego_planner_node-2] [32miter(+1)=14,time(ms)=0.030, collided, keep optimizing
[ego_planner_node-2] [0m[32miter(+1)=47,time(ms)=0.127, collided, keep optimizing
[ego_planner_node-2] [0miter=20,time(ms)=0.084,rebound.
[ego_planner_node-2] iter=14,time(ms)=0.043,rebound.
[ego_planner_node-2] [32miter(+1)=67,time(ms)=0.346,total_t(ms)=0.881,cost=12.793
[ego_planner_node-2] [0mtraj 1 success.
[ego_planner_node-2] [32miter(+1)=19,time(ms)=0.091,total_t(ms)=0.091,cost=0.243
[ego_planner_node-2] [0mtraj 2 success.
[ego_planner_node-2] plan_success=1
[ego_planner_node-2] total time:[42m0.0013[0m,optimize:0.0013,refine:3.3e-06,avg_time=0.0019
[ego_planner_node-2] refine_success=1
[ego_planner_node-2] [SAFETY]: from EXEC_TRAJ to EXEC_TRAJ
[ego_planner_node-2] [47;30m
[ego_planner_node-2] [drone 0 replan 165]==============================================[0m
[ego_planner_node-2] [1;33mmulti-trajs=2[1;0m
[ego_planner_node-2] iter=21,time(ms)=0.14,rebound.
[ego_planner_node-2] [32miter(+1)=13,time(ms)=0.028, collided, keep optimizing
[ego_planner_node-2] [0m[32miter(+1)=21,time(ms)=0.049, collided, keep optimizing
[ego_planner_node-2] [0m[32miter(+1)=14,time(ms)=0.035, collided, keep optimizing
[ego_planner_node-2] [0mtraj 1 failed.
[ego_planner_node-2] [32miter(+1)=13,time(ms)=0.026, collided, keep optimizing
[ego_planner_node-2] [0m[32miter(+1)=14,time(ms)=0.029,total_t(ms)=0.064,cost=0.560
[ego_planner_node-2] [0mtraj 2 success.
[ego_planner_node-2] plan_success=1
[ego_planner_node-2] total time:[42m0.00049[0m,optimize:0.00049,refine:1.6e-06,avg_time=0.0019
[ego_planner_node-2] refine_success=1
[ego_planner_node-2] [SAFETY]: from EXEC_TRAJ to EXEC_TRAJ
[ego_planner_node-2] [47;30m
[ego_planner_node-2] [drone 0 replan 166]==============================================[0m
[ego_planner_node-2] [1;33mmulti-trajs=2[1;0m
[ego_planner_node-2] iter=9,time(ms)=0.057,rebound.
[ego_planner_node-2] [32miter(+1)=24,time(ms)=0.087,total_t(ms)=0.156,cost=0.319
[ego_planner_node-2] [0mtraj 1 success.
[ego_planner_node-2] iter=13,time(ms)=0.059,rebound.
[ego_planner_node-2] [32miter(+1)=10,time(ms)=0.035, collided, keep optimizing
[ego_planner_node-2] [0m[32miter(+1)=8,time(ms)=0.022, collided, keep optimizing
[ego_planner_node-2] [0m[32miter(+1)=15,time(ms)=0.049,total_t(ms)=0.203,cost=0.839
[ego_planner_node-2] [0mtraj 2 success.
[ego_planner_node-2] plan_success=1
[ego_planner_node-2] total time:[42m0.00054[0m,optimize:0.00054,refine:2.2e-06,avg_time=0.0019
[ego_planner_node-2] refine_success=1
[ego_planner_node-2] [SAFETY]: from EXEC_TRAJ to EXEC_TRAJ
[ego_planner_node-2] [47;30m
[ego_planner_node-2] [drone 0 replan 167]==============================================[0m
[ego_planner_node-2] [1;33mmulti-trajs=2[1;0m
[ego_planner_node-2] iter=8,time(ms)=0.076,rebound.
[ego_planner_node-2] iter=15,time(ms)=0.11,rebound.
[ego_planner_node-2] [32miter(+1)=10,time(ms)=0.051, collided, keep optimizing
[ego_planner_node-2] [0m[32miter(+1)=9,time(ms)=0.045, collided, keep optimizing
[ego_planner_node-2] [0m[32miter(+1)=29,time(ms)=0.207,total_t(ms)=0.580,cost=2.545
[ego_planner_node-2] [0mtraj 1 success.
[ego_planner_node-2] [32miter(+1)=16,time(ms)=0.081, collided, keep optimizing
[ego_planner_node-2] [0m[32miter(+1)=15,time(ms)=0.073,total_t(ms)=0.183,cost=0.271
[ego_planner_node-2] [0mtraj 2 success.
[ego_planner_node-2] plan_success=1
[ego_planner_node-2] total time:[42m0.001[0m,optimize:0.001,refine:3.1e-06,avg_time=0.0018
[ego_planner_node-2] refine_success=1
[ego_planner_node-2] [SAFETY]: from EXEC_TRAJ to EXEC_TRAJ
[ego_planner_node-2] [47;30m
[ego_planner_node-2] [drone 0 replan 168]==============================================[0m
[ego_planner_node-2] [1;33mmulti-trajs=2[1;0m
[ego_planner_node-2] [32miter(+1)=20,time(ms)=0.046,total_t(ms)=0.046,cost=0.174
[ego_planner_node-2] [0mtraj 1 success.
[ego_planner_node-2] iter=13,time(ms)=0.033,rebound.
[ego_planner_node-2] [32miter(+1)=10,time(ms)=0.016,total_t(ms)=0.055,cost=0.287
[ego_planner_node-2] [0mtraj 2 success.
[ego_planner_node-2] plan_success=1
[ego_planner_node-2] total time:[42m0.00024[0m,optimize:0.00024,refine:1.7e-06,avg_time=0.0018
[ego_planner_node-2] refine_success=1
[ego_planner_node-2] [SAFETY]: from EXEC_TRAJ to EXEC_TRAJ
[ego_planner_node-2] [47;30m
[ego_planner_node-2] [drone 0 replan 169]==============================================[0m
[ego_planner_node-2] [1;33mmulti-trajs=2[1;0m
[ego_planner_node-2] iter=15,time(ms)=0.14,rebound.
[ego_planner_node-2] [32miter(+1)=25,time(ms)=0.119, collided, keep optimizing
[ego_planner_node-2] [0m[32miter(+1)=5,time(ms)=0.016, collided, keep optimizing
[ego_planner_node-2] [0m[32miter(+1)=9,time(ms)=0.028,total_t(ms)=0.356,cost=0.381
[ego_planner_node-2] [0mtraj 1 success.
[ego_planner_node-2] [32miter(+1)=12,time(ms)=0.040,total_t(ms)=0.041,cost=0.101
[ego_planner_node-2] [0mtraj 2 success.
[ego_planner_node-2] plan_success=1
[ego_planner_node-2] total time:[42m0.00058[0m,optimize:0.00058,refine:2.6e-06,avg_time=0.0018
[ego_planner_node-2] refine_success=1
[ego_planner_node-2] [SAFETY]: from EXEC_TRAJ to EXEC_TRAJ
[ego_planner_node-2] [FSM]: state: EXEC_TRAJ
[ego_planner_node-2] [FSM]: from EXEC_TRAJ to REPLAN_TRAJ
[ego_planner_node-2] [47;30m
[ego_planner_node-2] [drone 0 replan 170]==============================================[0m
[ego_planner_node-2] [1;33mmulti-trajs=1[1;0m
[ego_planner_node-2] [32miter(+1)=13,time(ms)=0.118, collided, keep optimizing
[ego_planner_node-2] [0m[32miter(+1)=15,time(ms)=0.123,total_t(ms)=0.314,cost=0.247
[ego_planner_node-2] [0mtraj 1 success.
[ego_planner_node-2] plan_success=1
[ego_planner_node-2] total time:[42m0.00061[0m,optimize:0.00061,refine:5.1e-06,avg_time=0.0018
[ego_planner_node-2] refine_success=1
[ego_planner_node-2] [FSM]: from REPLAN_TRAJ to EXEC_TRAJ
[ego_planner_node-2] [47;30m
[ego_planner_node-2] [drone 0 replan 171]==============================================[0m
[ego_planner_node-2] [1;33mmulti-trajs=1[1;0m
[ego_planner_node-2] iter=5,time(ms)=0.05,rebound.
[ego_planner_node-2] iter=8,time(ms)=0.026,rebound.
[ego_planner_node-2] [32miter(+1)=15,time(ms)=0.027,total_t(ms)=0.119,cost=0.367
[ego_planner_node-2] [0mtraj 1 success.
[ego_planner_node-2] plan_success=1
[ego_planner_node-2] total time:[42m0.00022[0m,optimize:0.00021,refine:2e-06,avg_time=0.0017
[ego_planner_node-2] refine_success=1
[ego_planner_node-2] [SAFETY]: from EXEC_TRAJ to EXEC_TRAJ
[ego_planner_node-2] [FSM]: state: EXEC_TRAJ
[ego_planner_node-2] [FSM]: from EXEC_TRAJ to REPLAN_TRAJ
[ego_planner_node-2] [47;30m
[ego_planner_node-2] [drone 0 replan 172]==============================================[0m
[ego_planner_node-2] [1;33mmulti-trajs=2[1;0m
[ego_planner_node-2] iter=5,time(ms)=0.085,rebound.
[ego_planner_node-2] [32miter(+1)=23,time(ms)=0.064, collided, keep optimizing
[ego_planner_node-2] [0m[32miter(+1)=7,time(ms)=0.015, collided, keep optimizing
[ego_planner_node-2] [0miter=26,time(ms)=0.12,rebound.
[ego_planner_node-2] iter=10,time(ms)=0.037,rebound.
[ego_planner_node-2] iter=12,time(ms)=0.047,rebound.
[ego_planner_node-2] [32miter(+1)=32,time(ms)=0.100, collided, keep optimizing
[ego_planner_node-2] [0mtraj 1 failed.
[ego_planner_node-2] iter=5,time(ms)=0.11,rebound.
[ego_planner_node-2] iter=16,time(ms)=0.057,rebound.
[ego_planner_node-2] [32miter(+1)=18,time(ms)=0.046, collided, keep optimizing
[ego_planner_node-2] [0miter=14,time(ms)=0.054,rebound.
[ego_planner_node-2] [32miter(+1)=16,time(ms)=0.042, collided, keep optimizing
[ego_planner_node-2] [0m[32miter(+1)=19,time(ms)=0.105,total_t(ms)=0.457,cost=3.083
[ego_planner_node-2] [0mtraj 2 success.
[ego_planner_node-2] plan_success=1
[ego_planner_node-2] total time:[42m0.0012[0m,optimize:0.0012,refine:4e-06,avg_time=0.0017
[ego_planner_node-2] refine_success=1
[ego_planner_node-2] [FSM]: from REPLAN_TRAJ to EXEC_TRAJ
[ego_planner_node-2] [FSM]: state: EXEC_TRAJ
[ego_planner_node-2] [FSM]: from EXEC_TRAJ to REPLAN_TRAJ
[ego_planner_node-2] [47;30m
[ego_planner_node-2] [drone 0 replan 173]==============================================[0m
[ego_planner_node-2] [1;33mmulti-trajs=1[1;0m
[ego_planner_node-2] iter=8,time(ms)=0.044,rebound.
[ego_planner_node-2] iter=9,time(ms)=0.037,rebound.
[ego_planner_node-2] iter=20,time(ms)=0.049,rebound.
[ego_planner_node-2] iter=6,time(ms)=0.016,rebound.
[ego_planner_node-2] [32miter(+1)=9,time(ms)=0.014, collided, keep optimizing
[ego_planner_node-2] [0m[32miter(+1)=29,time(ms)=0.066, collided, keep optimizing
[ego_planner_node-2] [0miter=22,time(ms)=0.057,rebound.
[ego_planner_node-2] [32miter(+1)=25,time(ms)=0.057,total_t(ms)=0.402,cost=3.615
[ego_planner_node-2] [0mtraj 1 success.
[ego_planner_node-2] plan_success=1
[ego_planner_node-2] total time:[42m0.00049[0m,optimize:0.00049,refine:1.6e-06,avg_time=0.0017
[ego_planner_node-2] refine_success=1
[ego_planner_node-2] [FSM]: from REPLAN_TRAJ to EXEC_TRAJ
[ego_planner_node-2] [FSM]: state: EXEC_TRAJ
[ego_planner_node-2] [FSM]: from EXEC_TRAJ to REPLAN_TRAJ
[ego_planner_node-2] [47;30m
[ego_planner_node-2] [drone 0 replan 174]==============================================[0m
[ego_planner_node-2] [1;33mmulti-trajs=2[1;0m
[ego_planner_node-2] iter=13,time(ms)=0.13,rebound.
[ego_planner_node-2] iter=7,time(ms)=0.032,rebound.
[ego_planner_node-2] iter=9,time(ms)=0.033,rebound.
[ego_planner_node-2] iter=13,time(ms)=0.087,rebound.
[ego_planner_node-2] iter=5,time(ms)=0.024,rebound.
[ego_planner_node-2] iter=11,time(ms)=0.041,rebound.
[ego_planner_node-2] iter=11,time(ms)=0.039,rebound.
[ego_planner_node-2] [32miter(+1)=27,time(ms)=0.102, collided, keep optimizing
[ego_planner_node-2] [0miter=11,time(ms)=0.044,rebound.
[ego_planner_node-2] [32miter(+1)=53,time(ms)=0.429,total_t(ms)=1.004,cost=1.920
[ego_planner_node-2] [0mtraj 1 success.
[ego_planner_node-2] iter=13,time(ms)=0.091,rebound.
[ego_planner_node-2] iter=25,time(ms)=0.26,rebound.
[ego_planner_node-2] iter=7,time(ms)=0.092,rebound.
[ego_planner_node-2] iter=7,time(ms)=0.33,rebound.
[ego_planner_node-2] [32miter(+1)=35,time(ms)=0.434,total_t(ms)=1.278,cost=0.508
[ego_planner_node-2] [0mtraj 2 success.
[ego_planner_node-2] plan_success=1
[ego_planner_node-2] total time:[42m0.0025[0m,optimize:0.0025,refine:6.5e-06,avg_time=0.0017
[ego_planner_node-2] refine_success=1
[ego_planner_node-2] [FSM]: from REPLAN_TRAJ to EXEC_TRAJ
[ego_planner_node-2] [47;30m
[ego_planner_node-2] [drone 0 replan 175]==============================================[0m
[ego_planner_node-2] [1;33mmulti-trajs=1[1;0m
[ego_planner_node-2] iter=14,time(ms)=0.054,rebound.
[ego_planner_node-2] iter=8,time(ms)=0.021,rebound.
[ego_planner_node-2] iter=14,time(ms)=0.038,rebound.
[ego_planner_node-2] iter=8,time(ms)=0.034,rebound.
[ego_planner_node-2] [32miter(+1)=11,time(ms)=0.019, collided, keep optimizing
[ego_planner_node-2] [0miter=22,time(ms)=0.1,rebound.
[ego_planner_node-2] iter=8,time(ms)=0.055,rebound.
[ego_planner_node-2] iter=19,time(ms)=0.047,rebound.
[ego_planner_node-2] iter=7,time(ms)=0.027,rebound.
[ego_planner_node-2] iter=18,time(ms)=0.048,rebound.
[ego_planner_node-2] iter=5,time(ms)=0.021,rebound.
[ego_planner_node-2] iter=23,time(ms)=0.068,rebound.
[ego_planner_node-2] [ERROR] [1772351495.163677140] [Coord2Index]: Ran out of pool, index=-1 4 92, POOL_SIZE=160 160 160
[ego_planner_node-2] [ERROR] [1772351495.163707391] [AstarSearch]: Unable to handle the initial or end point, force return!
[ego_planner_node-2] [ERROR] [1772351495.163711624] [initControlPoints]: a star error, force return!
[ego_planner_node-2] [32miter(+1)=17,time(ms)=0.040, collided, keep optimizing
[ego_planner_node-2] [0m[32miter(+1)=20,time(ms)=0.050, collided, keep optimizing
[ego_planner_node-2] [0mtraj 1 failed.
[ego_planner_node-2] plan_success=0
[ego_planner_node-2] refine_success=0
[ego_planner_node-2] [47;30m
[ego_planner_node-2] [drone 0 replan 176]==============================================[0m
[ego_planner_node-2] i=0 RichInfoSegs.size()=3
[ego_planner_node-2] RichInfoSegs[i].first.size=1
[ego_planner_node-2] RichInfoSegs[i].first.direction.size()=1
[ego_planner_node-2] RichInfoSegs[i].first.direction[0].size()=1
[ego_planner_node-2] RichInfoSegs[i].first.points.cols()=1
[ego_planner_node-2] RichInfoSegs[i].first.base_point.size()=1
[ego_planner_node-2] RichInfoSegs[i].first.base_point[0].size()=1
[ego_planner_node-2] base_point=     -8 -0.0072    0.92 control point=     -8 -0.0072    0.92
[ego_planner_node-2] [1;33mmulti-trajs=4[1;0m
[ego_planner_node-2] iter=6,time(ms)=0.031,rebound.
[ego_planner_node-2] iter=10,time(ms)=0.026,rebound.
[ego_planner_node-2] [WARN] [1772351495.163957883] [distinctiveTrajs]: base_point and control point are too close!, 2
[ego_planner_node-2] [32miter(+1)=23,time(ms)=0.034, collided, keep optimizing
[ego_planner_node-2] [0m[32miter(+1)=41,time(ms)=0.071, collided, keep optimizing
[ego_planner_node-2] [0miter=14,time(ms)=0.043,rebound.
[ego_planner_node-2] iter=33,time(ms)=0.072,rebound.
[ego_planner_node-2] [32miter(+1)=26,time(ms)=0.057, collided, keep optimizing
[ego_planner_node-2] [0mtraj 1 failed.
[ego_planner_node-2] iter=7,time(ms)=0.071,rebound.
[ego_planner_node-2] iter=19,time(ms)=0.12,rebound.
[ego_planner_node-2] [32miter(+1)=44,time(ms)=0.071, collided, keep optimizing
[ego_planner_node-2] [0miter=10,time(ms)=0.022,rebound.
[ego_planner_node-2] iter=21,time(ms)=0.04,rebound.
[ego_planner_node-2] [32miter(+1)=14,time(ms)=0.021, collided, keep optimizing
[ego_planner_node-2] [0m[32miter(+1)=15,time(ms)=0.024, collided, keep optimizing
[ego_planner_node-2] [0mtraj 2 failed.
[ego_planner_node-2] iter=11,time(ms)=0.037,rebound.
[ego_planner_node-2] [32miter(+1)=25,time(ms)=0.034, collided, keep optimizing
[ego_planner_node-2] [0m[32miter(+1)=25,time(ms)=0.039, collided, keep optimizing
[ego_planner_node-2] [0m[32miter(+1)=51,time(ms)=0.088, collided, keep optimizing
[ego_planner_node-2] [0mtraj 3 failed.
[ego_planner_node-2] iter=6,time(ms)=0.025,rebound.
[ego_planner_node-2] iter=5,time(ms)=0.08,rebound.
[ego_planner_node-2] [32miter(+1)=32,time(ms)=0.052, collided, keep optimizing
[ego_planner_node-2] [0miter=42,time(ms)=0.09,rebound.
[ego_planner_node-2] iter=8,time(ms)=0.018,rebound.
[ego_planner_node-2] iter=21,time(ms)=0.041,rebound.
[ego_planner_node-2] [32miter(+1)=23,time(ms)=0.038, collided, keep optimizing
[ego_planner_node-2] [0m[32miter(+1)=45,time(ms)=0.084, collided, keep optimizing
[ego_planner_node-2] [0mtraj 4 failed.
[ego_planner_node-2] plan_success=0
[ego_planner_node-2] refine_success=0
[ego_planner_node-2] [47;30m
[ego_planner_node-2] [drone 0 replan 177]==============================================[0m
[ego_planner_node-2] [1;33mmulti-trajs=4[1;0m
[ego_planner_node-2] iter=25,time(ms)=0.078,rebound.
[ego_planner_node-2] iter=42,time(ms)=0.098,rebound.
[ego_planner_node-2] iter=89,time(ms)=0.58,rebound.
[ego_planner_node-2] iter=21,time(ms)=0.12,rebound.
[ego_planner_node-2] iter=7,time(ms)=0.02,rebound.
[ego_planner_node-2] [32miter(+1)=80,time(ms)=0.197, collided, keep optimizing
[ego_planner_node-2] [0m[32miter(+1)=98,time(ms)=0.251, collided, keep optimizing
[ego_planner_node-2] [0miter=7,time(ms)=0.025,rebound.
[ego_planner_node-2] [32miter(+1)=82,time(ms)=0.230, collided, keep optimizing
[ego_planner_node-2] [0mtraj 1 failed.
[ego_planner_node-2] iter=18,time(ms)=0.038,rebound.
[ego_planner_node-2] iter=9,time(ms)=0.021,rebound.
[ego_planner_node-2] iter=24,time(ms)=0.23,rebound.
[ego_planner_node-2] iter=19,time(ms)=0.056,rebound.
[ego_planner_node-2] iter=5,time(ms)=0.046,rebound.
[ego_planner_node-2] iter=8,time(ms)=0.76,rebound.
[ego_planner_node-2] [ERROR] [1772351495.169477400] [Coord2Index]: Ran out of pool, index=160 122 101, POOL_SIZE=160 160 160
[ego_planner_node-2] [ERROR] [1772351495.169500571] [AstarSearch]: Unable to handle the initial or end point, force return!
[ego_planner_node-2] [ERROR] [1772351495.169505885] [initControlPoints]: a star error, force return!
[ego_planner_node-2] [ERROR] [1772351495.169635201] [Coord2Index]: Ran out of pool, index=160 154 114, POOL_SIZE=160 160 160
[ego_planner_node-2] [ERROR] [1772351495.169639510] [AstarSearch]: Unable to handle the initial or end point, force return!
[ego_planner_node-2] [ERROR] [1772351495.169642230] [initControlPoints]: a star error, force return!
[ego_planner_node-2] [ERROR] [1772351495.169944230] [Coord2Index]: Ran out of pool, index=160 160 116, POOL_SIZE=160 160 160
[ego_planner_node-2] [ERROR] [1772351495.169950465] [AstarSearch]: Unable to handle the initial or end point, force return!
[ego_planner_node-2] [ERROR] [1772351495.169961171] [initControlPoints]: a star error, force return!
[ego_planner_node-2] [32miter(+1)=56,time(ms)=0.150, collided, keep optimizing
[ego_planner_node-2] [0m[32miter(+1)=32,time(ms)=0.088, collided, keep optimizing
[ego_planner_node-2] [0m[32miter(+1)=80,time(ms)=0.264, collided, keep optimizing
[ego_planner_node-2] [0mtraj 2 failed.
[ego_planner_node-2] iter=14,time(ms)=0.046,rebound.
[ego_planner_node-2] iter=27,time(ms)=0.096,rebound.
[ego_planner_node-2] iter=36,time(ms)=0.14,rebound.
[ego_planner_node-2] iter=60,time(ms)=0.18,rebound.
[ego_planner_node-2] [32miter(+1)=32,time(ms)=0.084,total_t(ms)=0.555,cost=0.988
[ego_planner_node-2] [0mtraj 3 success.
[ego_planner_node-2] iter=13,time(ms)=0.038,rebound.
[ego_planner_node-2] iter=73,time(ms)=0.22,rebound.
[ego_planner_node-2] [32miter(+1)=47,time(ms)=0.125, collided, keep optimizing
[ego_planner_node-2] [0miter=16,time(ms)=0.039,rebound.
[ego_planner_node-2] iter=11,time(ms)=0.029,rebound.
[ego_planner_node-2] [32miter(+1)=71,time(ms)=0.207, collided, keep optimizing
[ego_planner_node-2] [0m[32miter(+1)=23,time(ms)=0.066, collided, keep optimizing
[ego_planner_node-2] [0mtraj 4 failed.
[ego_planner_node-2] plan_success=1
[ego_planner_node-2] total time:[42m0.0055[0m,optimize:0.0055,refine:1.7e-06,avg_time=0.0018
[ego_planner_node-2] refine_success=1
[ego_planner_node-2] [SAFETY]: from EXEC_TRAJ to EXEC_TRAJ
[WARNING] [launch]: user interrupted with ctrl-c (SIGINT)
[traj_server-3] [INFO] [1772351495.549219598] [rclcpp]: signal_handler(SIGINT/SIGTERM)
[ego_planner_node-2] [INFO] [1772351495.549272828] [rclcpp]: signal_handler(SIGINT/SIGTERM)
[poscmd_2_odom-4] [INFO] [1772351495.549269306] [rclcpp]: signal_handler(SIGINT/SIGTERM)
[random_forest-1] [INFO] [1772351495.549270141] [rclcpp]: signal_handler(SIGINT/SIGTERM)
[pcl_render_node-6] [INFO] [1772351495.549302079] [rclcpp]: signal_handler(SIGINT/SIGTERM)
[odom_visualization-5] [INFO] [1772351495.549280441] [rclcpp]: signal_handler(SIGINT/SIGTERM)
[poscmd_2_odom-4] terminate called after throwing an instance of 'rclcpp::exceptions::RCLError'
[poscmd_2_odom-4]   what():  failed to create guard condition: the given context is not valid, either rcl_init() was not called or rcl_shutdown() was called., at ./src/rcl/guard_condition.c:67
[pcl_render_node-6] terminate called after throwing an instance of 'rclcpp::exceptions::RCLError'
[pcl_render_node-6]   what():  failed to create guard condition: the given context is not valid, either rcl_init() was not called or rcl_shutdown() was called., at ./src/rcl/guard_condition.c:67
[ERROR] [poscmd_2_odom-4]: process has died [pid 9094, exit code -6, cmd '/home/cube/WorkSpace/ROS/Ego_Planner/ego-planner-swarm/install/poscmd_2_odom/lib/poscmd_2_odom/poscmd_2_odom --ros-args -r __node:=drone_0_poscmd_2_odom --params-file /tmp/launch_params_c_flq2m8 --params-file /tmp/launch_params_1svsusv2 --params-file /tmp/launch_params_9yy6dfwh -r command:=drone_0_planning/pos_cmd -r odometry:=drone_0_visual_slam/odom'].
[ERROR] [pcl_render_node-6]: process has died [pid 9098, exit code -6, cmd '/home/cube/WorkSpace/ROS/Ego_Planner/ego-planner-swarm/install/local_sensing/lib/local_sensing/pcl_render_node --ros-args -r __node:=drone_0_pcl_render_node --params-file /tmp/launch_params_8rbr15y5 --params-file /tmp/launch_params_l4l9xhjn --params-file /tmp/launch_params_dfh6wd1o --params-file /tmp/launch_params_o21xp3sj --params-file /tmp/launch_params_lkajzkw4 --params-file /tmp/launch_params_7cp61f9b --params-file /home/cube/WorkSpace/ROS/Ego_Planner/ego-planner-swarm/install/local_sensing/share/local_sensing/config/camera.yaml -r global_map:=/map_generator/global_cloud -r odometry:=drone_0_visual_slam/odom -r pcl_render_node/cloud:=drone_0_pcl_render_node/cloud -r depth:=drone_0_pcl_render_node/depth'].
[INFO] [random_forest-1]: process has finished cleanly [pid 9088]
[INFO] [odom_visualization-5]: process has finished cleanly [pid 9096]
[INFO] [ego_planner_node-2]: process has finished cleanly [pid 9090]
[INFO] [traj_server-3]: process has finished cleanly [pid 9092]
