[INFO] [launch]: All log files can be found below /home/cube/.ros/log/2026-03-17-04-10-33-710456-Cubot-47317
[INFO] [launch]: Default logging verbosity is set to INFO
[INFO] [random_forest-1]: process started with pid [47318]
[INFO] [ego_planner_node-2]: process started with pid [47320]
[INFO] [traj_server-3]: process started with pid [47322]
[INFO] [poscmd_2_odom-4]: process started with pid [47324]
[INFO] [odom_visualization-5]: process started with pid [47326]
[INFO] [pcl_render_node-6]: process started with pid [47328]
[ego_planner_node-2] hit: 0.619039
[ego_planner_node-2] miss: -0.619039
[ego_planner_node-2] min log: -1.99243
[ego_planner_node-2] max: 2.19722
[ego_planner_node-2] thresh log: 1.38629
[ego_planner_node-2] [INFO] [1773691833.984074639] [drone_0_ego_planner_node]: Wait for 1 second.
[ego_planner_node-2] [FSM]: from INIT to WAIT_TARGET
[random_forest-1] seed=1
[random_forest-1] [WARN] [1773691834.312286764] [RandomMapGenerateCylinder]: Finished generate random map 
[pcl_render_node-6] [WARN] [1773691834.360038832] [rcvGlobalPointCloudCallBack]: Global Pointcloud received..
[traj_server-3] [WARN] [1773691834.791233676] [drone_0_traj_server]: [Traj server]: ready.
[ego_planner_node-2] [FSM]: state: WAIT_TARGET
[ego_planner_node-2] wait for goal or trigger.
[ego_planner_node-2] [WARN] [1773691835.268153718] [drone_0_ego_planner_node]: Waiting for trigger from [n3ctrl] from RC
[ego_planner_node-2] [TRIG]: from WAIT_TARGET to GEN_NEW_TRAJ
[ego_planner_node-2] [47;30m
[ego_planner_node-2] [drone 0 replan 0]==============================================[0m
[ego_planner_node-2] [1;33mmulti-trajs=1[1;0m
[ego_planner_node-2] [32miter(+1)=31,time(ms)=0.241,total_t(ms)=0.241,cost=0.261
[ego_planner_node-2] [0mtraj 1 success.
[ego_planner_node-2] plan_success=1
[ego_planner_node-2] total time:[42m0.000576329[0m,optimize:0.000569226,refine:7.103e-06,avg_time=0.000576329
[ego_planner_node-2] refine_success=1
[ego_planner_node-2] [FSM]: from GEN_NEW_TRAJ to EXEC_TRAJ
[ego_planner_node-2] [47;30m
[ego_planner_node-2] [drone 0 replan 1]==============================================[0m
[ego_planner_node-2] [1;33mmulti-trajs=1[1;0m
[ego_planner_node-2] [32miter(+1)=19,time(ms)=0.148,total_t(ms)=0.149,cost=0.105
[ego_planner_node-2] [0mtraj 1 success.
[ego_planner_node-2] plan_success=1
[ego_planner_node-2] total time:[42m0.000465119[0m,optimize:0.000460554,refine:4.565e-06,avg_time=0.000520724
[ego_planner_node-2] refine_success=1
[ego_planner_node-2] [SAFETY]: from EXEC_TRAJ to EXEC_TRAJ
[ego_planner_node-2] [47;30m
[ego_planner_node-2] [drone 0 replan 2]==============================================[0m
[ego_planner_node-2] [1;33mmulti-trajs=1[1;0m
[ego_planner_node-2] [32miter(+1)=16,time(ms)=0.151,total_t(ms)=0.152,cost=0.081
[ego_planner_node-2] [0mtraj 1 success.
[ego_planner_node-2] plan_success=1
[ego_planner_node-2] total time:[42m0.000449389[0m,optimize:0.000443492,refine:5.897e-06,avg_time=0.000496946
[ego_planner_node-2] refine_success=1
[ego_planner_node-2] [SAFETY]: from EXEC_TRAJ to EXEC_TRAJ
[ego_planner_node-2] [47;30m
[ego_planner_node-2] [drone 0 replan 3]==============================================[0m
[ego_planner_node-2] [1;33mmulti-trajs=1[1;0m
[ego_planner_node-2] [32miter(+1)=13,time(ms)=0.114,total_t(ms)=0.116,cost=0.077
[ego_planner_node-2] [0mtraj 1 success.
[ego_planner_node-2] plan_success=1
[ego_planner_node-2] total time:[42m0.000448123[0m,optimize:0.000442307,refine:5.816e-06,avg_time=0.00048474
[ego_planner_node-2] refine_success=1
[ego_planner_node-2] [SAFETY]: from EXEC_TRAJ to EXEC_TRAJ
[ego_planner_node-2] [47;30m
[ego_planner_node-2] [drone 0 replan 4]==============================================[0m
[ego_planner_node-2] [1;33mmulti-trajs=1[1;0m
[ego_planner_node-2] [32miter(+1)=14,time(ms)=0.129,total_t(ms)=0.130,cost=0.051
[ego_planner_node-2] [0mtraj 1 success.
[ego_planner_node-2] plan_success=1
[ego_planner_node-2] total time:[42m0.000459398[0m,optimize:0.000453422,refine:5.976e-06,avg_time=0.000479672
[ego_planner_node-2] refine_success=1
[ego_planner_node-2] [SAFETY]: from EXEC_TRAJ to EXEC_TRAJ
[ego_planner_node-2] [47;30m
[ego_planner_node-2] [drone 0 replan 5]==============================================[0m
[ego_planner_node-2] [1;33mmulti-trajs=1[1;0m
[ego_planner_node-2] [32miter(+1)=12,time(ms)=0.064,total_t(ms)=0.065,cost=0.062
[ego_planner_node-2] [0mtraj 1 success.
[ego_planner_node-2] plan_success=1
[ego_planner_node-2] total time:[42m0.000284528[0m,optimize:0.000281002,refine:3.526e-06,avg_time=0.000447148
[ego_planner_node-2] refine_success=1
[ego_planner_node-2] [SAFETY]: from EXEC_TRAJ to EXEC_TRAJ
[ego_planner_node-2] [47;30m
[ego_planner_node-2] [drone 0 replan 6]==============================================[0m
[ego_planner_node-2] [1;33mmulti-trajs=1[1;0m
[ego_planner_node-2] [32miter(+1)=14,time(ms)=0.085,total_t(ms)=0.086,cost=0.026
[ego_planner_node-2] [0mtraj 1 success.
[ego_planner_node-2] plan_success=1
[ego_planner_node-2] total time:[42m0.000278339[0m,optimize:0.000274424,refine:3.915e-06,avg_time=0.000423032
[ego_planner_node-2] refine_success=1
[ego_planner_node-2] [SAFETY]: from EXEC_TRAJ to EXEC_TRAJ
[ego_planner_node-2] [47;30m
[ego_planner_node-2] [drone 0 replan 7]==============================================[0m
[ego_planner_node-2] [1;33mmulti-trajs=1[1;0m
[ego_planner_node-2] [32miter(+1)=10,time(ms)=0.094,total_t(ms)=0.095,cost=0.034
[ego_planner_node-2] [0mtraj 1 success.
[ego_planner_node-2] plan_success=1
[ego_planner_node-2] total time:[42m0.00046348[0m,optimize:0.000458229,refine:5.251e-06,avg_time=0.000428088
[ego_planner_node-2] refine_success=1
[ego_planner_node-2] [SAFETY]: from EXEC_TRAJ to EXEC_TRAJ
[ego_planner_node-2] [47;30m
[ego_planner_node-2] [drone 0 replan 8]==============================================[0m
[ego_planner_node-2] [1;33mmulti-trajs=1[1;0m
[ego_planner_node-2] [32miter(+1)=12,time(ms)=0.107,total_t(ms)=0.108,cost=0.025
[ego_planner_node-2] [0mtraj 1 success.
[ego_planner_node-2] plan_success=1
[ego_planner_node-2] total time:[42m0.000441086[0m,optimize:0.000431564,refine:9.522e-06,avg_time=0.000429532
[ego_planner_node-2] refine_success=1
[ego_planner_node-2] [SAFETY]: from EXEC_TRAJ to EXEC_TRAJ
[ego_planner_node-2] [47;30m
[ego_planner_node-2] [drone 0 replan 9]==============================================[0m
[ego_planner_node-2] [1;33mmulti-trajs=1[1;0m
[ego_planner_node-2] [32miter(+1)=11,time(ms)=0.159,total_t(ms)=0.160,cost=0.027
[ego_planner_node-2] [0mtraj 1 success.
[ego_planner_node-2] plan_success=1
[ego_planner_node-2] total time:[42m0.000557832[0m,optimize:0.000548861,refine:8.971e-06,avg_time=0.000442362
[ego_planner_node-2] refine_success=1
[ego_planner_node-2] [SAFETY]: from EXEC_TRAJ to EXEC_TRAJ
[ego_planner_node-2] [47;30m
[ego_planner_node-2] [drone 0 replan 10]==============================================[0m
[ego_planner_node-2] [1;33mmulti-trajs=1[1;0m
[ego_planner_node-2] [32miter(+1)=7,time(ms)=0.043,total_t(ms)=0.043,cost=0.020
[ego_planner_node-2] [0mtraj 1 success.
[ego_planner_node-2] plan_success=1
[ego_planner_node-2] total time:[42m0.000204261[0m,optimize:0.00020105,refine:3.211e-06,avg_time=0.000420717
[ego_planner_node-2] refine_success=1
[ego_planner_node-2] [SAFETY]: from EXEC_TRAJ to EXEC_TRAJ
[ego_planner_node-2] [47;30m
[ego_planner_node-2] [drone 0 replan 11]==============================================[0m
[ego_planner_node-2] [1;33mmulti-trajs=1[1;0m
[ego_planner_node-2] [32miter(+1)=7,time(ms)=0.054,total_t(ms)=0.055,cost=0.019
[ego_planner_node-2] [0mtraj 1 success.
[ego_planner_node-2] plan_success=1
[ego_planner_node-2] total time:[42m0.000288559[0m,optimize:0.000284184,refine:4.375e-06,avg_time=0.000409704
[ego_planner_node-2] refine_success=1
[ego_planner_node-2] [SAFETY]: from EXEC_TRAJ to EXEC_TRAJ
[ego_planner_node-2] [47;30m
[ego_planner_node-2] [drone 0 replan 12]==============================================[0m
[ego_planner_node-2] [1;33mmulti-trajs=1[1;0m
[ego_planner_node-2] [32miter(+1)=7,time(ms)=0.065,total_t(ms)=0.066,cost=0.019
[ego_planner_node-2] [0mtraj 1 success.
[ego_planner_node-2] plan_success=1
[ego_planner_node-2] total time:[42m0.000353631[0m,optimize:0.00034847,refine:5.161e-06,avg_time=0.00040539
[ego_planner_node-2] refine_success=1
[ego_planner_node-2] [SAFETY]: from EXEC_TRAJ to EXEC_TRAJ
[ego_planner_node-2] [47;30m
[ego_planner_node-2] [drone 0 replan 13]==============================================[0m
[ego_planner_node-2] [1;33mmulti-trajs=1[1;0m
[ego_planner_node-2] [32miter(+1)=7,time(ms)=0.049,total_t(ms)=0.049,cost=0.023
[ego_planner_node-2] [0mtraj 1 success.
[ego_planner_node-2] plan_success=1
[ego_planner_node-2] total time:[42m0.000299669[0m,optimize:0.000293931,refine:5.738e-06,avg_time=0.000397839
[ego_planner_node-2] refine_success=1
[ego_planner_node-2] [SAFETY]: from EXEC_TRAJ to EXEC_TRAJ
[ego_planner_node-2] [47;30m
[ego_planner_node-2] [drone 0 replan 14]==============================================[0m
[ego_planner_node-2] [1;33mmulti-trajs=1[1;0m
[ego_planner_node-2] [32miter(+1)=8,time(ms)=0.073,total_t(ms)=0.074,cost=0.027
[ego_planner_node-2] [0mtraj 1 success.
[ego_planner_node-2] plan_success=1
[ego_planner_node-2] total time:[42m0.00040331[0m,optimize:0.000398444,refine:4.866e-06,avg_time=0.000398204
[ego_planner_node-2] refine_success=1
[ego_planner_node-2] [SAFETY]: from EXEC_TRAJ to EXEC_TRAJ
[ego_planner_node-2] [47;30m
[ego_planner_node-2] [drone 0 replan 15]==============================================[0m
[ego_planner_node-2] [1;33mmulti-trajs=1[1;0m
[ego_planner_node-2] [32miter(+1)=6,time(ms)=0.040,total_t(ms)=0.040,cost=0.011
[ego_planner_node-2] [0mtraj 1 success.
[ego_planner_node-2] plan_success=1
[ego_planner_node-2] total time:[42m0.00020471[0m,optimize:0.000201469,refine:3.241e-06,avg_time=0.00038611
[ego_planner_node-2] refine_success=1
[ego_planner_node-2] [SAFETY]: from EXEC_TRAJ to EXEC_TRAJ
[ego_planner_node-2] [47;30m
[ego_planner_node-2] [drone 0 replan 16]==============================================[0m
[ego_planner_node-2] [1;33mmulti-trajs=1[1;0m
[ego_planner_node-2] [32miter(+1)=6,time(ms)=0.055,total_t(ms)=0.056,cost=0.012
[ego_planner_node-2] [0mtraj 1 success.
[ego_planner_node-2] plan_success=1
[ego_planner_node-2] total time:[42m0.000348128[0m,optimize:0.000342862,refine:5.266e-06,avg_time=0.000383876
[ego_planner_node-2] refine_success=1
[ego_planner_node-2] [SAFETY]: from EXEC_TRAJ to EXEC_TRAJ
[ego_planner_node-2] [47;30m
[ego_planner_node-2] [drone 0 replan 17]==============================================[0m
[ego_planner_node-2] [1;33mmulti-trajs=1[1;0m
[ego_planner_node-2] [32miter(+1)=6,time(ms)=0.062,total_t(ms)=0.063,cost=0.015
[ego_planner_node-2] [0mtraj 1 success.
[ego_planner_node-2] plan_success=1
[ego_planner_node-2] total time:[42m0.000388521[0m,optimize:0.000382354,refine:6.167e-06,avg_time=0.000384134
[ego_planner_node-2] refine_success=1
[ego_planner_node-2] [SAFETY]: from EXEC_TRAJ to EXEC_TRAJ
[ego_planner_node-2] [FSM]: state: EXEC_TRAJ
[ego_planner_node-2] [47;30m
[ego_planner_node-2] [drone 0 replan 18]==============================================[0m
[ego_planner_node-2] [1;33mmulti-trajs=1[1;0m
[ego_planner_node-2] [32miter(+1)=7,time(ms)=0.078,total_t(ms)=0.079,cost=0.017
[ego_planner_node-2] [0mtraj 1 success.
[ego_planner_node-2] plan_success=1
[ego_planner_node-2] total time:[42m0.000375225[0m,optimize:0.000369688,refine:5.537e-06,avg_time=0.000383665
[ego_planner_node-2] refine_success=1
[ego_planner_node-2] [SAFETY]: from EXEC_TRAJ to EXEC_TRAJ
[ego_planner_node-2] [47;30m
[ego_planner_node-2] [drone 0 replan 19]==============================================[0m
[ego_planner_node-2] [1;33mmulti-trajs=1[1;0m
[ego_planner_node-2] [32miter(+1)=8,time(ms)=0.086,total_t(ms)=0.087,cost=0.021
[ego_planner_node-2] [0mtraj 1 success.
[ego_planner_node-2] plan_success=1
[ego_planner_node-2] total time:[42m0.000459324[0m,optimize:0.000453424,refine:5.9e-06,avg_time=0.000387448
[ego_planner_node-2] refine_success=1
[ego_planner_node-2] [SAFETY]: from EXEC_TRAJ to EXEC_TRAJ
[ego_planner_node-2] [47;30m
[ego_planner_node-2] [drone 0 replan 20]==============================================[0m
[ego_planner_node-2] [1;33mmulti-trajs=1[1;0m
[ego_planner_node-2] [32miter(+1)=8,time(ms)=0.074,total_t(ms)=0.075,cost=0.006
[ego_planner_node-2] [0mtraj 1 success.
[ego_planner_node-2] plan_success=1
[ego_planner_node-2] total time:[42m0.000304421[0m,optimize:0.000298678,refine:5.743e-06,avg_time=0.000383494
[ego_planner_node-2] refine_success=1
[ego_planner_node-2] [SAFETY]: from EXEC_TRAJ to EXEC_TRAJ
[ego_planner_node-2] [47;30m
[ego_planner_node-2] [drone 0 replan 21]==============================================[0m
[ego_planner_node-2] [1;33mmulti-trajs=1[1;0m
[ego_planner_node-2] [32miter(+1)=6,time(ms)=0.063,total_t(ms)=0.064,cost=0.008
[ego_planner_node-2] [0mtraj 1 success.
[ego_planner_node-2] plan_success=1
[ego_planner_node-2] total time:[42m0.000396576[0m,optimize:0.000390568,refine:6.008e-06,avg_time=0.000384089
[ego_planner_node-2] refine_success=1
[ego_planner_node-2] [SAFETY]: from EXEC_TRAJ to EXEC_TRAJ
[ego_planner_node-2] [47;30m
[ego_planner_node-2] [drone 0 replan 22]==============================================[0m
[ego_planner_node-2] [1;33mmulti-trajs=1[1;0m
[ego_planner_node-2] [32miter(+1)=6,time(ms)=0.054,total_t(ms)=0.054,cost=0.009
[ego_planner_node-2] [0mtraj 1 success.
[ego_planner_node-2] plan_success=1
[ego_planner_node-2] total time:[42m0.000320781[0m,optimize:0.000315465,refine:5.316e-06,avg_time=0.000381336
[ego_planner_node-2] refine_success=1
[ego_planner_node-2] [SAFETY]: from EXEC_TRAJ to EXEC_TRAJ
[ego_planner_node-2] [47;30m
[ego_planner_node-2] [drone 0 replan 23]==============================================[0m
[ego_planner_node-2] [1;33mmulti-trajs=1[1;0m
[ego_planner_node-2] [32miter(+1)=8,time(ms)=0.080,total_t(ms)=0.081,cost=0.009
[ego_planner_node-2] [0mtraj 1 success.
[ego_planner_node-2] plan_success=1
[ego_planner_node-2] total time:[42m0.000423934[0m,optimize:0.000417809,refine:6.125e-06,avg_time=0.000383111
[ego_planner_node-2] refine_success=1
[ego_planner_node-2] [SAFETY]: from EXEC_TRAJ to EXEC_TRAJ
[ego_planner_node-2] [47;30m
[ego_planner_node-2] [drone 0 replan 24]==============================================[0m
[ego_planner_node-2] [1;33mmulti-trajs=1[1;0m
[ego_planner_node-2] [32miter(+1)=7,time(ms)=0.097,total_t(ms)=0.098,cost=0.014
[ego_planner_node-2] [0mtraj 1 success.
[ego_planner_node-2] plan_success=1
[ego_planner_node-2] total time:[42m0.000476007[0m,optimize:0.000470153,refine:5.854e-06,avg_time=0.000386827
[ego_planner_node-2] refine_success=1
[ego_planner_node-2] [SAFETY]: from EXEC_TRAJ to EXEC_TRAJ
[ego_planner_node-2] [47;30m
[ego_planner_node-2] [drone 0 replan 25]==============================================[0m
[ego_planner_node-2] [1;33mmulti-trajs=1[1;0m
[ego_planner_node-2] [32miter(+1)=8,time(ms)=0.065,total_t(ms)=0.066,cost=0.018
[ego_planner_node-2] [0mtraj 1 success.
[ego_planner_node-2] plan_success=1
[ego_planner_node-2] total time:[42m0.000382091[0m,optimize:0.000377058,refine:5.033e-06,avg_time=0.000386645
[ego_planner_node-2] refine_success=1
[ego_planner_node-2] [SAFETY]: from EXEC_TRAJ to EXEC_TRAJ
[ego_planner_node-2] [47;30m
[ego_planner_node-2] [drone 0 replan 26]==============================================[0m
[ego_planner_node-2] [1;33mmulti-trajs=1[1;0m
[ego_planner_node-2] [32miter(+1)=8,time(ms)=0.063,total_t(ms)=0.064,cost=0.003
[ego_planner_node-2] [0mtraj 1 success.
[ego_planner_node-2] plan_success=1
[ego_planner_node-2] total time:[42m0.000300751[0m,optimize:0.000295816,refine:4.935e-06,avg_time=0.000383464
[ego_planner_node-2] refine_success=1
[ego_planner_node-2] [SAFETY]: from EXEC_TRAJ to EXEC_TRAJ
[ego_planner_node-2] [47;30m
[ego_planner_node-2] [drone 0 replan 27]==============================================[0m
[ego_planner_node-2] [1;33mmulti-trajs=1[1;0m
[ego_planner_node-2] [32miter(+1)=6,time(ms)=0.059,total_t(ms)=0.060,cost=0.005
[ego_planner_node-2] [0mtraj 1 success.
[ego_planner_node-2] plan_success=1
[ego_planner_node-2] total time:[42m0.000358653[0m,optimize:0.000352598,refine:6.055e-06,avg_time=0.000382578
[ego_planner_node-2] refine_success=1
[ego_planner_node-2] [SAFETY]: from EXEC_TRAJ to EXEC_TRAJ
[ego_planner_node-2] [47;30m
[ego_planner_node-2] [drone 0 replan 28]==============================================[0m
[ego_planner_node-2] [1;33mmulti-trajs=1[1;0m
[ego_planner_node-2] [32miter(+1)=6,time(ms)=0.065,total_t(ms)=0.066,cost=0.007
[ego_planner_node-2] [0mtraj 1 success.
[ego_planner_node-2] plan_success=1
[ego_planner_node-2] total time:[42m0.000405901[0m,optimize:0.00039958,refine:6.321e-06,avg_time=0.000383382
[ego_planner_node-2] refine_success=1
[ego_planner_node-2] [SAFETY]: from EXEC_TRAJ to EXEC_TRAJ
[ego_planner_node-2] [47;30m
[ego_planner_node-2] [drone 0 replan 29]==============================================[0m
[ego_planner_node-2] [1;33mmulti-trajs=1[1;0m
[ego_planner_node-2] [32miter(+1)=8,time(ms)=0.111,total_t(ms)=0.113,cost=0.008
[ego_planner_node-2] [0mtraj 1 success.
[ego_planner_node-2] plan_success=1
[ego_planner_node-2] total time:[42m0.000582556[0m,optimize:0.000574018,refine:8.538e-06,avg_time=0.000390021
[ego_planner_node-2] refine_success=1
[ego_planner_node-2] [SAFETY]: from EXEC_TRAJ to EXEC_TRAJ
[ego_planner_node-2] [47;30m
[ego_planner_node-2] [drone 0 replan 30]==============================================[0m
[ego_planner_node-2] [1;33mmulti-trajs=1[1;0m
[ego_planner_node-2] [32miter(+1)=7,time(ms)=0.044,total_t(ms)=0.045,cost=0.013
[ego_planner_node-2] [0mtraj 1 success.
[ego_planner_node-2] plan_success=1
[ego_planner_node-2] total time:[42m0.000226467[0m,optimize:0.000222474,refine:3.993e-06,avg_time=0.000384745
[ego_planner_node-2] refine_success=1
[ego_planner_node-2] [SAFETY]: from EXEC_TRAJ to EXEC_TRAJ
[ego_planner_node-2] [47;30m
[ego_planner_node-2] [drone 0 replan 31]==============================================[0m
[ego_planner_node-2] [1;33mmulti-trajs=1[1;0m
[ego_planner_node-2] [32miter(+1)=8,time(ms)=0.036,total_t(ms)=0.036,cost=0.018
[ego_planner_node-2] [0mtraj 1 success.
[ego_planner_node-2] plan_success=1
[ego_planner_node-2] total time:[42m0.000185738[0m,optimize:0.000183042,refine:2.696e-06,avg_time=0.000378526
[ego_planner_node-2] refine_success=1
[ego_planner_node-2] [SAFETY]: from EXEC_TRAJ to EXEC_TRAJ
[ego_planner_node-2] [47;30m
[ego_planner_node-2] [drone 0 replan 32]==============================================[0m
[ego_planner_node-2] [1;33mmulti-trajs=1[1;0m
[ego_planner_node-2] [32miter(+1)=8,time(ms)=0.079,total_t(ms)=0.080,cost=0.003
[ego_planner_node-2] [0mtraj 1 success.
[ego_planner_node-2] plan_success=1
[ego_planner_node-2] total time:[42m0.000362196[0m,optimize:0.000356769,refine:5.427e-06,avg_time=0.000378031
[ego_planner_node-2] refine_success=1
[ego_planner_node-2] [SAFETY]: from EXEC_TRAJ to EXEC_TRAJ
[ego_planner_node-2] [47;30m
[ego_planner_node-2] [drone 0 replan 33]==============================================[0m
[ego_planner_node-2] [1;33mmulti-trajs=1[1;0m
[ego_planner_node-2] [32miter(+1)=6,time(ms)=0.047,total_t(ms)=0.048,cost=0.005
[ego_planner_node-2] [0mtraj 1 success.
[ego_planner_node-2] plan_success=1
[ego_planner_node-2] total time:[42m0.000269735[0m,optimize:0.000265524,refine:4.211e-06,avg_time=0.000374846
[ego_planner_node-2] refine_success=1
[ego_planner_node-2] [SAFETY]: from EXEC_TRAJ to EXEC_TRAJ
[ego_planner_node-2] [47;30m
[ego_planner_node-2] [drone 0 replan 34]==============================================[0m
[ego_planner_node-2] [1;33mmulti-trajs=1[1;0m
[ego_planner_node-2] [32miter(+1)=6,time(ms)=0.065,total_t(ms)=0.066,cost=0.007
[ego_planner_node-2] [0mtraj 1 success.
[ego_planner_node-2] plan_success=1
[ego_planner_node-2] total time:[42m0.000397354[0m,optimize:0.000391518,refine:5.836e-06,avg_time=0.000375489
[ego_planner_node-2] refine_success=1
[ego_planner_node-2] [SAFETY]: from EXEC_TRAJ to EXEC_TRAJ
[ego_planner_node-2] [47;30m
[ego_planner_node-2] [drone 0 replan 35]==============================================[0m
[ego_planner_node-2] [1;33mmulti-trajs=1[1;0m
[ego_planner_node-2] [32miter(+1)=8,time(ms)=0.050,total_t(ms)=0.051,cost=0.009
[ego_planner_node-2] [0mtraj 1 success.
[ego_planner_node-2] plan_success=1
[ego_planner_node-2] total time:[42m0.000234967[0m,optimize:0.000231338,refine:3.629e-06,avg_time=0.000371586
[ego_planner_node-2] refine_success=1
[ego_planner_node-2] [SAFETY]: from EXEC_TRAJ to EXEC_TRAJ
[ego_planner_node-2] [47;30m
[ego_planner_node-2] [drone 0 replan 36]==============================================[0m
[ego_planner_node-2] [1;33mmulti-trajs=1[1;0m
[ego_planner_node-2] [32miter(+1)=7,time(ms)=0.084,total_t(ms)=0.085,cost=0.015
[ego_planner_node-2] [0mtraj 1 success.
[ego_planner_node-2] plan_success=1
[ego_planner_node-2] total time:[42m0.000486868[0m,optimize:0.000479711,refine:7.157e-06,avg_time=0.000374702
[ego_planner_node-2] refine_success=1
[ego_planner_node-2] [SAFETY]: from EXEC_TRAJ to EXEC_TRAJ
[ego_planner_node-2] [47;30m
[ego_planner_node-2] [drone 0 replan 37]==============================================[0m
[ego_planner_node-2] [1;33mmulti-trajs=1[1;0m
[ego_planner_node-2] [32miter(+1)=8,time(ms)=0.067,total_t(ms)=0.068,cost=0.019
[ego_planner_node-2] [0mtraj 1 success.
[ego_planner_node-2] plan_success=1
[ego_planner_node-2] total time:[42m0.000375411[0m,optimize:0.000370655,refine:4.756e-06,avg_time=0.00037472
[ego_planner_node-2] refine_success=1
[ego_planner_node-2] [SAFETY]: from EXEC_TRAJ to EXEC_TRAJ
[ego_planner_node-2] [47;30m
[ego_planner_node-2] [drone 0 replan 38]==============================================[0m
[ego_planner_node-2] [1;33mmulti-trajs=1[1;0m
[ego_planner_node-2] [32miter(+1)=8,time(ms)=0.084,total_t(ms)=0.085,cost=0.003
[ego_planner_node-2] [0mtraj 1 success.
[ego_planner_node-2] plan_success=1
[ego_planner_node-2] total time:[42m0.000387918[0m,optimize:0.000381283,refine:6.635e-06,avg_time=0.000375059
[ego_planner_node-2] refine_success=1
[ego_planner_node-2] [SAFETY]: from EXEC_TRAJ to EXEC_TRAJ
[ego_planner_node-2] [47;30m
[ego_planner_node-2] [drone 0 replan 39]==============================================[0m
[ego_planner_node-2] [1;33mmulti-trajs=1[1;0m
[ego_planner_node-2] [32miter(+1)=6,time(ms)=0.051,total_t(ms)=0.052,cost=0.005
[ego_planner_node-2] [0mtraj 1 success.
[ego_planner_node-2] plan_success=1
[ego_planner_node-2] total time:[42m0.00028956[0m,optimize:0.000285357,refine:4.203e-06,avg_time=0.000372921
[ego_planner_node-2] refine_success=1
[ego_planner_node-2] [SAFETY]: from EXEC_TRAJ to EXEC_TRAJ
[ego_planner_node-2] [FSM]: state: EXEC_TRAJ
[ego_planner_node-2] [47;30m
[ego_planner_node-2] [drone 0 replan 40]==============================================[0m
[ego_planner_node-2] [1;33mmulti-trajs=1[1;0m
[ego_planner_node-2] [32miter(+1)=8,time(ms)=0.044,total_t(ms)=0.045,cost=0.006
[ego_planner_node-2] [0mtraj 1 success.
[ego_planner_node-2] plan_success=1
[ego_planner_node-2] total time:[42m0.000208826[0m,optimize:0.000205548,refine:3.278e-06,avg_time=0.000368919
[ego_planner_node-2] refine_success=1
[ego_planner_node-2] [SAFETY]: from EXEC_TRAJ to EXEC_TRAJ
[ego_planner_node-2] [47;30m
[ego_planner_node-2] [drone 0 replan 41]==============================================[0m
[ego_planner_node-2] [1;33mmulti-trajs=1[1;0m
[ego_planner_node-2] [32miter(+1)=8,time(ms)=0.074,total_t(ms)=0.075,cost=0.010
[ego_planner_node-2] [0mtraj 1 success.
[ego_planner_node-2] plan_success=1
[ego_planner_node-2] total time:[42m0.000586657[0m,optimize:0.000581039,refine:5.618e-06,avg_time=0.000374103
[ego_planner_node-2] refine_success=1
[ego_planner_node-2] [SAFETY]: from EXEC_TRAJ to EXEC_TRAJ
[ego_planner_node-2] [47;30m
[ego_planner_node-2] [drone 0 replan 42]==============================================[0m
[ego_planner_node-2] [1;33mmulti-trajs=1[1;0m
[ego_planner_node-2] [32miter(+1)=8,time(ms)=0.080,total_t(ms)=0.081,cost=0.016
[ego_planner_node-2] [0mtraj 1 success.
[ego_planner_node-2] plan_success=1
[ego_planner_node-2] total time:[42m0.000435452[0m,optimize:0.00042932,refine:6.132e-06,avg_time=0.00037553
[ego_planner_node-2] refine_success=1
[ego_planner_node-2] [SAFETY]: from EXEC_TRAJ to EXEC_TRAJ
[ego_planner_node-2] [47;30m
[ego_planner_node-2] [drone 0 replan 43]==============================================[0m
[ego_planner_node-2] [1;33mmulti-trajs=1[1;0m
[ego_planner_node-2] [32miter(+1)=8,time(ms)=0.096,total_t(ms)=0.097,cost=0.003
[ego_planner_node-2] [0mtraj 1 success.
[ego_planner_node-2] plan_success=1
[ego_planner_node-2] total time:[42m0.000459408[0m,optimize:0.000451666,refine:7.742e-06,avg_time=0.000377436
[ego_planner_node-2] refine_success=1
[ego_planner_node-2] [SAFETY]: from EXEC_TRAJ to EXEC_TRAJ
[ego_planner_node-2] [47;30m
[ego_planner_node-2] [drone 0 replan 44]==============================================[0m
[ego_planner_node-2] [1;33mmulti-trajs=1[1;0m
[ego_planner_node-2] [32miter(+1)=6,time(ms)=0.048,total_t(ms)=0.049,cost=0.004
[ego_planner_node-2] [0mtraj 1 success.
[ego_planner_node-2] plan_success=1
[ego_planner_node-2] total time:[42m0.000277748[0m,optimize:0.000273803,refine:3.945e-06,avg_time=0.000375221
[ego_planner_node-2] refine_success=1
[ego_planner_node-2] [SAFETY]: from EXEC_TRAJ to EXEC_TRAJ
[ego_planner_node-2] [47;30m
[ego_planner_node-2] [drone 0 replan 45]==============================================[0m
[ego_planner_node-2] [1;33mmulti-trajs=1[1;0m
[ego_planner_node-2] [32miter(+1)=8,time(ms)=0.048,total_t(ms)=0.049,cost=0.005
[ego_planner_node-2] [0mtraj 1 success.
[ego_planner_node-2] plan_success=1
[ego_planner_node-2] total time:[42m0.000235859[0m,optimize:0.000232248,refine:3.611e-06,avg_time=0.000372191
[ego_planner_node-2] refine_success=1
[ego_planner_node-2] [SAFETY]: from EXEC_TRAJ to EXEC_TRAJ
[ego_planner_node-2] [47;30m
[ego_planner_node-2] [drone 0 replan 46]==============================================[0m
[ego_planner_node-2] [1;33mmulti-trajs=1[1;0m
[ego_planner_node-2] [32miter(+1)=8,time(ms)=0.055,total_t(ms)=0.056,cost=0.008
[ego_planner_node-2] [0mtraj 1 success.
[ego_planner_node-2] plan_success=1
[ego_planner_node-2] total time:[42m0.000275851[0m,optimize:0.000271765,refine:4.086e-06,avg_time=0.000370141
[ego_planner_node-2] refine_success=1
[ego_planner_node-2] [SAFETY]: from EXEC_TRAJ to EXEC_TRAJ
[ego_planner_node-2] [47;30m
[ego_planner_node-2] [drone 0 replan 47]==============================================[0m
[ego_planner_node-2] [1;33mmulti-trajs=1[1;0m
[ego_planner_node-2] [32miter(+1)=8,time(ms)=0.094,total_t(ms)=0.095,cost=0.011
[ego_planner_node-2] [0mtraj 1 success.
[ego_planner_node-2] plan_success=1
[ego_planner_node-2] total time:[42m0.000500492[0m,optimize:0.000493068,refine:7.424e-06,avg_time=0.000372857
[ego_planner_node-2] refine_success=1
[ego_planner_node-2] [SAFETY]: from EXEC_TRAJ to EXEC_TRAJ
[ego_planner_node-2] [47;30m
[ego_planner_node-2] [drone 0 replan 48]==============================================[0m
[ego_planner_node-2] [1;33mmulti-trajs=1[1;0m
[ego_planner_node-2] [32miter(+1)=8,time(ms)=0.102,total_t(ms)=0.103,cost=0.017
[ego_planner_node-2] [0mtraj 1 success.
[ego_planner_node-2] plan_success=1
[ego_planner_node-2] total time:[42m0.000586403[0m,optimize:0.000578584,refine:7.819e-06,avg_time=0.000377215
[ego_planner_node-2] refine_success=1
[ego_planner_node-2] [SAFETY]: from EXEC_TRAJ to EXEC_TRAJ
[ego_planner_node-2] [47;30m
[ego_planner_node-2] [drone 0 replan 49]==============================================[0m
[ego_planner_node-2] [1;33mmulti-trajs=1[1;0m
[ego_planner_node-2] [32miter(+1)=8,time(ms)=0.091,total_t(ms)=0.092,cost=0.003
[ego_planner_node-2] [0mtraj 1 success.
[ego_planner_node-2] plan_success=1
[ego_planner_node-2] total time:[42m0.000458354[0m,optimize:0.000450669,refine:7.685e-06,avg_time=0.000378838
[ego_planner_node-2] refine_success=1
[ego_planner_node-2] [SAFETY]: from EXEC_TRAJ to EXEC_TRAJ
[ego_planner_node-2] [47;30m
[ego_planner_node-2] [drone 0 replan 50]==============================================[0m
[ego_planner_node-2] [1;33mmulti-trajs=1[1;0m
[ego_planner_node-2] [32miter(+1)=8,time(ms)=0.040,total_t(ms)=0.041,cost=0.004
[ego_planner_node-2] [0mtraj 1 success.
[ego_planner_node-2] plan_success=1
[ego_planner_node-2] total time:[42m0.000197455[0m,optimize:0.000194246,refine:3.209e-06,avg_time=0.000375281
[ego_planner_node-2] refine_success=1
[ego_planner_node-2] [SAFETY]: from EXEC_TRAJ to EXEC_TRAJ
[ego_planner_node-2] [47;30m
[ego_planner_node-2] [drone 0 replan 51]==============================================[0m
[ego_planner_node-2] [1;33mmulti-trajs=1[1;0m
[ego_planner_node-2] [32miter(+1)=8,time(ms)=0.088,total_t(ms)=0.089,cost=0.006
[ego_planner_node-2] [0mtraj 1 success.
[ego_planner_node-2] plan_success=1
[ego_planner_node-2] total time:[42m0.000419564[0m,optimize:0.000413757,refine:5.807e-06,avg_time=0.000376133
[ego_planner_node-2] refine_success=1
[ego_planner_node-2] [SAFETY]: from EXEC_TRAJ to EXEC_TRAJ
[ego_planner_node-2] [47;30m
[ego_planner_node-2] [drone 0 replan 52]==============================================[0m
[ego_planner_node-2] [1;33mmulti-trajs=1[1;0m
[ego_planner_node-2] [32miter(+1)=8,time(ms)=0.077,total_t(ms)=0.078,cost=0.009
[ego_planner_node-2] [0mtraj 1 success.
[ego_planner_node-2] plan_success=1
[ego_planner_node-2] total time:[42m0.000365757[0m,optimize:0.000360382,refine:5.375e-06,avg_time=0.000375937
[ego_planner_node-2] refine_success=1
[ego_planner_node-2] [SAFETY]: from EXEC_TRAJ to EXEC_TRAJ
[ego_planner_node-2] [47;30m
[ego_planner_node-2] [drone 0 replan 53]==============================================[0m
[ego_planner_node-2] [1;33mmulti-trajs=1[1;0m
[ego_planner_node-2] [32miter(+1)=8,time(ms)=0.073,total_t(ms)=0.074,cost=0.013
[ego_planner_node-2] [0mtraj 1 success.
[ego_planner_node-2] plan_success=1
[ego_planner_node-2] total time:[42m0.000366903[0m,optimize:0.00036164,refine:5.263e-06,avg_time=0.00037577
[ego_planner_node-2] refine_success=1
[ego_planner_node-2] [SAFETY]: from EXEC_TRAJ to EXEC_TRAJ
[ego_planner_node-2] [47;30m
[ego_planner_node-2] [drone 0 replan 54]==============================================[0m
[ego_planner_node-2] [1;33mmulti-trajs=1[1;0m
[ego_planner_node-2] [32miter(+1)=9,time(ms)=0.087,total_t(ms)=0.088,cost=0.017
[ego_planner_node-2] [0mtraj 1 success.
[ego_planner_node-2] plan_success=1
[ego_planner_node-2] total time:[42m0.000464783[0m,optimize:0.000458893,refine:5.89e-06,avg_time=0.000377388
[ego_planner_node-2] refine_success=1
[ego_planner_node-2] [SAFETY]: from EXEC_TRAJ to EXEC_TRAJ
[ego_planner_node-2] [47;30m
[ego_planner_node-2] [drone 0 replan 55]==============================================[0m
[ego_planner_node-2] [1;33mmulti-trajs=1[1;0m
[ego_planner_node-2] [32miter(+1)=8,time(ms)=0.041,total_t(ms)=0.041,cost=0.003
[ego_planner_node-2] [0mtraj 1 success.
[ego_planner_node-2] plan_success=1
[ego_planner_node-2] total time:[42m0.000149539[0m,optimize:0.000147427,refine:2.112e-06,avg_time=0.00037332
[ego_planner_node-2] refine_success=1
[ego_planner_node-2] [SAFETY]: from EXEC_TRAJ to EXEC_TRAJ
[ego_planner_node-2] [47;30m
[ego_planner_node-2] [drone 0 replan 56]==============================================[0m
[ego_planner_node-2] [1;33mmulti-trajs=1[1;0m
[ego_planner_node-2] [32miter(+1)=8,time(ms)=0.079,total_t(ms)=0.080,cost=0.004
[ego_planner_node-2] [0mtraj 1 success.
[ego_planner_node-2] plan_success=1
[ego_planner_node-2] total time:[42m0.000425438[0m,optimize:0.000418838,refine:6.6e-06,avg_time=0.000374234
[ego_planner_node-2] refine_success=1
[ego_planner_node-2] [SAFETY]: from EXEC_TRAJ to EXEC_TRAJ
[ego_planner_node-2] [47;30m
[ego_planner_node-2] [drone 0 replan 57]==============================================[0m
[ego_planner_node-2] [1;33mmulti-trajs=1[1;0m
[ego_planner_node-2] [32miter(+1)=8,time(ms)=0.046,total_t(ms)=0.046,cost=0.007
[ego_planner_node-2] [0mtraj 1 success.
[ego_planner_node-2] plan_success=1
[ego_planner_node-2] total time:[42m0.000235143[0m,optimize:0.000231445,refine:3.698e-06,avg_time=0.000371836
[ego_planner_node-2] refine_success=1
[ego_planner_node-2] [SAFETY]: from EXEC_TRAJ to EXEC_TRAJ
[ego_planner_node-2] [47;30m
[ego_planner_node-2] [drone 0 replan 58]==============================================[0m
[ego_planner_node-2] [1;33mmulti-trajs=1[1;0m
[ego_planner_node-2] [32miter(+1)=8,time(ms)=0.075,total_t(ms)=0.076,cost=0.010
[ego_planner_node-2] [0mtraj 1 success.
[ego_planner_node-2] plan_success=1
[ego_planner_node-2] total time:[42m0.000418688[0m,optimize:0.000412868,refine:5.82e-06,avg_time=0.00037263
[ego_planner_node-2] refine_success=1
[ego_planner_node-2] [SAFETY]: from EXEC_TRAJ to EXEC_TRAJ
[ego_planner_node-2] [47;30m
[ego_planner_node-2] [drone 0 replan 59]==============================================[0m
[ego_planner_node-2] [1;33mmulti-trajs=1[1;0m
[ego_planner_node-2] [32miter(+1)=10,time(ms)=0.073,total_t(ms)=0.074,cost=0.013
[ego_planner_node-2] [0mtraj 1 success.
[ego_planner_node-2] plan_success=1
[ego_planner_node-2] total time:[42m0.000378685[0m,optimize:0.000373928,refine:4.757e-06,avg_time=0.000372731
[ego_planner_node-2] refine_success=1
[ego_planner_node-2] [SAFETY]: from EXEC_TRAJ to EXEC_TRAJ
[ego_planner_node-2] [FSM]: state: EXEC_TRAJ
[ego_planner_node-2] [47;30m
[ego_planner_node-2] [drone 0 replan 60]==============================================[0m
[ego_planner_node-2] [1;33mmulti-trajs=1[1;0m
[ego_planner_node-2] [32miter(+1)=8,time(ms)=0.022,total_t(ms)=0.023,cost=0.003
[ego_planner_node-2] [0mtraj 1 success.
[ego_planner_node-2] plan_success=1
[ego_planner_node-2] total time:[42m9.958e-05[0m,optimize:9.7789e-05,refine:1.791e-06,avg_time=0.000368253
[ego_planner_node-2] refine_success=1
[ego_planner_node-2] [SAFETY]: from EXEC_TRAJ to EXEC_TRAJ
[ego_planner_node-2] [47;30m
[ego_planner_node-2] [drone 0 replan 61]==============================================[0m
[ego_planner_node-2] [1;33mmulti-trajs=1[1;0m
[ego_planner_node-2] [32miter(+1)=8,time(ms)=0.069,total_t(ms)=0.071,cost=0.003
[ego_planner_node-2] [0mtraj 1 success.
[ego_planner_node-2] plan_success=1
[ego_planner_node-2] total time:[42m0.000384158[0m,optimize:0.000378962,refine:5.196e-06,avg_time=0.000368509
[ego_planner_node-2] refine_success=1
[ego_planner_node-2] [SAFETY]: from EXEC_TRAJ to EXEC_TRAJ
[ego_planner_node-2] [47;30m
[ego_planner_node-2] [drone 0 replan 62]==============================================[0m
[ego_planner_node-2] [1;33mmulti-trajs=1[1;0m
[ego_planner_node-2] [32miter(+1)=8,time(ms)=0.068,total_t(ms)=0.069,cost=0.005
[ego_planner_node-2] [0mtraj 1 success.
[ego_planner_node-2] plan_success=1
[ego_planner_node-2] total time:[42m0.000335998[0m,optimize:0.000330065,refine:5.933e-06,avg_time=0.000367993
[ego_planner_node-2] refine_success=1
[ego_planner_node-2] [SAFETY]: from EXEC_TRAJ to EXEC_TRAJ
[ego_planner_node-2] [47;30m
[ego_planner_node-2] [drone 0 replan 63]==============================================[0m
[ego_planner_node-2] [1;33mmulti-trajs=1[1;0m
[ego_planner_node-2] [32miter(+1)=8,time(ms)=0.080,total_t(ms)=0.081,cost=0.008
[ego_planner_node-2] [0mtraj 1 success.
[ego_planner_node-2] plan_success=1
[ego_planner_node-2] total time:[42m0.000414543[0m,optimize:0.000408502,refine:6.041e-06,avg_time=0.000368721
[ego_planner_node-2] refine_success=1
[ego_planner_node-2] [SAFETY]: from EXEC_TRAJ to EXEC_TRAJ
[ego_planner_node-2] [47;30m
[ego_planner_node-2] [drone 0 replan 64]==============================================[0m
[ego_planner_node-2] [1;33mmulti-trajs=1[1;0m
[ego_planner_node-2] [32miter(+1)=10,time(ms)=0.078,total_t(ms)=0.079,cost=0.009
[ego_planner_node-2] [0mtraj 1 success.
[ego_planner_node-2] plan_success=1
[ego_planner_node-2] total time:[42m0.000335269[0m,optimize:0.000330302,refine:4.967e-06,avg_time=0.000368206
[ego_planner_node-2] refine_success=1
[ego_planner_node-2] [SAFETY]: from EXEC_TRAJ to EXEC_TRAJ
[ego_planner_node-2] [47;30m
[ego_planner_node-2] [drone 0 replan 65]==============================================[0m
[ego_planner_node-2] [1;33mmulti-trajs=1[1;0m
[ego_planner_node-2] [32miter(+1)=10,time(ms)=0.056,total_t(ms)=0.056,cost=0.014
[ego_planner_node-2] [0mtraj 1 success.
[ego_planner_node-2] plan_success=1
[ego_planner_node-2] total time:[42m0.000256155[0m,optimize:0.000252578,refine:3.577e-06,avg_time=0.000366508
[ego_planner_node-2] refine_success=1
[ego_planner_node-2] [SAFETY]: from EXEC_TRAJ to EXEC_TRAJ
[ego_planner_node-2] [47;30m
[ego_planner_node-2] [drone 0 replan 66]==============================================[0m
[ego_planner_node-2] [1;33mmulti-trajs=1[1;0m
[ego_planner_node-2] [32miter(+1)=8,time(ms)=0.051,total_t(ms)=0.051,cost=0.003
[ego_planner_node-2] [0mtraj 1 success.
[ego_planner_node-2] plan_success=1
[ego_planner_node-2] total time:[42m0.000227[0m,optimize:0.000223388,refine:3.612e-06,avg_time=0.000364426
[ego_planner_node-2] refine_success=1
[ego_planner_node-2] [SAFETY]: from EXEC_TRAJ to EXEC_TRAJ
[ego_planner_node-2] [47;30m
[ego_planner_node-2] [drone 0 replan 67]==============================================[0m
[ego_planner_node-2] [1;33mmulti-trajs=1[1;0m
[ego_planner_node-2] [32miter(+1)=8,time(ms)=0.016,total_t(ms)=0.017,cost=0.004
[ego_planner_node-2] [0mtraj 1 success.
[ego_planner_node-2] plan_success=1
[ego_planner_node-2] total time:[42m8.626e-05[0m,optimize:8.496e-05,refine:1.3e-06,avg_time=0.000360335
[ego_planner_node-2] refine_success=1
[ego_planner_node-2] [SAFETY]: from EXEC_TRAJ to EXEC_TRAJ
[ego_planner_node-2] [47;30m
[ego_planner_node-2] [drone 0 replan 68]==============================================[0m
[ego_planner_node-2] [1;33mmulti-trajs=1[1;0m
[ego_planner_node-2] [32miter(+1)=8,time(ms)=0.016,total_t(ms)=0.017,cost=0.006
[ego_planner_node-2] [0mtraj 1 success.
[ego_planner_node-2] plan_success=1
[ego_planner_node-2] total time:[42m9.2042e-05[0m,optimize:9.0663e-05,refine:1.379e-06,avg_time=0.000356447
[ego_planner_node-2] refine_success=1
[ego_planner_node-2] [SAFETY]: from EXEC_TRAJ to EXEC_TRAJ
[ego_planner_node-2] [47;30m
[ego_planner_node-2] [drone 0 replan 69]==============================================[0m
[ego_planner_node-2] [1;33mmulti-trajs=1[1;0m
[ego_planner_node-2] [32miter(+1)=8,time(ms)=0.024,total_t(ms)=0.024,cost=0.009
[ego_planner_node-2] [0mtraj 1 success.
[ego_planner_node-2] plan_success=1
[ego_planner_node-2] total time:[42m0.000133183[0m,optimize:0.000131213,refine:1.97e-06,avg_time=0.000353258
[ego_planner_node-2] refine_success=1
[ego_planner_node-2] [SAFETY]: from EXEC_TRAJ to EXEC_TRAJ
[ego_planner_node-2] [47;30m
[ego_planner_node-2] [drone 0 replan 70]==============================================[0m
[ego_planner_node-2] [1;33mmulti-trajs=1[1;0m
[ego_planner_node-2] [32miter(+1)=10,time(ms)=0.038,total_t(ms)=0.038,cost=0.010
[ego_planner_node-2] [0mtraj 1 success.
[ego_planner_node-2] plan_success=1
[ego_planner_node-2] total time:[42m0.000148734[0m,optimize:0.000146683,refine:2.051e-06,avg_time=0.000350377
[ego_planner_node-2] refine_success=1
[ego_planner_node-2] [SAFETY]: from EXEC_TRAJ to EXEC_TRAJ
[ego_planner_node-2] [47;30m
[ego_planner_node-2] [drone 0 replan 71]==============================================[0m
[ego_planner_node-2] [1;33mmulti-trajs=1[1;0m
[ego_planner_node-2] [32miter(+1)=11,time(ms)=0.037,total_t(ms)=0.037,cost=0.015
[ego_planner_node-2] [0mtraj 1 success.
[ego_planner_node-2] plan_success=1
[ego_planner_node-2] total time:[42m0.000158815[0m,optimize:0.000156648,refine:2.167e-06,avg_time=0.000347717
[ego_planner_node-2] refine_success=1
[ego_planner_node-2] [SAFETY]: from EXEC_TRAJ to EXEC_TRAJ
[ego_planner_node-2] [47;30m
[ego_planner_node-2] [drone 0 replan 72]==============================================[0m
[ego_planner_node-2] [1;33mmulti-trajs=1[1;0m
[ego_planner_node-2] [32miter(+1)=8,time(ms)=0.040,total_t(ms)=0.041,cost=0.003
[ego_planner_node-2] [0mtraj 1 success.
[ego_planner_node-2] plan_success=1
[ego_planner_node-2] total time:[42m0.00020729[0m,optimize:0.000204085,refine:3.205e-06,avg_time=0.000345793
[ego_planner_node-2] refine_success=1
[ego_planner_node-2] [SAFETY]: from EXEC_TRAJ to EXEC_TRAJ
[ego_planner_node-2] [47;30m
[ego_planner_node-2] [drone 0 replan 73]==============================================[0m
[ego_planner_node-2] [1;33mmulti-trajs=1[1;0m
[ego_planner_node-2] [32miter(+1)=8,time(ms)=0.098,total_t(ms)=0.100,cost=0.004
[ego_planner_node-2] [0mtraj 1 success.
[ego_planner_node-2] plan_success=1
[ego_planner_node-2] total time:[42m0.000514492[0m,optimize:0.000507854,refine:6.638e-06,avg_time=0.000348073
[ego_planner_node-2] refine_success=1
[ego_planner_node-2] [SAFETY]: from EXEC_TRAJ to EXEC_TRAJ
[ego_planner_node-2] [47;30m
[ego_planner_node-2] [drone 0 replan 74]==============================================[0m
[ego_planner_node-2] [1;33mmulti-trajs=1[1;0m
[ego_planner_node-2] [32miter(+1)=8,time(ms)=0.073,total_t(ms)=0.074,cost=0.007
[ego_planner_node-2] [0mtraj 1 success.
[ego_planner_node-2] plan_success=1
[ego_planner_node-2] total time:[42m0.000373524[0m,optimize:0.000368277,refine:5.247e-06,avg_time=0.000348412
[ego_planner_node-2] refine_success=1
[ego_planner_node-2] [SAFETY]: from EXEC_TRAJ to EXEC_TRAJ
[ego_planner_node-2] [47;30m
[ego_planner_node-2] [drone 0 replan 75]==============================================[0m
[ego_planner_node-2] [1;33mmulti-trajs=1[1;0m
[ego_planner_node-2] [32miter(+1)=11,time(ms)=0.047,total_t(ms)=0.047,cost=0.007
[ego_planner_node-2] [0mtraj 1 success.
[ego_planner_node-2] plan_success=1
[ego_planner_node-2] total time:[42m0.000193777[0m,optimize:0.000190979,refine:2.798e-06,avg_time=0.000346377
[ego_planner_node-2] refine_success=1
[ego_planner_node-2] [SAFETY]: from EXEC_TRAJ to EXEC_TRAJ
[ego_planner_node-2] [47;30m
[ego_planner_node-2] [drone 0 replan 76]==============================================[0m
[ego_planner_node-2] [1;33mmulti-trajs=1[1;0m
[ego_planner_node-2] [32miter(+1)=10,time(ms)=0.120,total_t(ms)=0.121,cost=0.013
[ego_planner_node-2] [0mtraj 1 success.
[ego_planner_node-2] plan_success=1
[ego_planner_node-2] total time:[42m0.000574595[0m,optimize:0.000566609,refine:7.986e-06,avg_time=0.000349341
[ego_planner_node-2] refine_success=1
[ego_planner_node-2] [SAFETY]: from EXEC_TRAJ to EXEC_TRAJ
[ego_planner_node-2] [47;30m
[ego_planner_node-2] [drone 0 replan 77]==============================================[0m
[ego_planner_node-2] [1;33mmulti-trajs=1[1;0m
[ego_planner_node-2] [32miter(+1)=8,time(ms)=0.077,total_t(ms)=0.078,cost=0.003
[ego_planner_node-2] [0mtraj 1 success.
[ego_planner_node-2] plan_success=1
[ego_planner_node-2] total time:[42m0.00030095[0m,optimize:0.000295213,refine:5.737e-06,avg_time=0.000348721
[ego_planner_node-2] refine_success=1
[ego_planner_node-2] [SAFETY]: from EXEC_TRAJ to EXEC_TRAJ
[ego_planner_node-2] [47;30m
[ego_planner_node-2] [drone 0 replan 78]==============================================[0m
[ego_planner_node-2] [1;33mmulti-trajs=1[1;0m
[ego_planner_node-2] [32miter(+1)=8,time(ms)=0.115,total_t(ms)=0.116,cost=0.004
[ego_planner_node-2] [0mtraj 1 success.
[ego_planner_node-2] plan_success=1
[ego_planner_node-2] total time:[42m0.000537869[0m,optimize:0.0005271,refine:1.0769e-05,avg_time=0.000351115
[ego_planner_node-2] refine_success=1
[ego_planner_node-2] [SAFETY]: from EXEC_TRAJ to EXEC_TRAJ
[ego_planner_node-2] [47;30m
[ego_planner_node-2] [drone 0 replan 79]==============================================[0m
[ego_planner_node-2] [1;33mmulti-trajs=1[1;0m
[ego_planner_node-2] [32miter(+1)=8,time(ms)=0.068,total_t(ms)=0.068,cost=0.005
[ego_planner_node-2] [0mtraj 1 success.
[ego_planner_node-2] plan_success=1
[ego_planner_node-2] total time:[42m0.00034[0m,optimize:0.000334535,refine:5.465e-06,avg_time=0.000350976
[ego_planner_node-2] refine_success=1
[ego_planner_node-2] [SAFETY]: from EXEC_TRAJ to EXEC_TRAJ
[ego_planner_node-2] [47;30m
[ego_planner_node-2] [drone 0 replan 80]==============================================[0m
[ego_planner_node-2] [1;33mmulti-trajs=1[1;0m
[ego_planner_node-2] [32miter(+1)=8,time(ms)=0.044,total_t(ms)=0.045,cost=0.008
[ego_planner_node-2] [0mtraj 1 success.
[ego_planner_node-2] plan_success=1
[ego_planner_node-2] total time:[42m0.000209367[0m,optimize:0.000205949,refine:3.418e-06,avg_time=0.000349228
[ego_planner_node-2] refine_success=1
[ego_planner_node-2] [SAFETY]: from EXEC_TRAJ to EXEC_TRAJ
[ego_planner_node-2] [FSM]: state: EXEC_TRAJ
[ego_planner_node-2] [47;30m
[ego_planner_node-2] [drone 0 replan 81]==============================================[0m
[ego_planner_node-2] [1;33mmulti-trajs=1[1;0m
[ego_planner_node-2] [32miter(+1)=11,time(ms)=0.088,total_t(ms)=0.089,cost=0.008
[ego_planner_node-2] [0mtraj 1 success.
[ego_planner_node-2] plan_success=1
[ego_planner_node-2] total time:[42m0.000375023[0m,optimize:0.000369805,refine:5.218e-06,avg_time=0.000349542
[ego_planner_node-2] refine_success=1
[ego_planner_node-2] [SAFETY]: from EXEC_TRAJ to EXEC_TRAJ
[ego_planner_node-2] [47;30m
[ego_planner_node-2] [drone 0 replan 82]==============================================[0m
[ego_planner_node-2] [1;33mmulti-trajs=1[1;0m
[ego_planner_node-2] [32miter(+1)=11,time(ms)=0.101,total_t(ms)=0.102,cost=0.014
[ego_planner_node-2] [0mtraj 1 success.
[ego_planner_node-2] plan_success=1
[ego_planner_node-2] total time:[42m0.00045978[0m,optimize:0.000453713,refine:6.067e-06,avg_time=0.000350871
[ego_planner_node-2] refine_success=1
[ego_planner_node-2] [SAFETY]: from EXEC_TRAJ to EXEC_TRAJ
[ego_planner_node-2] [47;30m
[ego_planner_node-2] [drone 0 replan 83]==============================================[0m
[ego_planner_node-2] [1;33mmulti-trajs=1[1;0m
[ego_planner_node-2] [32miter(+1)=8,time(ms)=0.066,total_t(ms)=0.066,cost=0.003
[ego_planner_node-2] [0mtraj 1 success.
[ego_planner_node-2] plan_success=1
[ego_planner_node-2] total time:[42m0.00032407[0m,optimize:0.000318522,refine:5.548e-06,avg_time=0.000350551
[ego_planner_node-2] refine_success=1
[ego_planner_node-2] [SAFETY]: from EXEC_TRAJ to EXEC_TRAJ
[ego_planner_node-2] [47;30m
[ego_planner_node-2] [drone 0 replan 84]==============================================[0m
[ego_planner_node-2] [1;33mmulti-trajs=1[1;0m
[ego_planner_node-2] [32miter(+1)=8,time(ms)=0.068,total_t(ms)=0.069,cost=0.004
[ego_planner_node-2] [0mtraj 1 success.
[ego_planner_node-2] plan_success=1
[ego_planner_node-2] total time:[42m0.00033347[0m,optimize:0.000328857,refine:4.613e-06,avg_time=0.000350351
[ego_planner_node-2] refine_success=1
[ego_planner_node-2] [SAFETY]: from EXEC_TRAJ to EXEC_TRAJ
[ego_planner_node-2] [47;30m
[ego_planner_node-2] [drone 0 replan 85]==============================================[0m
[ego_planner_node-2] [1;33mmulti-trajs=1[1;0m
[ego_planner_node-2] [32miter(+1)=8,time(ms)=0.040,total_t(ms)=0.040,cost=0.006
[ego_planner_node-2] [0mtraj 1 success.
[ego_planner_node-2] plan_success=1
[ego_planner_node-2] total time:[42m0.000203157[0m,optimize:0.000200097,refine:3.06e-06,avg_time=0.000348639
[ego_planner_node-2] refine_success=1
[ego_planner_node-2] [SAFETY]: from EXEC_TRAJ to EXEC_TRAJ
[ego_planner_node-2] [47;30m
[ego_planner_node-2] [drone 0 replan 86]==============================================[0m
[ego_planner_node-2] [1;33mmulti-trajs=1[1;0m
[ego_planner_node-2] [32miter(+1)=9,time(ms)=0.027,total_t(ms)=0.028,cost=0.007
[ego_planner_node-2] [0mtraj 1 success.
[ego_planner_node-2] plan_success=1
[ego_planner_node-2] total time:[42m0.00013486[0m,optimize:0.000132898,refine:1.962e-06,avg_time=0.000346182
[ego_planner_node-2] refine_success=1
[ego_planner_node-2] [SAFETY]: from EXEC_TRAJ to EXEC_TRAJ
[ego_planner_node-2] [47;30m
[ego_planner_node-2] [drone 0 replan 87]==============================================[0m
[ego_planner_node-2] [1;33mmulti-trajs=1[1;0m
[ego_planner_node-2] [32miter(+1)=10,time(ms)=0.029,total_t(ms)=0.030,cost=0.010
[ego_planner_node-2] [0mtraj 1 success.
[ego_planner_node-2] plan_success=1
[ego_planner_node-2] total time:[42m0.000135799[0m,optimize:0.000133541,refine:2.258e-06,avg_time=0.000343791
[ego_planner_node-2] refine_success=1
[ego_planner_node-2] [SAFETY]: from EXEC_TRAJ to EXEC_TRAJ
[ego_planner_node-2] [47;30m
[ego_planner_node-2] [drone 0 replan 88]==============================================[0m
[ego_planner_node-2] [1;33mmulti-trajs=1[1;0m
[ego_planner_node-2] [32miter(+1)=12,time(ms)=0.023,total_t(ms)=0.023,cost=0.014
[ego_planner_node-2] [0mtraj 1 success.
[ego_planner_node-2] plan_success=1
[ego_planner_node-2] total time:[42m0.000102067[0m,optimize:0.00010063,refine:1.437e-06,avg_time=0.000341075
[ego_planner_node-2] refine_success=1
[ego_planner_node-2] [SAFETY]: from EXEC_TRAJ to EXEC_TRAJ
[ego_planner_node-2] [47;30m
[ego_planner_node-2] [drone 0 replan 89]==============================================[0m
[ego_planner_node-2] [1;33mmulti-trajs=1[1;0m
[ego_planner_node-2] [32miter(+1)=8,time(ms)=0.031,total_t(ms)=0.032,cost=0.003
[ego_planner_node-2] [0mtraj 1 success.
[ego_planner_node-2] plan_success=1
[ego_planner_node-2] total time:[42m0.000132918[0m,optimize:0.000130781,refine:2.137e-06,avg_time=0.000338762
[ego_planner_node-2] refine_success=1
[ego_planner_node-2] [SAFETY]: from EXEC_TRAJ to EXEC_TRAJ
[ego_planner_node-2] [47;30m
[ego_planner_node-2] [drone 0 replan 90]==============================================[0m
[ego_planner_node-2] [1;33mmulti-trajs=1[1;0m
[ego_planner_node-2] [32miter(+1)=8,time(ms)=0.025,total_t(ms)=0.026,cost=0.004
[ego_planner_node-2] [0mtraj 1 success.
[ego_planner_node-2] plan_success=1
[ego_planner_node-2] total time:[42m0.000128969[0m,optimize:0.000126791,refine:2.178e-06,avg_time=0.000336457
[ego_planner_node-2] refine_success=1
[ego_planner_node-2] [SAFETY]: from EXEC_TRAJ to EXEC_TRAJ
[ego_planner_node-2] [47;30m
[ego_planner_node-2] [drone 0 replan 91]==============================================[0m
[ego_planner_node-2] [1;33mmulti-trajs=1[1;0m
[ego_planner_node-2] [32miter(+1)=9,time(ms)=0.028,total_t(ms)=0.028,cost=0.006
[ego_planner_node-2] [0mtraj 1 success.
[ego_planner_node-2] plan_success=1
[ego_planner_node-2] total time:[42m0.000141766[0m,optimize:0.000139821,refine:1.945e-06,avg_time=0.000334341
[ego_planner_node-2] refine_success=1
[ego_planner_node-2] [SAFETY]: from EXEC_TRAJ to EXEC_TRAJ
[ego_planner_node-2] [47;30m
[ego_planner_node-2] [drone 0 replan 92]==============================================[0m
[ego_planner_node-2] [1;33mmulti-trajs=1[1;0m
[ego_planner_node-2] [32miter(+1)=11,time(ms)=0.071,total_t(ms)=0.072,cost=0.007
[ego_planner_node-2] [0mtraj 1 success.
[ego_planner_node-2] plan_success=1
[ego_planner_node-2] total time:[42m0.000297049[0m,optimize:0.000292795,refine:4.254e-06,avg_time=0.00033394
[ego_planner_node-2] refine_success=1
[ego_planner_node-2] [SAFETY]: from EXEC_TRAJ to EXEC_TRAJ
[ego_planner_node-2] [47;30m
[ego_planner_node-2] [drone 0 replan 93]==============================================[0m
[ego_planner_node-2] [1;33mmulti-trajs=1[1;0m
[ego_planner_node-2] [32miter(+1)=11,time(ms)=0.098,total_t(ms)=0.099,cost=0.013
[ego_planner_node-2] [0mtraj 1 success.
[ego_planner_node-2] plan_success=1
[ego_planner_node-2] total time:[42m0.000470832[0m,optimize:0.00046489,refine:5.942e-06,avg_time=0.000335396
[ego_planner_node-2] refine_success=1
[ego_planner_node-2] [SAFETY]: from EXEC_TRAJ to EXEC_TRAJ
[ego_planner_node-2] [47;30m
[ego_planner_node-2] [drone 0 replan 94]==============================================[0m
[ego_planner_node-2] [1;33mmulti-trajs=1[1;0m
[ego_planner_node-2] [32miter(+1)=8,time(ms)=0.076,total_t(ms)=0.077,cost=0.003
[ego_planner_node-2] [0mtraj 1 success.
[ego_planner_node-2] plan_success=1
[ego_planner_node-2] total time:[42m0.000342007[0m,optimize:0.000336416,refine:5.591e-06,avg_time=0.000335465
[ego_planner_node-2] refine_success=1
[ego_planner_node-2] [SAFETY]: from EXEC_TRAJ to EXEC_TRAJ
[ego_planner_node-2] [47;30m
[ego_planner_node-2] [drone 0 replan 95]==============================================[0m
[ego_planner_node-2] [1;33mmulti-trajs=1[1;0m
[ego_planner_node-2] [32miter(+1)=8,time(ms)=0.017,total_t(ms)=0.017,cost=0.004
[ego_planner_node-2] [0mtraj 1 success.
[ego_planner_node-2] plan_success=1
[ego_planner_node-2] total time:[42m8.5947e-05[0m,optimize:8.4531e-05,refine:1.416e-06,avg_time=0.000332866
[ego_planner_node-2] refine_success=1
[ego_planner_node-2] [SAFETY]: from EXEC_TRAJ to EXEC_TRAJ
[ego_planner_node-2] [47;30m
[ego_planner_node-2] [drone 0 replan 96]==============================================[0m
[ego_planner_node-2] [1;33mmulti-trajs=1[1;0m
[ego_planner_node-2] [32miter(+1)=8,time(ms)=0.085,total_t(ms)=0.086,cost=0.005
[ego_planner_node-2] [0mtraj 1 success.
[ego_planner_node-2] plan_success=1
[ego_planner_node-2] total time:[42m0.00045543[0m,optimize:0.000449051,refine:6.379e-06,avg_time=0.00033413
[ego_planner_node-2] refine_success=1
[ego_planner_node-2] [SAFETY]: from EXEC_TRAJ to EXEC_TRAJ
[ego_planner_node-2] [47;30m
[ego_planner_node-2] [drone 0 replan 97]==============================================[0m
[ego_planner_node-2] [1;33mmulti-trajs=1[1;0m
[ego_planner_node-2] [32miter(+1)=9,time(ms)=0.036,total_t(ms)=0.037,cost=0.007
[ego_planner_node-2] [0mtraj 1 success.
[ego_planner_node-2] plan_success=1
[ego_planner_node-2] total time:[42m0.000170819[0m,optimize:0.000168194,refine:2.625e-06,avg_time=0.000332463
[ego_planner_node-2] refine_success=1
[ego_planner_node-2] [SAFETY]: from EXEC_TRAJ to EXEC_TRAJ
[ego_planner_node-2] [47;30m
[ego_planner_node-2] [drone 0 replan 98]==============================================[0m
[ego_planner_node-2] [1;33mmulti-trajs=1[1;0m
[ego_planner_node-2] [32miter(+1)=11,time(ms)=0.101,total_t(ms)=0.102,cost=0.008
[ego_planner_node-2] [0mtraj 1 success.
[ego_planner_node-2] plan_success=1
[ego_planner_node-2] total time:[42m0.000427269[0m,optimize:0.000421492,refine:5.777e-06,avg_time=0.000333421
[ego_planner_node-2] refine_success=1
[ego_planner_node-2] [SAFETY]: from EXEC_TRAJ to EXEC_TRAJ
[ego_planner_node-2] [47;30m
[ego_planner_node-2] [drone 0 replan 99]==============================================[0m
[ego_planner_node-2] [1;33mmulti-trajs=1[1;0m
[ego_planner_node-2] [32miter(+1)=11,time(ms)=0.074,total_t(ms)=0.075,cost=0.014
[ego_planner_node-2] [0mtraj 1 success.
[ego_planner_node-2] plan_success=1
[ego_planner_node-2] total time:[42m0.000381529[0m,optimize:0.00037707,refine:4.459e-06,avg_time=0.000333902
[ego_planner_node-2] refine_success=1
[ego_planner_node-2] [SAFETY]: from EXEC_TRAJ to EXEC_TRAJ
[ego_planner_node-2] [47;30m
[ego_planner_node-2] [drone 0 replan 100]==============================================[0m
[ego_planner_node-2] [1;33mmulti-trajs=1[1;0m
[ego_planner_node-2] [32miter(+1)=9,time(ms)=0.063,total_t(ms)=0.063,cost=0.003
[ego_planner_node-2] [0mtraj 1 success.
[ego_planner_node-2] plan_success=1
[ego_planner_node-2] total time:[42m0.000183966[0m,optimize:0.000181382,refine:2.584e-06,avg_time=0.000332418
[ego_planner_node-2] refine_success=1
[ego_planner_node-2] [SAFETY]: from EXEC_TRAJ to EXEC_TRAJ
[ego_planner_node-2] [47;30m
[ego_planner_node-2] [drone 0 replan 101]==============================================[0m
[ego_planner_node-2] [1;33mmulti-trajs=1[1;0m
[ego_planner_node-2] [32miter(+1)=9,time(ms)=0.089,total_t(ms)=0.091,cost=0.004
[ego_planner_node-2] [0mtraj 1 success.
[ego_planner_node-2] plan_success=1
[ego_planner_node-2] total time:[42m0.000429399[0m,optimize:0.000423264,refine:6.135e-06,avg_time=0.000333368
[ego_planner_node-2] refine_success=1
[ego_planner_node-2] [SAFETY]: from EXEC_TRAJ to EXEC_TRAJ
[ego_planner_node-2] [FSM]: state: EXEC_TRAJ
[ego_planner_node-2] [47;30m
[ego_planner_node-2] [drone 0 replan 102]==============================================[0m
[ego_planner_node-2] [1;33mmulti-trajs=1[1;0m
[ego_planner_node-2] [32miter(+1)=9,time(ms)=0.073,total_t(ms)=0.074,cost=0.005
[ego_planner_node-2] [0mtraj 1 success.
[ego_planner_node-2] plan_success=1
[ego_planner_node-2] total time:[42m0.000334808[0m,optimize:0.000329449,refine:5.359e-06,avg_time=0.000333382
[ego_planner_node-2] refine_success=1
[ego_planner_node-2] [SAFETY]: from EXEC_TRAJ to EXEC_TRAJ
[ego_planner_node-2] [47;30m
[ego_planner_node-2] [drone 0 replan 103]==============================================[0m
[ego_planner_node-2] [1;33mmulti-trajs=1[1;0m
[ego_planner_node-2] [32miter(+1)=12,time(ms)=0.103,total_t(ms)=0.104,cost=0.006
[ego_planner_node-2] [0mtraj 1 success.
[ego_planner_node-2] plan_success=1
[ego_planner_node-2] total time:[42m0.000432453[0m,optimize:0.000427223,refine:5.23e-06,avg_time=0.000334335
[ego_planner_node-2] refine_success=1
[ego_planner_node-2] [SAFETY]: from EXEC_TRAJ to EXEC_TRAJ
[ego_planner_node-2] [47;30m
[ego_planner_node-2] [drone 0 replan 104]==============================================[0m
[ego_planner_node-2] [1;33mmulti-trajs=1[1;0m
[ego_planner_node-2] [32miter(+1)=11,time(ms)=0.092,total_t(ms)=0.093,cost=0.010
[ego_planner_node-2] [0mtraj 1 success.
[ego_planner_node-2] plan_success=1
[ego_planner_node-2] total time:[42m0.000390572[0m,optimize:0.000385271,refine:5.301e-06,avg_time=0.000334871
[ego_planner_node-2] refine_success=1
[ego_planner_node-2] [SAFETY]: from EXEC_TRAJ to EXEC_TRAJ
[ego_planner_node-2] [47;30m
[ego_planner_node-2] [drone 0 replan 105]==============================================[0m
[ego_planner_node-2] [1;33mmulti-trajs=1[1;0m
[ego_planner_node-2] [32miter(+1)=12,time(ms)=0.052,total_t(ms)=0.053,cost=0.014
[ego_planner_node-2] [0mtraj 1 success.
[ego_planner_node-2] plan_success=1
[ego_planner_node-2] total time:[42m0.000135148[0m,optimize:0.000133753,refine:1.395e-06,avg_time=0.000332986
[ego_planner_node-2] refine_success=1
[ego_planner_node-2] [SAFETY]: from EXEC_TRAJ to EXEC_TRAJ
[ego_planner_node-2] [47;30m
[ego_planner_node-2] [drone 0 replan 106]==============================================[0m
[ego_planner_node-2] [1;33mmulti-trajs=1[1;0m
[ego_planner_node-2] [32miter(+1)=9,time(ms)=0.026,total_t(ms)=0.026,cost=0.003
[ego_planner_node-2] [0mtraj 1 success.
[ego_planner_node-2] plan_success=1
[ego_planner_node-2] total time:[42m0.000125986[0m,optimize:0.00012399,refine:1.996e-06,avg_time=0.000331052
[ego_planner_node-2] refine_success=1
[ego_planner_node-2] [SAFETY]: from EXEC_TRAJ to EXEC_TRAJ
[ego_planner_node-2] [47;30m
[ego_planner_node-2] [drone 0 replan 107]==============================================[0m
[ego_planner_node-2] [1;33mmulti-trajs=1[1;0m
[ego_planner_node-2] [32miter(+1)=8,time(ms)=0.032,total_t(ms)=0.032,cost=0.004
[ego_planner_node-2] [0mtraj 1 success.
[ego_planner_node-2] plan_success=1
[ego_planner_node-2] total time:[42m0.000138261[0m,optimize:0.000136431,refine:1.83e-06,avg_time=0.000329267
[ego_planner_node-2] refine_success=1
[ego_planner_node-2] [SAFETY]: from EXEC_TRAJ to EXEC_TRAJ
[ego_planner_node-2] [47;30m
[ego_planner_node-2] [drone 0 replan 108]==============================================[0m
[ego_planner_node-2] [1;33mmulti-trajs=1[1;0m
[ego_planner_node-2] [32miter(+1)=11,time(ms)=0.035,total_t(ms)=0.035,cost=0.004
[ego_planner_node-2] [0mtraj 1 success.
[ego_planner_node-2] plan_success=1
[ego_planner_node-2] total time:[42m0.000156943[0m,optimize:0.000154705,refine:2.238e-06,avg_time=0.000327686
[ego_planner_node-2] refine_success=1
[ego_planner_node-2] [SAFETY]: from EXEC_TRAJ to EXEC_TRAJ
[ego_planner_node-2] [47;30m
[ego_planner_node-2] [drone 0 replan 109]==============================================[0m
[ego_planner_node-2] [1;33mmulti-trajs=1[1;0m
[ego_planner_node-2] [32miter(+1)=11,time(ms)=0.036,total_t(ms)=0.036,cost=0.007
[ego_planner_node-2] [0mtraj 1 success.
[ego_planner_node-2] plan_success=1
[ego_planner_node-2] total time:[42m0.000148397[0m,optimize:0.000146333,refine:2.064e-06,avg_time=0.000326056
[ego_planner_node-2] refine_success=1
[ego_planner_node-2] [SAFETY]: from EXEC_TRAJ to EXEC_TRAJ
[ego_planner_node-2] [47;30m
[ego_planner_node-2] [drone 0 replan 110]==============================================[0m
[ego_planner_node-2] [1;33mmulti-trajs=1[1;0m
[ego_planner_node-2] [32miter(+1)=14,time(ms)=0.043,total_t(ms)=0.043,cost=0.010
[ego_planner_node-2] [0mtraj 1 success.
[ego_planner_node-2] plan_success=1
[ego_planner_node-2] total time:[42m0.000166425[0m,optimize:0.000164449,refine:1.976e-06,avg_time=0.000324618
[ego_planner_node-2] refine_success=1
[ego_planner_node-2] [SAFETY]: from EXEC_TRAJ to EXEC_TRAJ
[ego_planner_node-2] [47;30m
[ego_planner_node-2] [drone 0 replan 111]==============================================[0m
[ego_planner_node-2] [1;33mmulti-trajs=1[1;0m
[ego_planner_node-2] [32miter(+1)=8,time(ms)=0.080,total_t(ms)=0.081,cost=0.003
[ego_planner_node-2] [0mtraj 1 success.
[ego_planner_node-2] plan_success=1
[ego_planner_node-2] total time:[42m0.000357336[0m,optimize:0.00035172,refine:5.616e-06,avg_time=0.00032491
[ego_planner_node-2] refine_success=1
[ego_planner_node-2] [SAFETY]: from EXEC_TRAJ to EXEC_TRAJ
[ego_planner_node-2] [47;30m
[ego_planner_node-2] [drone 0 replan 112]==============================================[0m
[ego_planner_node-2] [1;33mmulti-trajs=1[1;0m
[ego_planner_node-2] [32miter(+1)=9,time(ms)=0.075,total_t(ms)=0.076,cost=0.003
[ego_planner_node-2] [0mtraj 1 success.
[ego_planner_node-2] plan_success=1
[ego_planner_node-2] total time:[42m0.00038157[0m,optimize:0.000373531,refine:8.039e-06,avg_time=0.000325411
[ego_planner_node-2] refine_success=1
[ego_planner_node-2] [SAFETY]: from EXEC_TRAJ to EXEC_TRAJ
[ego_planner_node-2] [47;30m
[ego_planner_node-2] [drone 0 replan 113]==============================================[0m
[ego_planner_node-2] [1;33mmulti-trajs=1[1;0m
[ego_planner_node-2] [32miter(+1)=9,time(ms)=0.076,total_t(ms)=0.077,cost=0.005
[ego_planner_node-2] [0mtraj 1 success.
[ego_planner_node-2] plan_success=1
[ego_planner_node-2] total time:[42m0.000366559[0m,optimize:0.000361233,refine:5.326e-06,avg_time=0.000325772
[ego_planner_node-2] refine_success=1
[ego_planner_node-2] [SAFETY]: from EXEC_TRAJ to EXEC_TRAJ
[ego_planner_node-2] [47;30m
[ego_planner_node-2] [drone 0 replan 114]==============================================[0m
[ego_planner_node-2] [1;33mmulti-trajs=1[1;0m
[ego_planner_node-2] [32miter(+1)=14,time(ms)=0.109,total_t(ms)=0.110,cost=0.004
[ego_planner_node-2] [0mtraj 1 success.
[ego_planner_node-2] plan_success=1
[ego_planner_node-2] total time:[42m0.000401093[0m,optimize:0.000395707,refine:5.386e-06,avg_time=0.000326427
[ego_planner_node-2] refine_success=1
[ego_planner_node-2] [SAFETY]: from EXEC_TRAJ to EXEC_TRAJ
[ego_planner_node-2] [47;30m
[ego_planner_node-2] [drone 0 replan 115]==============================================[0m
[ego_planner_node-2] [1;33mmulti-trajs=1[1;0m
[ego_planner_node-2] [32miter(+1)=11,time(ms)=0.020,total_t(ms)=0.020,cost=0.008
[ego_planner_node-2] [0mtraj 1 success.
[ego_planner_node-2] plan_success=1
[ego_planner_node-2] total time:[42m8.6373e-05[0m,optimize:8.5019e-05,refine:1.354e-06,avg_time=0.000324358
[ego_planner_node-2] refine_success=1
[ego_planner_node-2] [SAFETY]: from EXEC_TRAJ to EXEC_TRAJ
[ego_planner_node-2] [47;30m
[ego_planner_node-2] [drone 0 replan 116]==============================================[0m
[ego_planner_node-2] [1;33mmulti-trajs=1[1;0m
[ego_planner_node-2] [32miter(+1)=17,time(ms)=0.154,total_t(ms)=0.155,cost=0.009
[ego_planner_node-2] [0mtraj 1 success.
[ego_planner_node-2] plan_success=1
[ego_planner_node-2] total time:[42m0.000527518[0m,optimize:0.000521548,refine:5.97e-06,avg_time=0.000326094
[ego_planner_node-2] refine_success=1
[ego_planner_node-2] [SAFETY]: from EXEC_TRAJ to EXEC_TRAJ
[ego_planner_node-2] [47;30m
[ego_planner_node-2] [drone 0 replan 117]==============================================[0m
[ego_planner_node-2] [1;33mmulti-trajs=1[1;0m
[ego_planner_node-2] [32miter(+1)=9,time(ms)=0.059,total_t(ms)=0.059,cost=0.003
[ego_planner_node-2] [0mtraj 1 success.
[ego_planner_node-2] plan_success=1
[ego_planner_node-2] total time:[42m0.000257406[0m,optimize:0.000253383,refine:4.023e-06,avg_time=0.000325512
[ego_planner_node-2] refine_success=1
[ego_planner_node-2] [SAFETY]: from EXEC_TRAJ to EXEC_TRAJ
[ego_planner_node-2] [47;30m
[ego_planner_node-2] [drone 0 replan 118]==============================================[0m
[ego_planner_node-2] [1;33mmulti-trajs=1[1;0m
[ego_planner_node-2] [32miter(+1)=10,time(ms)=0.088,total_t(ms)=0.089,cost=0.003
[ego_planner_node-2] [0mtraj 1 success.
[ego_planner_node-2] plan_success=1
[ego_planner_node-2] total time:[42m0.000414642[0m,optimize:0.000408473,refine:6.169e-06,avg_time=0.000326261
[ego_planner_node-2] refine_success=1
[ego_planner_node-2] [SAFETY]: from EXEC_TRAJ to EXEC_TRAJ
[ego_planner_node-2] [47;30m
[ego_planner_node-2] [drone 0 replan 119]==============================================[0m
[ego_planner_node-2] [1;33mmulti-trajs=1[1;0m
[ego_planner_node-2] [32miter(+1)=14,time(ms)=0.092,total_t(ms)=0.093,cost=0.003
[ego_planner_node-2] [0mtraj 1 success.
[ego_planner_node-2] plan_success=1
[ego_planner_node-2] total time:[42m0.000347015[0m,optimize:0.000342783,refine:4.232e-06,avg_time=0.000326434
[ego_planner_node-2] refine_success=1
[ego_planner_node-2] [SAFETY]: from EXEC_TRAJ to EXEC_TRAJ
[ego_planner_node-2] [47;30m
[ego_planner_node-2] [drone 0 replan 120]==============================================[0m
[ego_planner_node-2] [1;33mmulti-trajs=1[1;0m
[ego_planner_node-2] [32miter(+1)=12,time(ms)=0.049,total_t(ms)=0.049,cost=0.006
[ego_planner_node-2] [0mtraj 1 success.
[ego_planner_node-2] plan_success=1
[ego_planner_node-2] total time:[42m0.000188964[0m,optimize:0.000186258,refine:2.706e-06,avg_time=0.000325298
[ego_planner_node-2] refine_success=1
[ego_planner_node-2] [SAFETY]: from EXEC_TRAJ to EXEC_TRAJ
[ego_planner_node-2] [47;30m
[ego_planner_node-2] [drone 0 replan 121]==============================================[0m
[ego_planner_node-2] [1;33mmulti-trajs=1[1;0m
[ego_planner_node-2] [32miter(+1)=12,time(ms)=0.107,total_t(ms)=0.108,cost=0.009
[ego_planner_node-2] [0mtraj 1 success.
[ego_planner_node-2] plan_success=1
[ego_planner_node-2] total time:[42m0.00041441[0m,optimize:0.000409,refine:5.41e-06,avg_time=0.000326028
[ego_planner_node-2] refine_success=1
[ego_planner_node-2] [SAFETY]: from EXEC_TRAJ to EXEC_TRAJ
[ego_planner_node-2] [FSM]: state: EXEC_TRAJ
[ego_planner_node-2] [47;30m
[ego_planner_node-2] [drone 0 replan 122]==============================================[0m
[ego_planner_node-2] [1;33mmulti-trajs=1[1;0m
[ego_planner_node-2] [32miter(+1)=13,time(ms)=0.086,total_t(ms)=0.087,cost=0.013
[ego_planner_node-2] [0mtraj 1 success.
[ego_planner_node-2] plan_success=1
[ego_planner_node-2] total time:[42m0.000333073[0m,optimize:0.000329292,refine:3.781e-06,avg_time=0.000326086
[ego_planner_node-2] refine_success=1
[ego_planner_node-2] [SAFETY]: from EXEC_TRAJ to EXEC_TRAJ
[ego_planner_node-2] [47;30m
[ego_planner_node-2] [drone 0 replan 123]==============================================[0m
[ego_planner_node-2] [1;33mmulti-trajs=1[1;0m
[ego_planner_node-2] [32miter(+1)=9,time(ms)=0.086,total_t(ms)=0.087,cost=0.003
[ego_planner_node-2] [0mtraj 1 success.
[ego_planner_node-2] plan_success=1
[ego_planner_node-2] total time:[42m0.00039945[0m,optimize:0.000393307,refine:6.143e-06,avg_time=0.000326677
[ego_planner_node-2] refine_success=1
[ego_planner_node-2] [SAFETY]: from EXEC_TRAJ to EXEC_TRAJ
[ego_planner_node-2] [47;30m
[ego_planner_node-2] [drone 0 replan 124]==============================================[0m
[ego_planner_node-2] [1;33mmulti-trajs=1[1;0m
[ego_planner_node-2] [32miter(+1)=9,time(ms)=0.097,total_t(ms)=0.098,cost=0.004
[ego_planner_node-2] [0mtraj 1 success.
[ego_planner_node-2] plan_success=1
[ego_planner_node-2] total time:[42m0.000472001[0m,optimize:0.000459699,refine:1.2302e-05,avg_time=0.00032784
[ego_planner_node-2] refine_success=1
[ego_planner_node-2] [SAFETY]: from EXEC_TRAJ to EXEC_TRAJ
[ego_planner_node-2] [47;30m
[ego_planner_node-2] [drone 0 replan 125]==============================================[0m
[ego_planner_node-2] [1;33mmulti-trajs=1[1;0m
[ego_planner_node-2] [32miter(+1)=14,time(ms)=0.028,total_t(ms)=0.028,cost=0.004
[ego_planner_node-2] [0mtraj 1 success.
[ego_planner_node-2] plan_success=1
[ego_planner_node-2] total time:[42m0.000110032[0m,optimize:0.000106853,refine:3.179e-06,avg_time=0.000326111
[ego_planner_node-2] refine_success=1
[ego_planner_node-2] [SAFETY]: from EXEC_TRAJ to EXEC_TRAJ
[ego_planner_node-2] [47;30m
[ego_planner_node-2] [drone 0 replan 126]==============================================[0m
[ego_planner_node-2] [1;33mmulti-trajs=1[1;0m
[ego_planner_node-2] [32miter(+1)=12,time(ms)=0.024,total_t(ms)=0.024,cost=0.007
[ego_planner_node-2] [0mtraj 1 success.
[ego_planner_node-2] plan_success=1
[ego_planner_node-2] total time:[42m0.000117246[0m,optimize:0.000115885,refine:1.361e-06,avg_time=0.000324467
[ego_planner_node-2] refine_success=1
[ego_planner_node-2] [SAFETY]: from EXEC_TRAJ to EXEC_TRAJ
[ego_planner_node-2] [47;30m
[ego_planner_node-2] [drone 0 replan 127]==============================================[0m
[ego_planner_node-2] [1;33mmulti-trajs=1[1;0m
[ego_planner_node-2] [32miter(+1)=28,time(ms)=0.093,total_t(ms)=0.093,cost=0.001
[ego_planner_node-2] [0mtraj 1 success.
[ego_planner_node-2] plan_success=1
[ego_planner_node-2] total time:[42m0.000209257[0m,optimize:0.000207188,refine:2.069e-06,avg_time=0.000323567
[ego_planner_node-2] refine_success=1
[ego_planner_node-2] [SAFETY]: from EXEC_TRAJ to EXEC_TRAJ
[ego_planner_node-2] [47;30m
[ego_planner_node-2] [drone 0 replan 128]==============================================[0m
[ego_planner_node-2] [1;33mmulti-trajs=1[1;0m
[ego_planner_node-2] [32miter(+1)=28,time(ms)=0.102,total_t(ms)=0.102,cost=0.002
[ego_planner_node-2] [0mtraj 1 success.
[ego_planner_node-2] plan_success=1
[ego_planner_node-2] total time:[42m0.000226418[0m,optimize:0.000224213,refine:2.205e-06,avg_time=0.000322813
[ego_planner_node-2] refine_success=1
[ego_planner_node-2] [SAFETY]: from EXEC_TRAJ to EXEC_TRAJ
[ego_planner_node-2] [47;30m
[ego_planner_node-2] [drone 0 replan 129]==============================================[0m
[ego_planner_node-2] [1;33mmulti-trajs=1[1;0m
[ego_planner_node-2] [32miter(+1)=10,time(ms)=0.020,total_t(ms)=0.020,cost=0.003
[ego_planner_node-2] [0mtraj 1 success.
[ego_planner_node-2] plan_success=1
[ego_planner_node-2] total time:[42m8.5559e-05[0m,optimize:8.4234e-05,refine:1.325e-06,avg_time=0.000320988
[ego_planner_node-2] refine_success=1
[ego_planner_node-2] [SAFETY]: from EXEC_TRAJ to EXEC_TRAJ
[ego_planner_node-2] [47;30m
[ego_planner_node-2] [drone 0 replan 130]==============================================[0m
[ego_planner_node-2] [1;33mmulti-trajs=1[1;0m
[ego_planner_node-2] [32miter(+1)=14,time(ms)=0.033,total_t(ms)=0.033,cost=0.003
[ego_planner_node-2] [0mtraj 1 success.
[ego_planner_node-2] plan_success=1
[ego_planner_node-2] total time:[42m0.000119631[0m,optimize:0.000118087,refine:1.544e-06,avg_time=0.000319451
[ego_planner_node-2] refine_success=1
[ego_planner_node-2] [SAFETY]: from EXEC_TRAJ to EXEC_TRAJ
[ego_planner_node-2] [47;30m
[ego_planner_node-2] [drone 0 replan 131]==============================================[0m
[ego_planner_node-2] [1;33mmulti-trajs=1[1;0m
[ego_planner_node-2] [32miter(+1)=14,time(ms)=0.159,total_t(ms)=0.161,cost=0.004
[ego_planner_node-2] [0mtraj 1 success.
[ego_planner_node-2] plan_success=1
[ego_planner_node-2] total time:[42m0.000559606[0m,optimize:0.000552969,refine:6.637e-06,avg_time=0.000321271
[ego_planner_node-2] refine_success=1
[ego_planner_node-2] [SAFETY]: from EXEC_TRAJ to EXEC_TRAJ
[ego_planner_node-2] [47;30m
[ego_planner_node-2] [drone 0 replan 132]==============================================[0m
[ego_planner_node-2] [1;33mmulti-trajs=1[1;0m
[ego_planner_node-2] [32miter(+1)=12,time(ms)=0.108,total_t(ms)=0.108,cost=0.008
[ego_planner_node-2] [0mtraj 1 success.
[ego_planner_node-2] plan_success=1
[ego_planner_node-2] total time:[42m0.000419288[0m,optimize:0.000413717,refine:5.571e-06,avg_time=0.000322008
[ego_planner_node-2] refine_success=1
[ego_planner_node-2] [SAFETY]: from EXEC_TRAJ to EXEC_TRAJ
[ego_planner_node-2] [47;30m
[ego_planner_node-2] [drone 0 replan 133]==============================================[0m
[ego_planner_node-2] [1;33mmulti-trajs=1[1;0m
[ego_planner_node-2] [32miter(+1)=25,time(ms)=0.329,total_t(ms)=0.331,cost=0.002
[ego_planner_node-2] [0mtraj 1 success.
[ego_planner_node-2] plan_success=1
[ego_planner_node-2] total time:[42m0.000788409[0m,optimize:0.000781224,refine:7.185e-06,avg_time=0.000325488
[ego_planner_node-2] refine_success=1
[ego_planner_node-2] [SAFETY]: from EXEC_TRAJ to EXEC_TRAJ
[ego_planner_node-2] [47;30m
[ego_planner_node-2] [drone 0 replan 134]==============================================[0m
[ego_planner_node-2] [1;33mmulti-trajs=1[1;0m
[ego_planner_node-2] [32miter(+1)=10,time(ms)=0.135,total_t(ms)=0.137,cost=0.002
[ego_planner_node-2] [0mtraj 1 success.
[ego_planner_node-2] plan_success=1
[ego_planner_node-2] total time:[42m0.000423016[0m,optimize:0.00041717,refine:5.846e-06,avg_time=0.000326211
[ego_planner_node-2] refine_success=1
[ego_planner_node-2] [SAFETY]: from EXEC_TRAJ to EXEC_TRAJ
[ego_planner_node-2] [47;30m
[ego_planner_node-2] [drone 0 replan 135]==============================================[0m
[ego_planner_node-2] [1;33mmulti-trajs=1[1;0m
[ego_planner_node-2] [32miter(+1)=12,time(ms)=0.041,total_t(ms)=0.041,cost=0.002
[ego_planner_node-2] [0mtraj 1 success.
[ego_planner_node-2] plan_success=1
[ego_planner_node-2] total time:[42m0.000161299[0m,optimize:0.000159042,refine:2.257e-06,avg_time=0.000324998
[ego_planner_node-2] refine_success=1
[ego_planner_node-2] [SAFETY]: from EXEC_TRAJ to EXEC_TRAJ
[ego_planner_node-2] [47;30m
[ego_planner_node-2] [drone 0 replan 136]==============================================[0m
[ego_planner_node-2] [1;33mmulti-trajs=1[1;0m
[ego_planner_node-2] [32miter(+1)=14,time(ms)=0.162,total_t(ms)=0.163,cost=0.003
[ego_planner_node-2] [0mtraj 1 success.
[ego_planner_node-2] plan_success=1
[ego_planner_node-2] total time:[42m0.00055912[0m,optimize:0.000551734,refine:7.386e-06,avg_time=0.000326707
[ego_planner_node-2] refine_success=1
[ego_planner_node-2] [SAFETY]: from EXEC_TRAJ to EXEC_TRAJ
[ego_planner_node-2] [47;30m
[ego_planner_node-2] [drone 0 replan 137]==============================================[0m
[ego_planner_node-2] [1;33mmulti-trajs=1[1;0m
[ego_planner_node-2] [32miter(+1)=17,time(ms)=0.128,total_t(ms)=0.129,cost=0.003
[ego_planner_node-2] [0mtraj 1 success.
[ego_planner_node-2] plan_success=1
[ego_planner_node-2] total time:[42m0.000398859[0m,optimize:0.000394151,refine:4.708e-06,avg_time=0.00032723
[ego_planner_node-2] refine_success=1
[ego_planner_node-2] [SAFETY]: from EXEC_TRAJ to EXEC_TRAJ
[ego_planner_node-2] [47;30m
[ego_planner_node-2] [drone 0 replan 138]==============================================[0m
[ego_planner_node-2] [1;33mmulti-trajs=1[1;0m
[ego_planner_node-2] [32miter(+1)=24,time(ms)=0.282,total_t(ms)=0.283,cost=0.002
[ego_planner_node-2] [0mtraj 1 success.
[ego_planner_node-2] plan_success=1
[ego_planner_node-2] total time:[42m0.000662515[0m,optimize:0.000655703,refine:6.812e-06,avg_time=0.000329642
[ego_planner_node-2] refine_success=1
[ego_planner_node-2] [SAFETY]: from EXEC_TRAJ to EXEC_TRAJ
[ego_planner_node-2] [47;30m
[ego_planner_node-2] [drone 0 replan 139]==============================================[0m
[ego_planner_node-2] [1;33mmulti-trajs=1[1;0m
[ego_planner_node-2] [32miter(+1)=26,time(ms)=0.182,total_t(ms)=0.183,cost=0.001
[ego_planner_node-2] [0mtraj 1 success.
[ego_planner_node-2] plan_success=1
[ego_planner_node-2] total time:[42m0.000447249[0m,optimize:0.000442919,refine:4.33e-06,avg_time=0.000330482
[ego_planner_node-2] refine_success=1
[ego_planner_node-2] [SAFETY]: from EXEC_TRAJ to EXEC_TRAJ
[ego_planner_node-2] [47;30m
[ego_planner_node-2] [drone 0 replan 140]==============================================[0m
[ego_planner_node-2] [1;33mmulti-trajs=1[1;0m
[ego_planner_node-2] [32miter(+1)=12,time(ms)=0.055,total_t(ms)=0.056,cost=0.002
[ego_planner_node-2] [0mtraj 1 success.
[ego_planner_node-2] plan_success=1
[ego_planner_node-2] total time:[42m0.000195356[0m,optimize:0.000192095,refine:3.261e-06,avg_time=0.000329524
[ego_planner_node-2] refine_success=1
[ego_planner_node-2] [SAFETY]: from EXEC_TRAJ to EXEC_TRAJ
[ego_planner_node-2] [47;30m
[ego_planner_node-2] [drone 0 replan 141]==============================================[0m
[ego_planner_node-2] [1;33mmulti-trajs=1[1;0m
[ego_planner_node-2] [32miter(+1)=15,time(ms)=0.063,total_t(ms)=0.064,cost=0.002
[ego_planner_node-2] [0mtraj 1 success.
[ego_planner_node-2] plan_success=1
[ego_planner_node-2] total time:[42m0.000228504[0m,optimize:0.000225423,refine:3.081e-06,avg_time=0.000328812
[ego_planner_node-2] refine_success=1
[ego_planner_node-2] [SAFETY]: from EXEC_TRAJ to EXEC_TRAJ
[ego_planner_node-2] [47;30m
[ego_planner_node-2] [drone 0 replan 142]==============================================[0m
[ego_planner_node-2] [1;33mmulti-trajs=1[1;0m
[ego_planner_node-2] [32miter(+1)=15,time(ms)=0.111,total_t(ms)=0.111,cost=0.004
[ego_planner_node-2] [0mtraj 1 success.
[ego_planner_node-2] plan_success=1
[ego_planner_node-2] total time:[42m0.000375026[0m,optimize:0.000370197,refine:4.829e-06,avg_time=0.000329135
[ego_planner_node-2] refine_success=1
[ego_planner_node-2] [SAFETY]: from EXEC_TRAJ to EXEC_TRAJ
[ego_planner_node-2] [FSM]: state: EXEC_TRAJ
[ego_planner_node-2] [47;30m
[ego_planner_node-2] [drone 0 replan 143]==============================================[0m
[ego_planner_node-2] [1;33mmulti-trajs=1[1;0m
[ego_planner_node-2] [32miter(+1)=18,time(ms)=0.156,total_t(ms)=0.157,cost=0.004
[ego_planner_node-2] [0mtraj 1 success.
[ego_planner_node-2] plan_success=1
[ego_planner_node-2] total time:[42m0.00047848[0m,optimize:0.000472543,refine:5.937e-06,avg_time=0.000330173
[ego_planner_node-2] refine_success=1
[ego_planner_node-2] [SAFETY]: from EXEC_TRAJ to EXEC_TRAJ
[ego_planner_node-2] [47;30m
[ego_planner_node-2] [drone 0 replan 144]==============================================[0m
[ego_planner_node-2] [1;33mmulti-trajs=1[1;0m
[ego_planner_node-2] [32miter(+1)=27,time(ms)=0.059,total_t(ms)=0.059,cost=0.001
[ego_planner_node-2] [0mtraj 1 success.
[ego_planner_node-2] plan_success=1
[ego_planner_node-2] total time:[42m0.000138591[0m,optimize:0.000136891,refine:1.7e-06,avg_time=0.000328851
[ego_planner_node-2] refine_success=1
[ego_planner_node-2] [SAFETY]: from EXEC_TRAJ to EXEC_TRAJ
[ego_planner_node-2] [47;30m
[ego_planner_node-2] [drone 0 replan 145]==============================================[0m
[ego_planner_node-2] [1;33mmulti-trajs=1[1;0m
[ego_planner_node-2] [32miter(+1)=27,time(ms)=0.098,total_t(ms)=0.098,cost=0.002
[ego_planner_node-2] [0mtraj 1 success.
[ego_planner_node-2] plan_success=1
[ego_planner_node-2] total time:[42m0.000230466[0m,optimize:0.000228411,refine:2.055e-06,avg_time=0.000328177
[ego_planner_node-2] refine_success=1
[ego_planner_node-2] [SAFETY]: from EXEC_TRAJ to EXEC_TRAJ
[ego_planner_node-2] [47;30m
[ego_planner_node-2] [drone 0 replan 146]==============================================[0m
[ego_planner_node-2] [1;33mmulti-trajs=1[1;0m
[ego_planner_node-2] [32miter(+1)=13,time(ms)=0.037,total_t(ms)=0.037,cost=0.002
[ego_planner_node-2] [0mtraj 1 success.
[ego_planner_node-2] plan_success=1
[ego_planner_node-2] total time:[42m0.000134227[0m,optimize:0.000132173,refine:2.054e-06,avg_time=0.000326858
[ego_planner_node-2] refine_success=1
[ego_planner_node-2] [SAFETY]: from EXEC_TRAJ to EXEC_TRAJ
[ego_planner_node-2] [47;30m
[ego_planner_node-2] [drone 0 replan 147]==============================================[0m
[ego_planner_node-2] [1;33mmulti-trajs=1[1;0m
[ego_planner_node-2] [32miter(+1)=14,time(ms)=0.043,total_t(ms)=0.044,cost=0.002
[ego_planner_node-2] [0mtraj 1 success.
[ego_planner_node-2] plan_success=1
[ego_planner_node-2] total time:[42m0.000164194[0m,optimize:0.000162018,refine:2.176e-06,avg_time=0.000325759
[ego_planner_node-2] refine_success=1
[ego_planner_node-2] [SAFETY]: from EXEC_TRAJ to EXEC_TRAJ
[ego_planner_node-2] [47;30m
[ego_planner_node-2] [drone 0 replan 148]==============================================[0m
[ego_planner_node-2] [1;33mmulti-trajs=1[1;0m
[ego_planner_node-2] [32miter(+1)=14,time(ms)=0.050,total_t(ms)=0.050,cost=0.004
[ego_planner_node-2] [0mtraj 1 success.
[ego_planner_node-2] plan_success=1
[ego_planner_node-2] total time:[42m0.000158423[0m,optimize:0.000156314,refine:2.109e-06,avg_time=0.000324636
[ego_planner_node-2] refine_success=1
[ego_planner_node-2] [SAFETY]: from EXEC_TRAJ to EXEC_TRAJ
[ego_planner_node-2] [47;30m
[ego_planner_node-2] [drone 0 replan 149]==============================================[0m
[ego_planner_node-2] [1;33mmulti-trajs=1[1;0m
[ego_planner_node-2] [32miter(+1)=24,time(ms)=0.184,total_t(ms)=0.185,cost=0.002
[ego_planner_node-2] [0mtraj 1 success.
[ego_planner_node-2] plan_success=1
[ego_planner_node-2] total time:[42m0.000434068[0m,optimize:0.000429478,refine:4.59e-06,avg_time=0.000325365
[ego_planner_node-2] refine_success=1
[ego_planner_node-2] [SAFETY]: from EXEC_TRAJ to EXEC_TRAJ
[ego_planner_node-2] [47;30m
[ego_planner_node-2] [drone 0 replan 150]==============================================[0m
[ego_planner_node-2] [1;33mmulti-trajs=1[1;0m
[ego_planner_node-2] [32miter(+1)=27,time(ms)=0.142,total_t(ms)=0.142,cost=0.001
[ego_planner_node-2] [0mtraj 1 success.
[ego_planner_node-2] plan_success=1
[ego_planner_node-2] total time:[42m0.000328768[0m,optimize:0.000326014,refine:2.754e-06,avg_time=0.000325388
[ego_planner_node-2] refine_success=1
[ego_planner_node-2] [SAFETY]: from EXEC_TRAJ to EXEC_TRAJ
[ego_planner_node-2] [47;30m
[ego_planner_node-2] [drone 0 replan 151]==============================================[0m
[ego_planner_node-2] [1;33mmulti-trajs=1[1;0m
[ego_planner_node-2] [32miter(+1)=12,time(ms)=0.136,total_t(ms)=0.137,cost=0.002
[ego_planner_node-2] [0mtraj 1 success.
[ego_planner_node-2] plan_success=1
[ego_planner_node-2] total time:[42m0.000516633[0m,optimize:0.000508339,refine:8.294e-06,avg_time=0.000326646
[ego_planner_node-2] refine_success=1
[ego_planner_node-2] [SAFETY]: from EXEC_TRAJ to EXEC_TRAJ
[ego_planner_node-2] [47;30m
[ego_planner_node-2] [drone 0 replan 152]==============================================[0m
[ego_planner_node-2] [1;33mmulti-trajs=1[1;0m
[ego_planner_node-2] [32miter(+1)=13,time(ms)=0.056,total_t(ms)=0.057,cost=0.002
[ego_planner_node-2] [0mtraj 1 success.
[ego_planner_node-2] plan_success=1
[ego_planner_node-2] total time:[42m0.000208257[0m,optimize:0.000205419,refine:2.838e-06,avg_time=0.000325872
[ego_planner_node-2] refine_success=1
[ego_planner_node-2] [SAFETY]: from EXEC_TRAJ to EXEC_TRAJ
[ego_planner_node-2] [47;30m
[ego_planner_node-2] [drone 0 replan 153]==============================================[0m
[ego_planner_node-2] [1;33mmulti-trajs=1[1;0m
[ego_planner_node-2] [32miter(+1)=14,time(ms)=0.134,total_t(ms)=0.135,cost=0.003
[ego_planner_node-2] [0mtraj 1 success.
[ego_planner_node-2] plan_success=1
[ego_planner_node-2] total time:[42m0.000502284[0m,optimize:0.000496224,refine:6.06e-06,avg_time=0.000327018
[ego_planner_node-2] refine_success=1
[ego_planner_node-2] [SAFETY]: from EXEC_TRAJ to EXEC_TRAJ
[ego_planner_node-2] [47;30m
[ego_planner_node-2] [drone 0 replan 154]==============================================[0m
[ego_planner_node-2] [1;33mmulti-trajs=1[1;0m
[ego_planner_node-2] [32miter(+1)=16,time(ms)=0.149,total_t(ms)=0.150,cost=0.004
[ego_planner_node-2] [0mtraj 1 success.
[ego_planner_node-2] plan_success=1
[ego_planner_node-2] total time:[42m0.00052627[0m,optimize:0.000520982,refine:5.288e-06,avg_time=0.000328303
[ego_planner_node-2] refine_success=1
[ego_planner_node-2] [SAFETY]: from EXEC_TRAJ to EXEC_TRAJ
[ego_planner_node-2] [47;30m
[ego_planner_node-2] [drone 0 replan 155]==============================================[0m
[ego_planner_node-2] [1;33mmulti-trajs=1[1;0m
[ego_planner_node-2] [32miter(+1)=27,time(ms)=0.093,total_t(ms)=0.093,cost=0.001
[ego_planner_node-2] [0mtraj 1 success.
[ego_planner_node-2] plan_success=1
[ego_planner_node-2] total time:[42m0.000213879[0m,optimize:0.000210718,refine:3.161e-06,avg_time=0.00032757
[ego_planner_node-2] refine_success=1
[ego_planner_node-2] [SAFETY]: from EXEC_TRAJ to EXEC_TRAJ
[ego_planner_node-2] [47;30m
[ego_planner_node-2] [drone 0 replan 156]==============================================[0m
[ego_planner_node-2] [1;33mmulti-trajs=1[1;0m
[ego_planner_node-2] [32miter(+1)=27,time(ms)=0.275,total_t(ms)=0.277,cost=0.001
[ego_planner_node-2] [0mtraj 1 success.
[ego_planner_node-2] plan_success=1
[ego_planner_node-2] total time:[42m0.00062841[0m,optimize:0.000623084,refine:5.326e-06,avg_time=0.000329486
[ego_planner_node-2] refine_success=1
[ego_planner_node-2] [SAFETY]: from EXEC_TRAJ to EXEC_TRAJ
[ego_planner_node-2] [47;30m
[ego_planner_node-2] [drone 0 replan 157]==============================================[0m
[ego_planner_node-2] [1;33mmulti-trajs=1[1;0m
[ego_planner_node-2] [32miter(+1)=12,time(ms)=0.087,total_t(ms)=0.088,cost=0.002
[ego_planner_node-2] [0mtraj 1 success.
[ego_planner_node-2] plan_success=1
[ego_planner_node-2] total time:[42m0.000341017[0m,optimize:0.000335836,refine:5.181e-06,avg_time=0.000329559
[ego_planner_node-2] refine_success=1
[ego_planner_node-2] [SAFETY]: from EXEC_TRAJ to EXEC_TRAJ
[ego_planner_node-2] [47;30m
[ego_planner_node-2] [drone 0 replan 158]==============================================[0m
[ego_planner_node-2] [1;33mmulti-trajs=1[1;0m
[ego_planner_node-2] [32miter(+1)=15,time(ms)=0.167,total_t(ms)=0.168,cost=0.002
[ego_planner_node-2] [0mtraj 1 success.
[ego_planner_node-2] plan_success=1
[ego_planner_node-2] total time:[42m0.000580433[0m,optimize:0.000572886,refine:7.547e-06,avg_time=0.000331137
[ego_planner_node-2] refine_success=1
[ego_planner_node-2] [SAFETY]: from EXEC_TRAJ to EXEC_TRAJ
[ego_planner_node-2] [47;30m
[ego_planner_node-2] [drone 0 replan 159]==============================================[0m
[ego_planner_node-2] [1;33mmulti-trajs=1[1;0m
[ego_planner_node-2] [32miter(+1)=19,time(ms)=0.123,total_t(ms)=0.124,cost=0.003
[ego_planner_node-2] [0mtraj 1 success.
[ego_planner_node-2] plan_success=1
[ego_planner_node-2] total time:[42m0.000348691[0m,optimize:0.000344207,refine:4.484e-06,avg_time=0.000331247
[ego_planner_node-2] refine_success=1
[ego_planner_node-2] [SAFETY]: from EXEC_TRAJ to EXEC_TRAJ
[ego_planner_node-2] [47;30m
[ego_planner_node-2] [drone 0 replan 160]==============================================[0m
[ego_planner_node-2] [1;33mmulti-trajs=1[1;0m
[ego_planner_node-2] [32miter(+1)=22,time(ms)=0.163,total_t(ms)=0.164,cost=0.002
[ego_planner_node-2] [0mtraj 1 success.
[ego_planner_node-2] plan_success=1
[ego_planner_node-2] total time:[42m0.000397443[0m,optimize:0.000393216,refine:4.227e-06,avg_time=0.000331658
[ego_planner_node-2] refine_success=1
[ego_planner_node-2] [SAFETY]: from EXEC_TRAJ to EXEC_TRAJ
[ego_planner_node-2] [47;30m
[ego_planner_node-2] [drone 0 replan 161]==============================================[0m
[ego_planner_node-2] [1;33mmulti-trajs=1[1;0m
[ego_planner_node-2] [32miter(+1)=28,time(ms)=0.258,total_t(ms)=0.258,cost=0.001
[ego_planner_node-2] [0mtraj 1 success.
[ego_planner_node-2] plan_success=1
[ego_planner_node-2] total time:[42m0.000587612[0m,optimize:0.000582128,refine:5.484e-06,avg_time=0.000333238
[ego_planner_node-2] refine_success=1
[ego_planner_node-2] [SAFETY]: from EXEC_TRAJ to EXEC_TRAJ
[ego_planner_node-2] [47;30m
[ego_planner_node-2] [drone 0 replan 162]==============================================[0m
[ego_planner_node-2] [1;33mmulti-trajs=1[1;0m
[ego_planner_node-2] [32miter(+1)=27,time(ms)=0.133,total_t(ms)=0.134,cost=0.002
[ego_planner_node-2] [0mtraj 1 success.
[ego_planner_node-2] plan_success=1
[ego_planner_node-2] total time:[42m0.000312467[0m,optimize:0.000309247,refine:3.22e-06,avg_time=0.00033311
[ego_planner_node-2] refine_success=1
[ego_planner_node-2] [SAFETY]: from EXEC_TRAJ to EXEC_TRAJ
[ego_planner_node-2] [47;30m
[ego_planner_node-2] [drone 0 replan 163]==============================================[0m
[ego_planner_node-2] [1;33mmulti-trajs=1[1;0m
[ego_planner_node-2] [32miter(+1)=13,time(ms)=0.024,total_t(ms)=0.025,cost=0.002
[ego_planner_node-2] [0mtraj 1 success.
[ego_planner_node-2] plan_success=1
[ego_planner_node-2] total time:[42m8.7271e-05[0m,optimize:8.5934e-05,refine:1.337e-06,avg_time=0.000331611
[ego_planner_node-2] refine_success=1
[ego_planner_node-2] [SAFETY]: from EXEC_TRAJ to EXEC_TRAJ
[ego_planner_node-2] [FSM]: state: EXEC_TRAJ
[ego_planner_node-2] [47;30m
[ego_planner_node-2] [drone 0 replan 164]==============================================[0m
[ego_planner_node-2] [1;33mmulti-trajs=1[1;0m
[ego_planner_node-2] [32miter(+1)=14,time(ms)=0.041,total_t(ms)=0.041,cost=0.003
[ego_planner_node-2] [0mtraj 1 success.
[ego_planner_node-2] plan_success=1
[ego_planner_node-2] total time:[42m0.000151382[0m,optimize:0.000149188,refine:2.194e-06,avg_time=0.000330519
[ego_planner_node-2] refine_success=1
[ego_planner_node-2] [SAFETY]: from EXEC_TRAJ to EXEC_TRAJ
[ego_planner_node-2] [47;30m
[ego_planner_node-2] [drone 0 replan 165]==============================================[0m
[ego_planner_node-2] [1;33mmulti-trajs=1[1;0m
[ego_planner_node-2] [32miter(+1)=17,time(ms)=0.034,total_t(ms)=0.035,cost=0.004
[ego_planner_node-2] [0mtraj 1 success.
[ego_planner_node-2] plan_success=1
[ego_planner_node-2] total time:[42m0.000118515[0m,optimize:0.000116903,refine:1.612e-06,avg_time=0.000329242
[ego_planner_node-2] refine_success=1
[ego_planner_node-2] [SAFETY]: from EXEC_TRAJ to EXEC_TRAJ
[ego_planner_node-2] [47;30m
[ego_planner_node-2] [drone 0 replan 166]==============================================[0m
[ego_planner_node-2] [1;33mmulti-trajs=1[1;0m
[ego_planner_node-2] [32miter(+1)=23,time(ms)=0.085,total_t(ms)=0.085,cost=0.002
[ego_planner_node-2] [0mtraj 1 success.
[ego_planner_node-2] plan_success=1
[ego_planner_node-2] total time:[42m0.000198226[0m,optimize:0.000195664,refine:2.562e-06,avg_time=0.000328457
[ego_planner_node-2] refine_success=1
[ego_planner_node-2] [SAFETY]: from EXEC_TRAJ to EXEC_TRAJ
[ego_planner_node-2] [47;30m
[ego_planner_node-2] [drone 0 replan 167]==============================================[0m
[ego_planner_node-2] [1;33mmulti-trajs=1[1;0m
[ego_planner_node-2] [32miter(+1)=28,time(ms)=0.109,total_t(ms)=0.110,cost=0.001
[ego_planner_node-2] [0mtraj 1 success.
[ego_planner_node-2] plan_success=1
[ego_planner_node-2] total time:[42m0.000233806[0m,optimize:0.000231606,refine:2.2e-06,avg_time=0.000327894
[ego_planner_node-2] refine_success=1
[ego_planner_node-2] [SAFETY]: from EXEC_TRAJ to EXEC_TRAJ
[ego_planner_node-2] [47;30m
[ego_planner_node-2] [drone 0 replan 168]==============================================[0m
[ego_planner_node-2] [1;33mmulti-trajs=1[1;0m
[ego_planner_node-2] [32miter(+1)=12,time(ms)=0.100,total_t(ms)=0.101,cost=0.002
[ego_planner_node-2] [0mtraj 1 success.
[ego_planner_node-2] plan_success=1
[ego_planner_node-2] total time:[42m0.000380186[0m,optimize:0.000374789,refine:5.397e-06,avg_time=0.000328203
[ego_planner_node-2] refine_success=1
[ego_planner_node-2] [SAFETY]: from EXEC_TRAJ to EXEC_TRAJ
[ego_planner_node-2] [47;30m
[ego_planner_node-2] [drone 0 replan 169]==============================================[0m
[ego_planner_node-2] [1;33mmulti-trajs=1[1;0m
[ego_planner_node-2] [32miter(+1)=15,time(ms)=0.137,total_t(ms)=0.138,cost=0.002
[ego_planner_node-2] [0mtraj 1 success.
[ego_planner_node-2] plan_success=1
[ego_planner_node-2] total time:[42m0.000551085[0m,optimize:0.000544815,refine:6.27e-06,avg_time=0.000329514
[ego_planner_node-2] refine_success=1
[ego_planner_node-2] [SAFETY]: from EXEC_TRAJ to EXEC_TRAJ
[ego_planner_node-2] [47;30m
[ego_planner_node-2] [drone 0 replan 170]==============================================[0m
[ego_planner_node-2] [1;33mmulti-trajs=1[1;0m
[ego_planner_node-2] [32miter(+1)=14,time(ms)=0.076,total_t(ms)=0.077,cost=0.003
[ego_planner_node-2] [0mtraj 1 success.
[ego_planner_node-2] plan_success=1
[ego_planner_node-2] total time:[42m0.00023375[0m,optimize:0.000230314,refine:3.436e-06,avg_time=0.000328954
[ego_planner_node-2] refine_success=1
[ego_planner_node-2] [SAFETY]: from EXEC_TRAJ to EXEC_TRAJ
[ego_planner_node-2] [47;30m
[ego_planner_node-2] [drone 0 replan 171]==============================================[0m
[ego_planner_node-2] [1;33mmulti-trajs=1[1;0m
[ego_planner_node-2] [32miter(+1)=17,time(ms)=0.168,total_t(ms)=0.169,cost=0.004
[ego_planner_node-2] [0mtraj 1 success.
[ego_planner_node-2] plan_success=1
[ego_planner_node-2] total time:[42m0.000508867[0m,optimize:0.000503073,refine:5.794e-06,avg_time=0.00033
[ego_planner_node-2] refine_success=1
[ego_planner_node-2] [SAFETY]: from EXEC_TRAJ to EXEC_TRAJ
[ego_planner_node-2] [47;30m
[ego_planner_node-2] [drone 0 replan 172]==============================================[0m
[ego_planner_node-2] [1;33mmulti-trajs=1[1;0m
[ego_planner_node-2] [32miter(+1)=25,time(ms)=0.283,total_t(ms)=0.284,cost=0.002
[ego_planner_node-2] [0mtraj 1 success.
[ego_planner_node-2] plan_success=1
[ego_planner_node-2] total time:[42m0.000629069[0m,optimize:0.000623405,refine:5.664e-06,avg_time=0.000331729
[ego_planner_node-2] refine_success=1
[ego_planner_node-2] [SAFETY]: from EXEC_TRAJ to EXEC_TRAJ
[ego_planner_node-2] [47;30m
[ego_planner_node-2] [drone 0 replan 173]==============================================[0m
[ego_planner_node-2] [1;33mmulti-trajs=1[1;0m
[ego_planner_node-2] [32miter(+1)=26,time(ms)=0.368,total_t(ms)=0.369,cost=0.002
[ego_planner_node-2] [0mtraj 1 success.
[ego_planner_node-2] plan_success=1
[ego_planner_node-2] total time:[42m0.000794138[0m,optimize:0.000786271,refine:7.867e-06,avg_time=0.000334387
[ego_planner_node-2] refine_success=1
[ego_planner_node-2] [SAFETY]: from EXEC_TRAJ to EXEC_TRAJ
[ego_planner_node-2] [47;30m
[ego_planner_node-2] [drone 0 replan 174]==============================================[0m
[ego_planner_node-2] [1;33mmulti-trajs=1[1;0m
[ego_planner_node-2] [32miter(+1)=12,time(ms)=0.114,total_t(ms)=0.115,cost=0.002
[ego_planner_node-2] [0mtraj 1 success.
[ego_planner_node-2] plan_success=1
[ego_planner_node-2] total time:[42m0.000421023[0m,optimize:0.000414746,refine:6.277e-06,avg_time=0.000334882
[ego_planner_node-2] refine_success=1
[ego_planner_node-2] [SAFETY]: from EXEC_TRAJ to EXEC_TRAJ
[ego_planner_node-2] [47;30m
[ego_planner_node-2] [drone 0 replan 175]==============================================[0m
[ego_planner_node-2] [1;33mmulti-trajs=1[1;0m
[ego_planner_node-2] [32miter(+1)=15,time(ms)=0.079,total_t(ms)=0.080,cost=0.002
[ego_planner_node-2] [0mtraj 1 success.
[ego_planner_node-2] plan_success=1
[ego_planner_node-2] total time:[42m0.000270854[0m,optimize:0.000267233,refine:3.621e-06,avg_time=0.000334518
[ego_planner_node-2] refine_success=1
[ego_planner_node-2] [SAFETY]: from EXEC_TRAJ to EXEC_TRAJ
[ego_planner_node-2] [47;30m
[ego_planner_node-2] [drone 0 replan 176]==============================================[0m
[ego_planner_node-2] [1;33mmulti-trajs=1[1;0m
[ego_planner_node-2] [32miter(+1)=14,time(ms)=0.156,total_t(ms)=0.157,cost=0.004
[ego_planner_node-2] [0mtraj 1 success.
[ego_planner_node-2] plan_success=1
[ego_planner_node-2] total time:[42m0.000560718[0m,optimize:0.00055339,refine:7.328e-06,avg_time=0.000335796
[ego_planner_node-2] refine_success=1
[ego_planner_node-2] [SAFETY]: from EXEC_TRAJ to EXEC_TRAJ
[ego_planner_node-2] [47;30m
[ego_planner_node-2] [drone 0 replan 177]==============================================[0m
[ego_planner_node-2] [1;33mmulti-trajs=1[1;0m
[ego_planner_node-2] [32miter(+1)=12,time(ms)=0.073,total_t(ms)=0.073,cost=0.008
[ego_planner_node-2] [0mtraj 1 success.
[ego_planner_node-2] plan_success=1
[ego_planner_node-2] total time:[42m0.000282603[0m,optimize:0.000278884,refine:3.719e-06,avg_time=0.000335497
[ego_planner_node-2] refine_success=1
[ego_planner_node-2] [SAFETY]: from EXEC_TRAJ to EXEC_TRAJ
[ego_planner_node-2] [47;30m
[ego_planner_node-2] [drone 0 replan 178]==============================================[0m
[ego_planner_node-2] [1;33mmulti-trajs=1[1;0m
[ego_planner_node-2] [32miter(+1)=27,time(ms)=0.370,total_t(ms)=0.371,cost=0.002
[ego_planner_node-2] [0mtraj 1 success.
[ego_planner_node-2] plan_success=1
[ego_planner_node-2] total time:[42m0.000826497[0m,optimize:0.000817752,refine:8.745e-06,avg_time=0.00033824
[ego_planner_node-2] refine_success=1
[ego_planner_node-2] [SAFETY]: from EXEC_TRAJ to EXEC_TRAJ
[ego_planner_node-2] [47;30m
[ego_planner_node-2] [drone 0 replan 179]==============================================[0m
[ego_planner_node-2] [1;33mmulti-trajs=1[1;0m
[ego_planner_node-2] [32miter(+1)=10,time(ms)=0.073,total_t(ms)=0.074,cost=0.002
[ego_planner_node-2] [0mtraj 1 success.
[ego_planner_node-2] plan_success=1
[ego_planner_node-2] total time:[42m0.000310405[0m,optimize:0.000305471,refine:4.934e-06,avg_time=0.000338085
[ego_planner_node-2] refine_success=1
[ego_planner_node-2] [SAFETY]: from EXEC_TRAJ to EXEC_TRAJ
[ego_planner_node-2] [47;30m
[ego_planner_node-2] [drone 0 replan 180]==============================================[0m
[ego_planner_node-2] [1;33mmulti-trajs=1[1;0m
[ego_planner_node-2] [32miter(+1)=12,time(ms)=0.067,total_t(ms)=0.067,cost=0.002
[ego_planner_node-2] [0mtraj 1 success.
[ego_planner_node-2] plan_success=1
[ego_planner_node-2] total time:[42m0.000253288[0m,optimize:0.000249929,refine:3.359e-06,avg_time=0.000337617
[ego_planner_node-2] refine_success=1
[ego_planner_node-2] [SAFETY]: from EXEC_TRAJ to EXEC_TRAJ
[ego_planner_node-2] [47;30m
[ego_planner_node-2] [drone 0 replan 181]==============================================[0m
[ego_planner_node-2] [1;33mmulti-trajs=1[1;0m
[ego_planner_node-2] [32miter(+1)=14,time(ms)=0.035,total_t(ms)=0.036,cost=0.003
[ego_planner_node-2] [0mtraj 1 success.
[ego_planner_node-2] plan_success=1
[ego_planner_node-2] total time:[42m0.000113202[0m,optimize:0.000111722,refine:1.48e-06,avg_time=0.000336384
[ego_planner_node-2] refine_success=1
[ego_planner_node-2] [SAFETY]: from EXEC_TRAJ to EXEC_TRAJ
[ego_planner_node-2] [47;30m
[ego_planner_node-2] [drone 0 replan 182]==============================================[0m
[ego_planner_node-2] [1;33mmulti-trajs=1[1;0m
[ego_planner_node-2] [32miter(+1)=12,time(ms)=0.023,total_t(ms)=0.023,cost=0.006
[ego_planner_node-2] [0mtraj 1 success.
[ego_planner_node-2] plan_success=1
[ego_planner_node-2] total time:[42m9.6703e-05[0m,optimize:9.5216e-05,refine:1.487e-06,avg_time=0.000335074
[ego_planner_node-2] refine_success=1
[ego_planner_node-2] [SAFETY]: from EXEC_TRAJ to EXEC_TRAJ
[ego_planner_node-2] [47;30m
[ego_planner_node-2] [drone 0 replan 183]==============================================[0m
[ego_planner_node-2] [1;33mmulti-trajs=1[1;0m
[ego_planner_node-2] [32miter(+1)=15,time(ms)=0.028,total_t(ms)=0.028,cost=0.007
[ego_planner_node-2] [0mtraj 1 success.
[ego_planner_node-2] plan_success=1
[ego_planner_node-2] total time:[42m0.000100553[0m,optimize:9.9236e-05,refine:1.317e-06,avg_time=0.0003338
[ego_planner_node-2] refine_success=1
[ego_planner_node-2] [SAFETY]: from EXEC_TRAJ to EXEC_TRAJ
[ego_planner_node-2] [47;30m
[ego_planner_node-2] [drone 0 replan 184]==============================================[0m
[ego_planner_node-2] [1;33mmulti-trajs=1[1;0m
[ego_planner_node-2] [32miter(+1)=24,time(ms)=0.054,total_t(ms)=0.054,cost=0.002
[ego_planner_node-2] [0mtraj 1 success.
[ego_planner_node-2] plan_success=1
[ego_planner_node-2] total time:[42m0.000132604[0m,optimize:0.000131294,refine:1.31e-06,avg_time=0.000332712
[ego_planner_node-2] refine_success=1
[ego_planner_node-2] [SAFETY]: from EXEC_TRAJ to EXEC_TRAJ
[ego_planner_node-2] [FSM]: state: EXEC_TRAJ
[ego_planner_node-2] [47;30m
[ego_planner_node-2] [drone 0 replan 185]==============================================[0m
[ego_planner_node-2] [1;33mmulti-trajs=1[1;0m
[ego_planner_node-2] [32miter(+1)=10,time(ms)=0.030,total_t(ms)=0.030,cost=0.002
[ego_planner_node-2] [0mtraj 1 success.
[ego_planner_node-2] plan_success=1
[ego_planner_node-2] total time:[42m0.000132321[0m,optimize:0.000130266,refine:2.055e-06,avg_time=0.000331635
[ego_planner_node-2] refine_success=1
[ego_planner_node-2] [SAFETY]: from EXEC_TRAJ to EXEC_TRAJ
[ego_planner_node-2] [47;30m
[ego_planner_node-2] [drone 0 replan 186]==============================================[0m
[ego_planner_node-2] [1;33mmulti-trajs=1[1;0m
[ego_planner_node-2] [32miter(+1)=9,time(ms)=0.033,total_t(ms)=0.034,cost=0.004
[ego_planner_node-2] [0mtraj 1 success.
[ego_planner_node-2] plan_success=1
[ego_planner_node-2] total time:[42m0.000140766[0m,optimize:0.000138661,refine:2.105e-06,avg_time=0.000330614
[ego_planner_node-2] refine_success=1
[ego_planner_node-2] [SAFETY]: from EXEC_TRAJ to EXEC_TRAJ
[ego_planner_node-2] [47;30m
[ego_planner_node-2] [drone 0 replan 187]==============================================[0m
[ego_planner_node-2] [1;33mmulti-trajs=1[1;0m
[ego_planner_node-2] [32miter(+1)=14,time(ms)=0.036,total_t(ms)=0.037,cost=0.004
[ego_planner_node-2] [0mtraj 1 success.
[ego_planner_node-2] plan_success=1
[ego_planner_node-2] total time:[42m0.000298834[0m,optimize:0.000296941,refine:1.893e-06,avg_time=0.000330445
[ego_planner_node-2] refine_success=1
[ego_planner_node-2] [SAFETY]: from EXEC_TRAJ to EXEC_TRAJ
[ego_planner_node-2] [47;30m
[ego_planner_node-2] [drone 0 replan 188]==============================================[0m
[ego_planner_node-2] [1;33mmulti-trajs=1[1;0m
[ego_planner_node-2] [32miter(+1)=12,time(ms)=0.099,total_t(ms)=0.100,cost=0.007
[ego_planner_node-2] [0mtraj 1 success.
[ego_planner_node-2] plan_success=1
[ego_planner_node-2] total time:[42m0.000417496[0m,optimize:0.000411808,refine:5.688e-06,avg_time=0.000330906
[ego_planner_node-2] refine_success=1
[ego_planner_node-2] [SAFETY]: from EXEC_TRAJ to EXEC_TRAJ
[ego_planner_node-2] [47;30m
[ego_planner_node-2] [drone 0 replan 189]==============================================[0m
[ego_planner_node-2] [1;33mmulti-trajs=1[1;0m
[ego_planner_node-2] [32miter(+1)=15,time(ms)=0.135,total_t(ms)=0.136,cost=0.009
[ego_planner_node-2] [0mtraj 1 success.
[ego_planner_node-2] plan_success=1
[ego_planner_node-2] total time:[42m0.000576804[0m,optimize:0.00057076,refine:6.044e-06,avg_time=0.0003322
[ego_planner_node-2] refine_success=1
[ego_planner_node-2] [SAFETY]: from EXEC_TRAJ to EXEC_TRAJ
[ego_planner_node-2] [47;30m
[ego_planner_node-2] [drone 0 replan 190]==============================================[0m
[ego_planner_node-2] [1;33mmulti-trajs=1[1;0m
[ego_planner_node-2] [32miter(+1)=9,time(ms)=0.045,total_t(ms)=0.047,cost=0.003
[ego_planner_node-2] [0mtraj 1 success.
[ego_planner_node-2] plan_success=1
[ego_planner_node-2] total time:[42m0.000243535[0m,optimize:0.000240339,refine:3.196e-06,avg_time=0.000331736
[ego_planner_node-2] refine_success=1
[ego_planner_node-2] [SAFETY]: from EXEC_TRAJ to EXEC_TRAJ
[ego_planner_node-2] [47;30m
[ego_planner_node-2] [drone 0 replan 191]==============================================[0m
[ego_planner_node-2] [1;33mmulti-trajs=1[1;0m
[ego_planner_node-2] [32miter(+1)=9,time(ms)=0.083,total_t(ms)=0.084,cost=0.003
[ego_planner_node-2] [0mtraj 1 success.
[ego_planner_node-2] plan_success=1
[ego_planner_node-2] total time:[42m0.000417107[0m,optimize:0.000411089,refine:6.018e-06,avg_time=0.00033218
[ego_planner_node-2] refine_success=1
[ego_planner_node-2] [SAFETY]: from EXEC_TRAJ to EXEC_TRAJ
[ego_planner_node-2] [47;30m
[ego_planner_node-2] [drone 0 replan 192]==============================================[0m
[ego_planner_node-2] [1;33mmulti-trajs=1[1;0m
[ego_planner_node-2] [32miter(+1)=14,time(ms)=0.026,total_t(ms)=0.026,cost=0.003
[ego_planner_node-2] [0mtraj 1 success.
[ego_planner_node-2] plan_success=1
[ego_planner_node-2] total time:[42m9.6218e-05[0m,optimize:9.4656e-05,refine:1.562e-06,avg_time=0.000330958
[ego_planner_node-2] refine_success=1
[ego_planner_node-2] [SAFETY]: from EXEC_TRAJ to EXEC_TRAJ
[ego_planner_node-2] [47;30m
[ego_planner_node-2] [drone 0 replan 193]==============================================[0m
[ego_planner_node-2] [1;33mmulti-trajs=1[1;0m
[ego_planner_node-2] [32miter(+1)=13,time(ms)=0.113,total_t(ms)=0.114,cost=0.005
[ego_planner_node-2] [0mtraj 1 success.
[ego_planner_node-2] plan_success=1
[ego_planner_node-2] total time:[42m0.000456439[0m,optimize:0.000450448,refine:5.991e-06,avg_time=0.000331604
[ego_planner_node-2] refine_success=1
[ego_planner_node-2] [SAFETY]: from EXEC_TRAJ to EXEC_TRAJ
[ego_planner_node-2] [47;30m
[ego_planner_node-2] [drone 0 replan 194]==============================================[0m
[ego_planner_node-2] [1;33mmulti-trajs=1[1;0m
[ego_planner_node-2] [32miter(+1)=12,time(ms)=0.110,total_t(ms)=0.111,cost=0.008
[ego_planner_node-2] [0mtraj 1 success.
[ego_planner_node-2] plan_success=1
[ego_planner_node-2] total time:[42m0.000451931[0m,optimize:0.000442871,refine:9.06e-06,avg_time=0.000332221
[ego_planner_node-2] refine_success=1
[ego_planner_node-2] [SAFETY]: from EXEC_TRAJ to EXEC_TRAJ
[ego_planner_node-2] [47;30m
[ego_planner_node-2] [drone 0 replan 195]==============================================[0m
[ego_planner_node-2] [1;33mmulti-trajs=1[1;0m
[ego_planner_node-2] [32miter(+1)=17,time(ms)=0.087,total_t(ms)=0.087,cost=0.010
[ego_planner_node-2] [0mtraj 1 success.
[ego_planner_node-2] plan_success=1
[ego_planner_node-2] total time:[42m0.000283804[0m,optimize:0.000280639,refine:3.165e-06,avg_time=0.000331974
[ego_planner_node-2] refine_success=1
[ego_planner_node-2] [SAFETY]: from EXEC_TRAJ to EXEC_TRAJ
[ego_planner_node-2] [47;30m
[ego_planner_node-2] [drone 0 replan 196]==============================================[0m
[ego_planner_node-2] [1;33mmulti-trajs=1[1;0m
[ego_planner_node-2] [32miter(+1)=9,time(ms)=0.078,total_t(ms)=0.079,cost=0.003
[ego_planner_node-2] [0mtraj 1 success.
[ego_planner_node-2] plan_success=1
[ego_planner_node-2] total time:[42m0.000368718[0m,optimize:0.00036342,refine:5.298e-06,avg_time=0.000332161
[ego_planner_node-2] refine_success=1
[ego_planner_node-2] [SAFETY]: from EXEC_TRAJ to EXEC_TRAJ
[ego_planner_node-2] [47;30m
[ego_planner_node-2] [drone 0 replan 197]==============================================[0m
[ego_planner_node-2] [1;33mmulti-trajs=1[1;0m
[ego_planner_node-2] [32miter(+1)=8,time(ms)=0.048,total_t(ms)=0.049,cost=0.004
[ego_planner_node-2] [0mtraj 1 success.
[ego_planner_node-2] plan_success=1
[ego_planner_node-2] total time:[42m0.000252329[0m,optimize:0.00024863,refine:3.699e-06,avg_time=0.000331758
[ego_planner_node-2] refine_success=1
[ego_planner_node-2] [SAFETY]: from EXEC_TRAJ to EXEC_TRAJ
[ego_planner_node-2] [47;30m
[ego_planner_node-2] [drone 0 replan 198]==============================================[0m
[ego_planner_node-2] [1;33mmulti-trajs=1[1;0m
[ego_planner_node-2] [32miter(+1)=13,time(ms)=0.128,total_t(ms)=0.129,cost=0.003
[ego_planner_node-2] [0mtraj 1 success.
[ego_planner_node-2] plan_success=1
[ego_planner_node-2] total time:[42m0.000509221[0m,optimize:0.00050245,refine:6.771e-06,avg_time=0.00033265
[ego_planner_node-2] refine_success=1
[ego_planner_node-2] [SAFETY]: from EXEC_TRAJ to EXEC_TRAJ
[ego_planner_node-2] [47;30m
[ego_planner_node-2] [drone 0 replan 199]==============================================[0m
[ego_planner_node-2] [1;33mmulti-trajs=1[1;0m
[ego_planner_node-2] [32miter(+1)=11,time(ms)=0.071,total_t(ms)=0.071,cost=0.007
[ego_planner_node-2] [0mtraj 1 success.
[ego_planner_node-2] plan_success=1
[ego_planner_node-2] total time:[42m0.000284828[0m,optimize:0.000280845,refine:3.983e-06,avg_time=0.00033241
[ego_planner_node-2] refine_success=1
[ego_planner_node-2] [SAFETY]: from EXEC_TRAJ to EXEC_TRAJ
[ego_planner_node-2] [47;30m
[ego_planner_node-2] [drone 0 replan 200]==============================================[0m
[ego_planner_node-2] [1;33mmulti-trajs=1[1;0m
[ego_planner_node-2] [32miter(+1)=14,time(ms)=0.057,total_t(ms)=0.057,cost=0.009
[ego_planner_node-2] [0mtraj 1 success.
[ego_planner_node-2] plan_success=1
[ego_planner_node-2] total time:[42m0.000215653[0m,optimize:0.000213001,refine:2.652e-06,avg_time=0.00033183
[ego_planner_node-2] refine_success=1
[ego_planner_node-2] [SAFETY]: from EXEC_TRAJ to EXEC_TRAJ
[ego_planner_node-2] [47;30m
[ego_planner_node-2] [drone 0 replan 201]==============================================[0m
[ego_planner_node-2] [1;33mmulti-trajs=1[1;0m
[ego_planner_node-2] [32miter(+1)=8,time(ms)=0.027,total_t(ms)=0.027,cost=0.003
[ego_planner_node-2] [0mtraj 1 success.
[ego_planner_node-2] plan_success=1
[ego_planner_node-2] total time:[42m0.000125308[0m,optimize:0.000123016,refine:2.292e-06,avg_time=0.000330807
[ego_planner_node-2] refine_success=1
[ego_planner_node-2] [SAFETY]: from EXEC_TRAJ to EXEC_TRAJ
[ego_planner_node-2] [47;30m
[ego_planner_node-2] [drone 0 replan 202]==============================================[0m
[ego_planner_node-2] [1;33mmulti-trajs=1[1;0m
[ego_planner_node-2] [32miter(+1)=9,time(ms)=0.017,total_t(ms)=0.018,cost=0.003
[ego_planner_node-2] [0mtraj 1 success.
[ego_planner_node-2] plan_success=1
[ego_planner_node-2] total time:[42m0.000100102[0m,optimize:9.843e-05,refine:1.672e-06,avg_time=0.000329671
[ego_planner_node-2] refine_success=1
[ego_planner_node-2] [SAFETY]: from EXEC_TRAJ to EXEC_TRAJ
[ego_planner_node-2] [47;30m
[ego_planner_node-2] [drone 0 replan 203]==============================================[0m
[ego_planner_node-2] [1;33mmulti-trajs=1[1;0m
[ego_planner_node-2] [32miter(+1)=8,time(ms)=0.032,total_t(ms)=0.033,cost=0.005
[ego_planner_node-2] [0mtraj 1 success.
[ego_planner_node-2] plan_success=1
[ego_planner_node-2] total time:[42m0.000136795[0m,optimize:0.000134524,refine:2.271e-06,avg_time=0.000328725
[ego_planner_node-2] refine_success=1
[ego_planner_node-2] [SAFETY]: from EXEC_TRAJ to EXEC_TRAJ
[ego_planner_node-2] [47;30m
[ego_planner_node-2] [drone 0 replan 204]==============================================[0m
[ego_planner_node-2] [1;33mmulti-trajs=1[1;0m
[ego_planner_node-2] [32miter(+1)=14,time(ms)=0.044,total_t(ms)=0.045,cost=0.004
[ego_planner_node-2] [0mtraj 1 success.
[ego_planner_node-2] plan_success=1
[ego_planner_node-2] total time:[42m0.000156466[0m,optimize:0.000154635,refine:1.831e-06,avg_time=0.000327885
[ego_planner_node-2] refine_success=1
[ego_planner_node-2] [SAFETY]: from EXEC_TRAJ to EXEC_TRAJ
[ego_planner_node-2] [FSM]: state: EXEC_TRAJ
[ego_planner_node-2] [47;30m
[ego_planner_node-2] [drone 0 replan 205]==============================================[0m
[ego_planner_node-2] [1;33mmulti-trajs=1[1;0m
[ego_planner_node-2] [32miter(+1)=11,time(ms)=0.036,total_t(ms)=0.037,cost=0.008
[ego_planner_node-2] [0mtraj 1 success.
[ego_planner_node-2] plan_success=1
[ego_planner_node-2] total time:[42m0.00069288[0m,optimize:0.000690474,refine:2.406e-06,avg_time=0.000329657
[ego_planner_node-2] refine_success=1
[ego_planner_node-2] [SAFETY]: from EXEC_TRAJ to EXEC_TRAJ
[ego_planner_node-2] [47;30m
[ego_planner_node-2] [drone 0 replan 206]==============================================[0m
[ego_planner_node-2] [1;33mmulti-trajs=1[1;0m
[ego_planner_node-2] [32miter(+1)=11,time(ms)=0.049,total_t(ms)=0.049,cost=0.013
[ego_planner_node-2] [0mtraj 1 success.
[ego_planner_node-2] plan_success=1
[ego_planner_node-2] total time:[42m0.000232394[0m,optimize:0.000229466,refine:2.928e-06,avg_time=0.000329187
[ego_planner_node-2] refine_success=1
[ego_planner_node-2] [SAFETY]: from EXEC_TRAJ to EXEC_TRAJ
[ego_planner_node-2] [47;30m
[ego_planner_node-2] [drone 0 replan 207]==============================================[0m
[ego_planner_node-2] [1;33mmulti-trajs=1[1;0m
[ego_planner_node-2] [32miter(+1)=9,time(ms)=0.033,total_t(ms)=0.033,cost=0.003
[ego_planner_node-2] [0mtraj 1 success.
[ego_planner_node-2] plan_success=1
[ego_planner_node-2] total time:[42m0.000142918[0m,optimize:0.00014061,refine:2.308e-06,avg_time=0.000328291
[ego_planner_node-2] refine_success=1
[ego_planner_node-2] [SAFETY]: from EXEC_TRAJ to EXEC_TRAJ
[ego_planner_node-2] [47;30m
[ego_planner_node-2] [drone 0 replan 208]==============================================[0m
[ego_planner_node-2] [1;33mmulti-trajs=1[1;0m
[ego_planner_node-2] [32miter(+1)=9,time(ms)=0.084,total_t(ms)=0.085,cost=0.003
[ego_planner_node-2] [0mtraj 1 success.
[ego_planner_node-2] plan_success=1
[ego_planner_node-2] total time:[42m0.000438387[0m,optimize:0.000432397,refine:5.99e-06,avg_time=0.000328818
[ego_planner_node-2] refine_success=1
[ego_planner_node-2] [SAFETY]: from EXEC_TRAJ to EXEC_TRAJ
[ego_planner_node-2] [47;30m
[ego_planner_node-2] [drone 0 replan 209]==============================================[0m
[ego_planner_node-2] [1;33mmulti-trajs=1[1;0m
[ego_planner_node-2] [32miter(+1)=9,time(ms)=0.094,total_t(ms)=0.096,cost=0.005
[ego_planner_node-2] [0mtraj 1 success.
[ego_planner_node-2] plan_success=1
[ego_planner_node-2] total time:[42m0.000473021[0m,optimize:0.000465947,refine:7.074e-06,avg_time=0.000329505
[ego_planner_node-2] refine_success=1
[ego_planner_node-2] [SAFETY]: from EXEC_TRAJ to EXEC_TRAJ
[ego_planner_node-2] [47;30m
[ego_planner_node-2] [drone 0 replan 210]==============================================[0m
[ego_planner_node-2] [1;33mmulti-trajs=1[1;0m
[ego_planner_node-2] [32miter(+1)=10,time(ms)=0.027,total_t(ms)=0.028,cost=0.006
[ego_planner_node-2] [0mtraj 1 success.
[ego_planner_node-2] plan_success=1
[ego_planner_node-2] total time:[42m0.000129318[0m,optimize:0.000127059,refine:2.259e-06,avg_time=0.000328556
[ego_planner_node-2] refine_success=1
[ego_planner_node-2] [SAFETY]: from EXEC_TRAJ to EXEC_TRAJ
[ego_planner_node-2] [47;30m
[ego_planner_node-2] [drone 0 replan 211]==============================================[0m
[ego_planner_node-2] [1;33mmulti-trajs=1[1;0m
[ego_planner_node-2] [32miter(+1)=11,time(ms)=0.109,total_t(ms)=0.110,cost=0.009
[ego_planner_node-2] [0mtraj 1 success.
[ego_planner_node-2] plan_success=1
[ego_planner_node-2] total time:[42m0.000439313[0m,optimize:0.000433308,refine:6.005e-06,avg_time=0.000329078
[ego_planner_node-2] refine_success=1
[ego_planner_node-2] [SAFETY]: from EXEC_TRAJ to EXEC_TRAJ
[ego_planner_node-2] [47;30m
[ego_planner_node-2] [drone 0 replan 212]==============================================[0m
[ego_planner_node-2] [1;33mmulti-trajs=1[1;0m
[ego_planner_node-2] [32miter(+1)=12,time(ms)=0.064,total_t(ms)=0.065,cost=0.013
[ego_planner_node-2] [0mtraj 1 success.
[ego_planner_node-2] plan_success=1
[ego_planner_node-2] total time:[42m0.000269726[0m,optimize:0.000266372,refine:3.354e-06,avg_time=0.0003288
[ego_planner_node-2] refine_success=1
[ego_planner_node-2] [SAFETY]: from EXEC_TRAJ to EXEC_TRAJ
[ego_planner_node-2] [47;30m
[ego_planner_node-2] [drone 0 replan 213]==============================================[0m
[ego_planner_node-2] [1;33mmulti-trajs=1[1;0m
[ego_planner_node-2] [32miter(+1)=9,time(ms)=0.094,total_t(ms)=0.095,cost=0.003
[ego_planner_node-2] [0mtraj 1 success.
[ego_planner_node-2] plan_success=1
[ego_planner_node-2] total time:[42m0.000388809[0m,optimize:0.000382715,refine:6.094e-06,avg_time=0.00032908
[ego_planner_node-2] refine_success=1
[ego_planner_node-2] [SAFETY]: from EXEC_TRAJ to EXEC_TRAJ
[ego_planner_node-2] [47;30m
[ego_planner_node-2] [drone 0 replan 214]==============================================[0m
[ego_planner_node-2] [1;33mmulti-trajs=1[1;0m
[ego_planner_node-2] [32miter(+1)=8,time(ms)=0.086,total_t(ms)=0.087,cost=0.004
[ego_planner_node-2] [0mtraj 1 success.
[ego_planner_node-2] plan_success=1
[ego_planner_node-2] total time:[42m0.000428574[0m,optimize:0.000422532,refine:6.042e-06,avg_time=0.000329543
[ego_planner_node-2] refine_success=1
[ego_planner_node-2] [SAFETY]: from EXEC_TRAJ to EXEC_TRAJ
[ego_planner_node-2] [47;30m
[ego_planner_node-2] [drone 0 replan 215]==============================================[0m
[ego_planner_node-2] [1;33mmulti-trajs=1[1;0m
[ego_planner_node-2] [32miter(+1)=9,time(ms)=0.048,total_t(ms)=0.049,cost=0.006
[ego_planner_node-2] [0mtraj 1 success.
[ego_planner_node-2] plan_success=1
[ego_planner_node-2] total time:[42m0.000225153[0m,optimize:0.000222133,refine:3.02e-06,avg_time=0.00032906
[ego_planner_node-2] refine_success=1
[ego_planner_node-2] [SAFETY]: from EXEC_TRAJ to EXEC_TRAJ
[ego_planner_node-2] [47;30m
[ego_planner_node-2] [drone 0 replan 216]==============================================[0m
[ego_planner_node-2] [1;33mmulti-trajs=1[1;0m
[ego_planner_node-2] [32miter(+1)=11,time(ms)=0.094,total_t(ms)=0.095,cost=0.007
[ego_planner_node-2] [0mtraj 1 success.
[ego_planner_node-2] plan_success=1
[ego_planner_node-2] total time:[42m0.000373729[0m,optimize:0.00036906,refine:4.669e-06,avg_time=0.000329266
[ego_planner_node-2] refine_success=1
[ego_planner_node-2] [SAFETY]: from EXEC_TRAJ to EXEC_TRAJ
[ego_planner_node-2] [47;30m
[ego_planner_node-2] [drone 0 replan 217]==============================================[0m
[ego_planner_node-2] [1;33mmulti-trajs=1[1;0m
[ego_planner_node-2] [32miter(+1)=11,time(ms)=0.105,total_t(ms)=0.106,cost=0.012
[ego_planner_node-2] [0mtraj 1 success.
[ego_planner_node-2] plan_success=1
[ego_planner_node-2] total time:[42m0.000469009[0m,optimize:0.00046279,refine:6.219e-06,avg_time=0.000329907
[ego_planner_node-2] refine_success=1
[ego_planner_node-2] [SAFETY]: from EXEC_TRAJ to EXEC_TRAJ
[ego_planner_node-2] [47;30m
[ego_planner_node-2] [drone 0 replan 218]==============================================[0m
[ego_planner_node-2] [1;33mmulti-trajs=1[1;0m
[ego_planner_node-2] [32miter(+1)=8,time(ms)=0.077,total_t(ms)=0.078,cost=0.003
[ego_planner_node-2] [0mtraj 1 success.
[ego_planner_node-2] plan_success=1
[ego_planner_node-2] total time:[42m0.00034709[0m,optimize:0.00034164,refine:5.45e-06,avg_time=0.000329985
[ego_planner_node-2] refine_success=1
[ego_planner_node-2] [SAFETY]: from EXEC_TRAJ to EXEC_TRAJ
[ego_planner_node-2] [47;30m
[ego_planner_node-2] [drone 0 replan 219]==============================================[0m
[ego_planner_node-2] [1;33mmulti-trajs=1[1;0m
[ego_planner_node-2] [32miter(+1)=9,time(ms)=0.057,total_t(ms)=0.058,cost=0.003
[ego_planner_node-2] [0mtraj 1 success.
[ego_planner_node-2] plan_success=1
[ego_planner_node-2] total time:[42m0.000279571[0m,optimize:0.000275418,refine:4.153e-06,avg_time=0.000329756
[ego_planner_node-2] refine_success=1
[ego_planner_node-2] [SAFETY]: from EXEC_TRAJ to EXEC_TRAJ
[ego_planner_node-2] [47;30m
[ego_planner_node-2] [drone 0 replan 220]==============================================[0m
[ego_planner_node-2] [1;33mmulti-trajs=1[1;0m
[ego_planner_node-2] [32miter(+1)=8,time(ms)=0.016,total_t(ms)=0.017,cost=0.005
[ego_planner_node-2] [0mtraj 1 success.
[ego_planner_node-2] plan_success=1
[ego_planner_node-2] total time:[42m0.000107207[0m,optimize:0.00010582,refine:1.387e-06,avg_time=0.000328749
[ego_planner_node-2] refine_success=1
[ego_planner_node-2] [SAFETY]: from EXEC_TRAJ to EXEC_TRAJ
[ego_planner_node-2] [47;30m
[ego_planner_node-2] [drone 0 replan 221]==============================================[0m
[ego_planner_node-2] [1;33mmulti-trajs=1[1;0m
[ego_planner_node-2] [32miter(+1)=9,time(ms)=0.026,total_t(ms)=0.027,cost=0.006
[ego_planner_node-2] [0mtraj 1 success.
[ego_planner_node-2] plan_success=1
[ego_planner_node-2] total time:[42m0.000116441[0m,optimize:0.000114416,refine:2.025e-06,avg_time=0.000327793
[ego_planner_node-2] refine_success=1
[ego_planner_node-2] [SAFETY]: from EXEC_TRAJ to EXEC_TRAJ
[ego_planner_node-2] [47;30m
[ego_planner_node-2] [drone 0 replan 222]==============================================[0m
[ego_planner_node-2] [1;33mmulti-trajs=1[1;0m
[ego_planner_node-2] [32miter(+1)=11,time(ms)=0.020,total_t(ms)=0.021,cost=0.008
[ego_planner_node-2] [0mtraj 1 success.
[ego_planner_node-2] plan_success=1
[ego_planner_node-2] total time:[42m9.0266e-05[0m,optimize:8.8932e-05,refine:1.334e-06,avg_time=0.000326727
[ego_planner_node-2] refine_success=1
[ego_planner_node-2] [SAFETY]: from EXEC_TRAJ to EXEC_TRAJ
[ego_planner_node-2] [47;30m
[ego_planner_node-2] [drone 0 replan 223]==============================================[0m
[ego_planner_node-2] [1;33mmulti-trajs=1[1;0m
[ego_planner_node-2] [32miter(+1)=11,time(ms)=0.039,total_t(ms)=0.039,cost=0.013
[ego_planner_node-2] [0mtraj 1 success.
[ego_planner_node-2] plan_success=1
[ego_planner_node-2] total time:[42m0.000162718[0m,optimize:0.000160508,refine:2.21e-06,avg_time=0.000325995
[ego_planner_node-2] refine_success=1
[ego_planner_node-2] [SAFETY]: from EXEC_TRAJ to EXEC_TRAJ
[ego_planner_node-2] [47;30m
[ego_planner_node-2] [drone 0 replan 224]==============================================[0m
[ego_planner_node-2] [1;33mmulti-trajs=1[1;0m
[ego_planner_node-2] [32miter(+1)=9,time(ms)=0.028,total_t(ms)=0.029,cost=0.003
[ego_planner_node-2] [0mtraj 1 success.
[ego_planner_node-2] plan_success=1
[ego_planner_node-2] total time:[42m0.000113685[0m,optimize:0.000111791,refine:1.894e-06,avg_time=0.000325052
[ego_planner_node-2] refine_success=1
[ego_planner_node-2] [SAFETY]: from EXEC_TRAJ to EXEC_TRAJ
[ego_planner_node-2] [47;30m
[ego_planner_node-2] [drone 0 replan 225]==============================================[0m
[ego_planner_node-2] [1;33mmulti-trajs=1[1;0m
[ego_planner_node-2] [32miter(+1)=8,time(ms)=0.017,total_t(ms)=0.017,cost=0.003
[ego_planner_node-2] [0mtraj 1 success.
[ego_planner_node-2] plan_success=1
[ego_planner_node-2] total time:[42m9.0172e-05[0m,optimize:8.8805e-05,refine:1.367e-06,avg_time=0.000324012
[ego_planner_node-2] refine_success=1
[ego_planner_node-2] [SAFETY]: from EXEC_TRAJ to EXEC_TRAJ
[ego_planner_node-2] [FSM]: state: EXEC_TRAJ
[ego_planner_node-2] [47;30m
[ego_planner_node-2] [drone 0 replan 226]==============================================[0m
[ego_planner_node-2] [1;33mmulti-trajs=1[1;0m
[ego_planner_node-2] [32miter(+1)=8,time(ms)=0.075,total_t(ms)=0.076,cost=0.005
[ego_planner_node-2] [0mtraj 1 success.
[ego_planner_node-2] plan_success=1
[ego_planner_node-2] total time:[42m0.000368897[0m,optimize:0.000363683,refine:5.214e-06,avg_time=0.00032421
[ego_planner_node-2] refine_success=1
[ego_planner_node-2] [SAFETY]: from EXEC_TRAJ to EXEC_TRAJ
[ego_planner_node-2] [47;30m
[ego_planner_node-2] [drone 0 replan 227]==============================================[0m
[ego_planner_node-2] [1;33mmulti-trajs=1[1;0m
[ego_planner_node-2] [32miter(+1)=9,time(ms)=0.050,total_t(ms)=0.050,cost=0.007
[ego_planner_node-2] [0mtraj 1 success.
[ego_planner_node-2] plan_success=1
[ego_planner_node-2] total time:[42m0.00024297[0m,optimize:0.000239338,refine:3.632e-06,avg_time=0.000323854
[ego_planner_node-2] refine_success=1
[ego_planner_node-2] [SAFETY]: from EXEC_TRAJ to EXEC_TRAJ
[ego_planner_node-2] [47;30m
[ego_planner_node-2] [drone 0 replan 228]==============================================[0m
[ego_planner_node-2] [1;33mmulti-trajs=1[1;0m
[ego_planner_node-2] [32miter(+1)=11,time(ms)=0.089,total_t(ms)=0.090,cost=0.009
[ego_planner_node-2] [0mtraj 1 success.
[ego_planner_node-2] plan_success=1
[ego_planner_node-2] total time:[42m0.000379914[0m,optimize:0.000375336,refine:4.578e-06,avg_time=0.000324099
[ego_planner_node-2] refine_success=1
[ego_planner_node-2] [SAFETY]: from EXEC_TRAJ to EXEC_TRAJ
[ego_planner_node-2] [47;30m
[ego_planner_node-2] [drone 0 replan 229]==============================================[0m
[ego_planner_node-2] [1;33mmulti-trajs=1[1;0m
[ego_planner_node-2] [32miter(+1)=12,time(ms)=0.157,total_t(ms)=0.158,cost=0.013
[ego_planner_node-2] [0mtraj 1 success.
[ego_planner_node-2] plan_success=1
[ego_planner_node-2] total time:[42m0.000634836[0m,optimize:0.000625774,refine:9.062e-06,avg_time=0.00032545
[ego_planner_node-2] refine_success=1
[ego_planner_node-2] [SAFETY]: from EXEC_TRAJ to EXEC_TRAJ
[ego_planner_node-2] [47;30m
[ego_planner_node-2] [drone 0 replan 230]==============================================[0m
[ego_planner_node-2] [1;33mmulti-trajs=1[1;0m
[ego_planner_node-2] [32miter(+1)=8,time(ms)=0.053,total_t(ms)=0.054,cost=0.003
[ego_planner_node-2] [0mtraj 1 success.
[ego_planner_node-2] plan_success=1
[ego_planner_node-2] total time:[42m0.000239623[0m,optimize:0.00023511,refine:4.513e-06,avg_time=0.000325078
[ego_planner_node-2] refine_success=1
[ego_planner_node-2] [SAFETY]: from EXEC_TRAJ to EXEC_TRAJ
[ego_planner_node-2] [47;30m
[ego_planner_node-2] [drone 0 replan 231]==============================================[0m
[ego_planner_node-2] [1;33mmulti-trajs=1[1;0m
[ego_planner_node-2] [32miter(+1)=8,time(ms)=0.114,total_t(ms)=0.115,cost=0.004
[ego_planner_node-2] [0mtraj 1 success.
[ego_planner_node-2] plan_success=1
[ego_planner_node-2] total time:[42m0.000542244[0m,optimize:0.000533383,refine:8.861e-06,avg_time=0.000326014
[ego_planner_node-2] refine_success=1
[ego_planner_node-2] [SAFETY]: from EXEC_TRAJ to EXEC_TRAJ
[ego_planner_node-2] [47;30m
[ego_planner_node-2] [drone 0 replan 232]==============================================[0m
[ego_planner_node-2] [1;33mmulti-trajs=1[1;0m
[ego_planner_node-2] [32miter(+1)=8,time(ms)=0.044,total_t(ms)=0.045,cost=0.006
[ego_planner_node-2] [0mtraj 1 success.
[ego_planner_node-2] plan_success=1
[ego_planner_node-2] total time:[42m0.000218479[0m,optimize:0.000215183,refine:3.296e-06,avg_time=0.000325553
[ego_planner_node-2] refine_success=1
[ego_planner_node-2] [SAFETY]: from EXEC_TRAJ to EXEC_TRAJ
[ego_planner_node-2] [47;30m
[ego_planner_node-2] [drone 0 replan 233]==============================================[0m
[ego_planner_node-2] [1;33mmulti-trajs=1[1;0m
[ego_planner_node-2] [32miter(+1)=9,time(ms)=0.066,total_t(ms)=0.068,cost=0.008
[ego_planner_node-2] [0mtraj 1 success.
[ego_planner_node-2] plan_success=1
[ego_planner_node-2] total time:[42m0.000343613[0m,optimize:0.000338948,refine:4.665e-06,avg_time=0.00032563
[ego_planner_node-2] refine_success=1
[ego_planner_node-2] [SAFETY]: from EXEC_TRAJ to EXEC_TRAJ
[ego_planner_node-2] [47;30m
[ego_planner_node-2] [drone 0 replan 234]==============================================[0m
[ego_planner_node-2] [1;33mmulti-trajs=1[1;0m
[ego_planner_node-2] [32miter(+1)=11,time(ms)=0.113,total_t(ms)=0.115,cost=0.010
[ego_planner_node-2] [0mtraj 1 success.
[ego_planner_node-2] plan_success=1
[ego_planner_node-2] total time:[42m0.000463671[0m,optimize:0.000457951,refine:5.72e-06,avg_time=0.000326217
[ego_planner_node-2] refine_success=1
[ego_planner_node-2] [SAFETY]: from EXEC_TRAJ to EXEC_TRAJ
[ego_planner_node-2] [47;30m
[ego_planner_node-2] [drone 0 replan 235]==============================================[0m
[ego_planner_node-2] [1;33mmulti-trajs=1[1;0m
[ego_planner_node-2] [32miter(+1)=12,time(ms)=0.065,total_t(ms)=0.065,cost=0.014
[ego_planner_node-2] [0mtraj 1 success.
[ego_planner_node-2] plan_success=1
[ego_planner_node-2] total time:[42m0.000262879[0m,optimize:0.000259132,refine:3.747e-06,avg_time=0.000325949
[ego_planner_node-2] refine_success=1
[ego_planner_node-2] [SAFETY]: from EXEC_TRAJ to EXEC_TRAJ
[ego_planner_node-2] [47;30m
[ego_planner_node-2] [drone 0 replan 236]==============================================[0m
[ego_planner_node-2] [1;33mmulti-trajs=1[1;0m
[ego_planner_node-2] [32miter(+1)=8,time(ms)=0.087,total_t(ms)=0.088,cost=0.003
[ego_planner_node-2] [0mtraj 1 success.
[ego_planner_node-2] plan_success=1
[ego_planner_node-2] total time:[42m0.000392627[0m,optimize:0.000386177,refine:6.45e-06,avg_time=0.00032623
[ego_planner_node-2] refine_success=1
[ego_planner_node-2] [SAFETY]: from EXEC_TRAJ to EXEC_TRAJ
[ego_planner_node-2] [47;30m
[ego_planner_node-2] [drone 0 replan 237]==============================================[0m
[ego_planner_node-2] [1;33mmulti-trajs=1[1;0m
[ego_planner_node-2] [32miter(+1)=8,time(ms)=0.066,total_t(ms)=0.067,cost=0.004
[ego_planner_node-2] [0mtraj 1 success.
[ego_planner_node-2] plan_success=1
[ego_planner_node-2] total time:[42m0.000345769[0m,optimize:0.000340768,refine:5.001e-06,avg_time=0.000326312
[ego_planner_node-2] refine_success=1
[ego_planner_node-2] [SAFETY]: from EXEC_TRAJ to EXEC_TRAJ
[ego_planner_node-2] [47;30m
[ego_planner_node-2] [drone 0 replan 238]==============================================[0m
[ego_planner_node-2] [1;33mmulti-trajs=1[1;0m
[ego_planner_node-2] [32miter(+1)=8,time(ms)=0.074,total_t(ms)=0.076,cost=0.007
[ego_planner_node-2] [0mtraj 1 success.
[ego_planner_node-2] plan_success=1
[ego_planner_node-2] total time:[42m0.000379952[0m,optimize:0.000374076,refine:5.876e-06,avg_time=0.000326537
[ego_planner_node-2] refine_success=1
[ego_planner_node-2] [SAFETY]: from EXEC_TRAJ to EXEC_TRAJ
[ego_planner_node-2] [47;30m
[ego_planner_node-2] [drone 0 replan 239]==============================================[0m
[ego_planner_node-2] [1;33mmulti-trajs=1[1;0m
[ego_planner_node-2] [32miter(+1)=11,time(ms)=0.022,total_t(ms)=0.022,cost=0.007
[ego_planner_node-2] [0mtraj 1 success.
[ego_planner_node-2] plan_success=1
[ego_planner_node-2] total time:[42m0.00010111[0m,optimize:9.9636e-05,refine:1.474e-06,avg_time=0.000325597
[ego_planner_node-2] refine_success=1
[ego_planner_node-2] [SAFETY]: from EXEC_TRAJ to EXEC_TRAJ
[ego_planner_node-2] [47;30m
[ego_planner_node-2] [drone 0 replan 240]==============================================[0m
[ego_planner_node-2] [1;33mmulti-trajs=1[1;0m
[ego_planner_node-2] [32miter(+1)=11,time(ms)=0.020,total_t(ms)=0.021,cost=0.013
[ego_planner_node-2] [0mtraj 1 success.
[ego_planner_node-2] plan_success=1
[ego_planner_node-2] total time:[42m0.00010023[0m,optimize:9.882e-05,refine:1.41e-06,avg_time=0.000324662
[ego_planner_node-2] refine_success=1
[ego_planner_node-2] [SAFETY]: from EXEC_TRAJ to EXEC_TRAJ
[ego_planner_node-2] [47;30m
[ego_planner_node-2] [drone 0 replan 241]==============================================[0m
[ego_planner_node-2] [1;33mmulti-trajs=1[1;0m
[ego_planner_node-2] [32miter(+1)=8,time(ms)=0.017,total_t(ms)=0.017,cost=0.003
[ego_planner_node-2] [0mtraj 1 success.
[ego_planner_node-2] plan_success=1
[ego_planner_node-2] total time:[42m7.9052e-05[0m,optimize:7.7317e-05,refine:1.735e-06,avg_time=0.000323647
[ego_planner_node-2] refine_success=1
[ego_planner_node-2] [SAFETY]: from EXEC_TRAJ to EXEC_TRAJ
[ego_planner_node-2] [47;30m
[ego_planner_node-2] [drone 0 replan 242]==============================================[0m
[ego_planner_node-2] [1;33mmulti-trajs=1[1;0m
[ego_planner_node-2] [32miter(+1)=8,time(ms)=0.029,total_t(ms)=0.030,cost=0.003
[ego_planner_node-2] [0mtraj 1 success.
[ego_planner_node-2] plan_success=1
[ego_planner_node-2] total time:[42m0.000140125[0m,optimize:0.000138139,refine:1.986e-06,avg_time=0.000322892
[ego_planner_node-2] refine_success=1
[ego_planner_node-2] [SAFETY]: from EXEC_TRAJ to EXEC_TRAJ
[ego_planner_node-2] [47;30m
[ego_planner_node-2] [drone 0 replan 243]==============================================[0m
[ego_planner_node-2] [1;33mmulti-trajs=1[1;0m
[ego_planner_node-2] [32miter(+1)=8,time(ms)=0.026,total_t(ms)=0.027,cost=0.005
[ego_planner_node-2] [0mtraj 1 success.
[ego_planner_node-2] plan_success=1
[ego_planner_node-2] total time:[42m0.000151522[0m,optimize:0.000149052,refine:2.47e-06,avg_time=0.00032219
[ego_planner_node-2] refine_success=1
[ego_planner_node-2] [SAFETY]: from EXEC_TRAJ to EXEC_TRAJ
[ego_planner_node-2] [47;30m
[ego_planner_node-2] [drone 0 replan 244]==============================================[0m
[ego_planner_node-2] [1;33mmulti-trajs=1[1;0m
[ego_planner_node-2] [32miter(+1)=8,time(ms)=0.025,total_t(ms)=0.025,cost=0.008
[ego_planner_node-2] [0mtraj 1 success.
[ego_planner_node-2] plan_success=1
[ego_planner_node-2] total time:[42m0.000129068[0m,optimize:0.000127205,refine:1.863e-06,avg_time=0.000321401
[ego_planner_node-2] refine_success=1
[ego_planner_node-2] [SAFETY]: from EXEC_TRAJ to EXEC_TRAJ
[ego_planner_node-2] [47;30m
[ego_planner_node-2] [drone 0 replan 245]==============================================[0m
[ego_planner_node-2] [1;33mmulti-trajs=1[1;0m
[ego_planner_node-2] [32miter(+1)=11,time(ms)=0.055,total_t(ms)=0.056,cost=0.009
[ego_planner_node-2] [0mtraj 1 success.
[ego_planner_node-2] plan_success=1
[ego_planner_node-2] total time:[42m0.000357551[0m,optimize:0.000354502,refine:3.049e-06,avg_time=0.000321548
[ego_planner_node-2] refine_success=1
[ego_planner_node-2] [SAFETY]: from EXEC_TRAJ to EXEC_TRAJ
[ego_planner_node-2] [FSM]: state: EXEC_TRAJ
[ego_planner_node-2] [47;30m
[ego_planner_node-2] [drone 0 replan 246]==============================================[0m
[ego_planner_node-2] [1;33mmulti-trajs=1[1;0m
[ego_planner_node-2] [32miter(+1)=9,time(ms)=0.093,total_t(ms)=0.095,cost=0.016
[ego_planner_node-2] [0mtraj 1 success.
[ego_planner_node-2] plan_success=1
[ego_planner_node-2] total time:[42m0.000488273[0m,optimize:0.000480875,refine:7.398e-06,avg_time=0.000322223
[ego_planner_node-2] refine_success=1
[ego_planner_node-2] [SAFETY]: from EXEC_TRAJ to EXEC_TRAJ
[ego_planner_node-2] [47;30m
[ego_planner_node-2] [drone 0 replan 247]==============================================[0m
[ego_planner_node-2] [1;33mmulti-trajs=1[1;0m
[ego_planner_node-2] [32miter(+1)=8,time(ms)=0.076,total_t(ms)=0.077,cost=0.003
[ego_planner_node-2] [0mtraj 1 success.
[ego_planner_node-2] plan_success=1
[ego_planner_node-2] total time:[42m0.000339266[0m,optimize:0.00033398,refine:5.286e-06,avg_time=0.000322292
[ego_planner_node-2] refine_success=1
[ego_planner_node-2] [SAFETY]: from EXEC_TRAJ to EXEC_TRAJ
[ego_planner_node-2] [47;30m
[ego_planner_node-2] [drone 0 replan 248]==============================================[0m
[ego_planner_node-2] [1;33mmulti-trajs=1[1;0m
[ego_planner_node-2] [32miter(+1)=8,time(ms)=0.067,total_t(ms)=0.068,cost=0.004
[ego_planner_node-2] [0mtraj 1 success.
[ego_planner_node-2] plan_success=1
[ego_planner_node-2] total time:[42m0.000346733[0m,optimize:0.000342065,refine:4.668e-06,avg_time=0.00032239
[ego_planner_node-2] refine_success=1
[ego_planner_node-2] [SAFETY]: from EXEC_TRAJ to EXEC_TRAJ
[ego_planner_node-2] [47;30m
[ego_planner_node-2] [drone 0 replan 249]==============================================[0m
[ego_planner_node-2] [1;33mmulti-trajs=1[1;0m
[ego_planner_node-2] [32miter(+1)=8,time(ms)=0.076,total_t(ms)=0.077,cost=0.006
[ego_planner_node-2] [0mtraj 1 success.
[ego_planner_node-2] plan_success=1
[ego_planner_node-2] total time:[42m0.000408965[0m,optimize:0.000402498,refine:6.467e-06,avg_time=0.000322737
[ego_planner_node-2] refine_success=1
[ego_planner_node-2] [SAFETY]: from EXEC_TRAJ to EXEC_TRAJ
[ego_planner_node-2] [47;30m
[ego_planner_node-2] [drone 0 replan 250]==============================================[0m
[ego_planner_node-2] [1;33mmulti-trajs=1[1;0m
[ego_planner_node-2] [32miter(+1)=8,time(ms)=0.070,total_t(ms)=0.071,cost=0.009
[ego_planner_node-2] [0mtraj 1 success.
[ego_planner_node-2] plan_success=1
[ego_planner_node-2] total time:[42m0.0003759[0m,optimize:0.000371001,refine:4.899e-06,avg_time=0.000322948
[ego_planner_node-2] refine_success=1
[ego_planner_node-2] [SAFETY]: from EXEC_TRAJ to EXEC_TRAJ
[ego_planner_node-2] [47;30m
[ego_planner_node-2] [drone 0 replan 251]==============================================[0m
[ego_planner_node-2] [1;33mmulti-trajs=1[1;0m
[ego_planner_node-2] [32miter(+1)=11,time(ms)=0.100,total_t(ms)=0.102,cost=0.010
[ego_planner_node-2] [0mtraj 1 success.
[ego_planner_node-2] plan_success=1
[ego_planner_node-2] total time:[42m0.000442627[0m,optimize:0.000436437,refine:6.19e-06,avg_time=0.000323423
[ego_planner_node-2] refine_success=1
[ego_planner_node-2] [SAFETY]: from EXEC_TRAJ to EXEC_TRAJ
[ego_planner_node-2] [47;30m
[ego_planner_node-2] [drone 0 replan 252]==============================================[0m
[ego_planner_node-2] [1;33mmulti-trajs=1[1;0m
[ego_planner_node-2] [32miter(+1)=9,time(ms)=0.066,total_t(ms)=0.067,cost=0.018
[ego_planner_node-2] [0mtraj 1 success.
[ego_planner_node-2] plan_success=1
[ego_planner_node-2] total time:[42m0.000332112[0m,optimize:0.000327705,refine:4.407e-06,avg_time=0.000323458
[ego_planner_node-2] refine_success=1
[ego_planner_node-2] [SAFETY]: from EXEC_TRAJ to EXEC_TRAJ
[ego_planner_node-2] [47;30m
[ego_planner_node-2] [drone 0 replan 253]==============================================[0m
[ego_planner_node-2] [1;33mmulti-trajs=1[1;0m
[ego_planner_node-2] [32miter(+1)=8,time(ms)=0.104,total_t(ms)=0.105,cost=0.003
[ego_planner_node-2] [0mtraj 1 success.
[ego_planner_node-2] plan_success=1
[ego_planner_node-2] total time:[42m0.00091409[0m,optimize:0.000888145,refine:2.5945e-05,avg_time=0.000325783
[ego_planner_node-2] refine_success=1
[ego_planner_node-2] [SAFETY]: from EXEC_TRAJ to EXEC_TRAJ
[ego_planner_node-2] [47;30m
[ego_planner_node-2] [drone 0 replan 254]==============================================[0m
[ego_planner_node-2] [1;33mmulti-trajs=1[1;0m
[ego_planner_node-2] [32miter(+1)=8,time(ms)=0.066,total_t(ms)=0.067,cost=0.004
[ego_planner_node-2] [0mtraj 1 success.
[ego_planner_node-2] plan_success=1
[ego_planner_node-2] total time:[42m0.000353438[0m,optimize:0.000348244,refine:5.194e-06,avg_time=0.000325891
[ego_planner_node-2] refine_success=1
[ego_planner_node-2] [SAFETY]: from EXEC_TRAJ to EXEC_TRAJ
[ego_planner_node-2] [47;30m
[ego_planner_node-2] [drone 0 replan 255]==============================================[0m
[ego_planner_node-2] [1;33mmulti-trajs=1[1;0m
[ego_planner_node-2] [32miter(+1)=8,time(ms)=0.044,total_t(ms)=0.045,cost=0.007
[ego_planner_node-2] [0mtraj 1 success.
[ego_planner_node-2] plan_success=1
[ego_planner_node-2] total time:[42m0.000247388[0m,optimize:0.000243921,refine:3.467e-06,avg_time=0.000325585
[ego_planner_node-2] refine_success=1
[ego_planner_node-2] [SAFETY]: from EXEC_TRAJ to EXEC_TRAJ
[ego_planner_node-2] [47;30m
[ego_planner_node-2] [drone 0 replan 256]==============================================[0m
[ego_planner_node-2] [1;33mmulti-trajs=1[1;0m
[ego_planner_node-2] [32miter(+1)=8,time(ms)=0.111,total_t(ms)=0.113,cost=0.010
[ego_planner_node-2] [0mtraj 1 success.
[ego_planner_node-2] plan_success=1
[ego_planner_node-2] total time:[42m0.0005805[0m,optimize:0.00057147,refine:9.03e-06,avg_time=0.000326577
[ego_planner_node-2] refine_success=1
[ego_planner_node-2] [SAFETY]: from EXEC_TRAJ to EXEC_TRAJ
[ego_planner_node-2] [47;30m
[ego_planner_node-2] [drone 0 replan 257]==============================================[0m
[ego_planner_node-2] [1;33mmulti-trajs=1[1;0m
[ego_planner_node-2] [32miter(+1)=8,time(ms)=0.049,total_t(ms)=0.050,cost=0.016
[ego_planner_node-2] [0mtraj 1 success.
[ego_planner_node-2] plan_success=1
[ego_planner_node-2] total time:[42m0.000280959[0m,optimize:0.000277214,refine:3.745e-06,avg_time=0.0003264
[ego_planner_node-2] refine_success=1
[ego_planner_node-2] [SAFETY]: from EXEC_TRAJ to EXEC_TRAJ
[ego_planner_node-2] [47;30m
[ego_planner_node-2] [drone 0 replan 258]==============================================[0m
[ego_planner_node-2] [1;33mmulti-trajs=1[1;0m
[ego_planner_node-2] [32miter(+1)=8,time(ms)=0.045,total_t(ms)=0.046,cost=0.003
[ego_planner_node-2] [0mtraj 1 success.
[ego_planner_node-2] plan_success=1
[ego_planner_node-2] total time:[42m0.000221961[0m,optimize:0.000218823,refine:3.138e-06,avg_time=0.000325997
[ego_planner_node-2] refine_success=1
[ego_planner_node-2] [SAFETY]: from EXEC_TRAJ to EXEC_TRAJ
[ego_planner_node-2] [47;30m
[ego_planner_node-2] [drone 0 replan 259]==============================================[0m
[ego_planner_node-2] [1;33mmulti-trajs=1[1;0m
[ego_planner_node-2] [32miter(+1)=8,time(ms)=0.029,total_t(ms)=0.029,cost=0.003
[ego_planner_node-2] [0mtraj 1 success.
[ego_planner_node-2] plan_success=1
[ego_planner_node-2] total time:[42m0.000150977[0m,optimize:0.000148699,refine:2.278e-06,avg_time=0.000325323
[ego_planner_node-2] refine_success=1
[ego_planner_node-2] [SAFETY]: from EXEC_TRAJ to EXEC_TRAJ
[ego_planner_node-2] [47;30m
[ego_planner_node-2] [drone 0 replan 260]==============================================[0m
[ego_planner_node-2] [1;33mmulti-trajs=1[1;0m
[ego_planner_node-2] [32miter(+1)=8,time(ms)=0.035,total_t(ms)=0.036,cost=0.005
[ego_planner_node-2] [0mtraj 1 success.
[ego_planner_node-2] plan_success=1
[ego_planner_node-2] total time:[42m0.000169986[0m,optimize:0.000167533,refine:2.453e-06,avg_time=0.000324728
[ego_planner_node-2] refine_success=1
[ego_planner_node-2] [SAFETY]: from EXEC_TRAJ to EXEC_TRAJ
[ego_planner_node-2] [47;30m
[ego_planner_node-2] [drone 0 replan 261]==============================================[0m
[ego_planner_node-2] [1;33mmulti-trajs=1[1;0m
[ego_planner_node-2] [32miter(+1)=8,time(ms)=0.056,total_t(ms)=0.056,cost=0.008
[ego_planner_node-2] [0mtraj 1 success.
[ego_planner_node-2] plan_success=1
[ego_planner_node-2] total time:[42m0.000278689[0m,optimize:0.000274723,refine:3.966e-06,avg_time=0.000324553
[ego_planner_node-2] refine_success=1
[ego_planner_node-2] [SAFETY]: from EXEC_TRAJ to EXEC_TRAJ
[ego_planner_node-2] [47;30m
[ego_planner_node-2] [drone 0 replan 262]==============================================[0m
[ego_planner_node-2] [1;33mmulti-trajs=1[1;0m
[ego_planner_node-2] [32miter(+1)=8,time(ms)=0.052,total_t(ms)=0.053,cost=0.011
[ego_planner_node-2] [0mtraj 1 success.
[ego_planner_node-2] plan_success=1
[ego_planner_node-2] total time:[42m0.000264495[0m,optimize:0.000260379,refine:4.116e-06,avg_time=0.000324324
[ego_planner_node-2] refine_success=1
[ego_planner_node-2] [SAFETY]: from EXEC_TRAJ to EXEC_TRAJ
[ego_planner_node-2] [47;30m
[ego_planner_node-2] [drone 0 replan 263]==============================================[0m
[ego_planner_node-2] [1;33mmulti-trajs=1[1;0m
[ego_planner_node-2] [32miter(+1)=8,time(ms)=0.079,total_t(ms)=0.080,cost=0.017
[ego_planner_node-2] [0mtraj 1 success.
[ego_planner_node-2] plan_success=1
[ego_planner_node-2] total time:[42m0.00046147[0m,optimize:0.000455483,refine:5.987e-06,avg_time=0.000324844
[ego_planner_node-2] refine_success=1
[ego_planner_node-2] [SAFETY]: from EXEC_TRAJ to EXEC_TRAJ
[ego_planner_node-2] [47;30m
[ego_planner_node-2] [drone 0 replan 264]==============================================[0m
[ego_planner_node-2] [1;33mmulti-trajs=1[1;0m
[ego_planner_node-2] [32miter(+1)=8,time(ms)=0.088,total_t(ms)=0.089,cost=0.003
[ego_planner_node-2] [0mtraj 1 success.
[ego_planner_node-2] plan_success=1
[ego_planner_node-2] total time:[42m0.00038654[0m,optimize:0.000380588,refine:5.952e-06,avg_time=0.000325077
[ego_planner_node-2] refine_success=1
[ego_planner_node-2] [SAFETY]: from EXEC_TRAJ to EXEC_TRAJ
[ego_planner_node-2] [47;30m
[ego_planner_node-2] [drone 0 replan 265]==============================================[0m
[ego_planner_node-2] [1;33mmulti-trajs=1[1;0m
[ego_planner_node-2] [32miter(+1)=8,time(ms)=0.048,total_t(ms)=0.048,cost=0.004
[ego_planner_node-2] [0mtraj 1 success.
[ego_planner_node-2] plan_success=1
[ego_planner_node-2] total time:[42m0.000268143[0m,optimize:0.000264127,refine:4.016e-06,avg_time=0.000324863
[ego_planner_node-2] refine_success=1
[ego_planner_node-2] [SAFETY]: from EXEC_TRAJ to EXEC_TRAJ
[ego_planner_node-2] [47;30m
[ego_planner_node-2] [drone 0 replan 266]==============================================[0m
[ego_planner_node-2] [1;33mmulti-trajs=1[1;0m
[ego_planner_node-2] [32miter(+1)=8,time(ms)=0.082,total_t(ms)=0.083,cost=0.006
[ego_planner_node-2] [0mtraj 1 success.
[ego_planner_node-2] plan_success=1
[ego_planner_node-2] total time:[42m0.000422769[0m,optimize:0.000416633,refine:6.136e-06,avg_time=0.000325229
[ego_planner_node-2] refine_success=1
[ego_planner_node-2] [SAFETY]: from EXEC_TRAJ to EXEC_TRAJ
[ego_planner_node-2] [FSM]: state: EXEC_TRAJ
[ego_planner_node-2] [47;30m
[ego_planner_node-2] [drone 0 replan 267]==============================================[0m
[ego_planner_node-2] [1;33mmulti-trajs=1[1;0m
[ego_planner_node-2] [32miter(+1)=8,time(ms)=0.092,total_t(ms)=0.093,cost=0.009
[ego_planner_node-2] [0mtraj 1 success.
[ego_planner_node-2] plan_success=1
[ego_planner_node-2] total time:[42m0.000480326[0m,optimize:0.000472935,refine:7.391e-06,avg_time=0.000325808
[ego_planner_node-2] refine_success=1
[ego_planner_node-2] [SAFETY]: from EXEC_TRAJ to EXEC_TRAJ
[ego_planner_node-2] [47;30m
[ego_planner_node-2] [drone 0 replan 268]==============================================[0m
[ego_planner_node-2] [1;33mmulti-trajs=1[1;0m
[ego_planner_node-2] [32miter(+1)=8,time(ms)=0.084,total_t(ms)=0.086,cost=0.013
[ego_planner_node-2] [0mtraj 1 success.
[ego_planner_node-2] plan_success=1
[ego_planner_node-2] total time:[42m0.000442918[0m,optimize:0.000436365,refine:6.553e-06,avg_time=0.000326243
[ego_planner_node-2] refine_success=1
[ego_planner_node-2] [SAFETY]: from EXEC_TRAJ to EXEC_TRAJ
[ego_planner_node-2] [47;30m
[ego_planner_node-2] [drone 0 replan 269]==============================================[0m
[ego_planner_node-2] [1;33mmulti-trajs=1[1;0m
[ego_planner_node-2] [32miter(+1)=10,time(ms)=0.107,total_t(ms)=0.108,cost=0.016
[ego_planner_node-2] [0mtraj 1 success.
[ego_planner_node-2] plan_success=1
[ego_planner_node-2] total time:[42m0.000548318[0m,optimize:0.00054213,refine:6.188e-06,avg_time=0.000327066
[ego_planner_node-2] refine_success=1
[ego_planner_node-2] [SAFETY]: from EXEC_TRAJ to EXEC_TRAJ
[ego_planner_node-2] [47;30m
[ego_planner_node-2] [drone 0 replan 270]==============================================[0m
[ego_planner_node-2] [1;33mmulti-trajs=1[1;0m
[ego_planner_node-2] [32miter(+1)=8,time(ms)=0.050,total_t(ms)=0.050,cost=0.003
[ego_planner_node-2] [0mtraj 1 success.
[ego_planner_node-2] plan_success=1
[ego_planner_node-2] total time:[42m0.000232154[0m,optimize:0.000228478,refine:3.676e-06,avg_time=0.000326716
[ego_planner_node-2] refine_success=1
[ego_planner_node-2] [SAFETY]: from EXEC_TRAJ to EXEC_TRAJ
[ego_planner_node-2] [47;30m
[ego_planner_node-2] [drone 0 replan 271]==============================================[0m
[ego_planner_node-2] [1;33mmulti-trajs=1[1;0m
[ego_planner_node-2] [32miter(+1)=6,time(ms)=0.079,total_t(ms)=0.080,cost=0.005
[ego_planner_node-2] [0mtraj 1 success.
[ego_planner_node-2] plan_success=1
[ego_planner_node-2] total time:[42m0.000461243[0m,optimize:0.000454369,refine:6.874e-06,avg_time=0.00032721
[ego_planner_node-2] refine_success=1
[ego_planner_node-2] [SAFETY]: from EXEC_TRAJ to EXEC_TRAJ
[ego_planner_node-2] [47;30m
[ego_planner_node-2] [drone 0 replan 272]==============================================[0m
[ego_planner_node-2] [1;33mmulti-trajs=1[1;0m
[ego_planner_node-2] [32miter(+1)=8,time(ms)=0.077,total_t(ms)=0.078,cost=0.007
[ego_planner_node-2] [0mtraj 1 success.
[ego_planner_node-2] plan_success=1
[ego_planner_node-2] total time:[42m0.000372495[0m,optimize:0.000367284,refine:5.211e-06,avg_time=0.000327376
[ego_planner_node-2] refine_success=1
[ego_planner_node-2] [SAFETY]: from EXEC_TRAJ to EXEC_TRAJ
[ego_planner_node-2] [47;30m
[ego_planner_node-2] [drone 0 replan 273]==============================================[0m
[ego_planner_node-2] [1;33mmulti-trajs=1[1;0m
[ego_planner_node-2] [32miter(+1)=8,time(ms)=0.035,total_t(ms)=0.036,cost=0.010
[ego_planner_node-2] [0mtraj 1 success.
[ego_planner_node-2] plan_success=1
[ego_planner_node-2] total time:[42m0.000205739[0m,optimize:0.000202847,refine:2.892e-06,avg_time=0.000326932
[ego_planner_node-2] refine_success=1
[ego_planner_node-2] [SAFETY]: from EXEC_TRAJ to EXEC_TRAJ
[ego_planner_node-2] [47;30m
[ego_planner_node-2] [drone 0 replan 274]==============================================[0m
[ego_planner_node-2] [1;33mmulti-trajs=1[1;0m
[ego_planner_node-2] [32miter(+1)=9,time(ms)=0.019,total_t(ms)=0.019,cost=0.015
[ego_planner_node-2] [0mtraj 1 success.
[ego_planner_node-2] plan_success=1
[ego_planner_node-2] total time:[42m0.000103646[0m,optimize:0.000102261,refine:1.385e-06,avg_time=0.00032612
[ego_planner_node-2] refine_success=1
[ego_planner_node-2] [SAFETY]: from EXEC_TRAJ to EXEC_TRAJ
[ego_planner_node-2] [47;30m
[ego_planner_node-2] [drone 0 replan 275]==============================================[0m
[ego_planner_node-2] [1;33mmulti-trajs=1[1;0m
[ego_planner_node-2] [32miter(+1)=5,time(ms)=0.026,total_t(ms)=0.027,cost=0.005
[ego_planner_node-2] [0mtraj 1 success.
[ego_planner_node-2] plan_success=1
[ego_planner_node-2] total time:[42m0.000186746[0m,optimize:0.00018296,refine:3.786e-06,avg_time=0.000325615
[ego_planner_node-2] refine_success=1
[ego_planner_node-2] [SAFETY]: from EXEC_TRAJ to EXEC_TRAJ
[ego_planner_node-2] [47;30m
[ego_planner_node-2] [drone 0 replan 276]==============================================[0m
[ego_planner_node-2] [1;33mmulti-trajs=1[1;0m
[ego_planner_node-2] [32miter(+1)=6,time(ms)=0.077,total_t(ms)=0.078,cost=0.004
[ego_planner_node-2] [0mtraj 1 success.
[ego_planner_node-2] plan_success=1
[ego_planner_node-2] total time:[42m0.00047655[0m,optimize:0.000470193,refine:6.357e-06,avg_time=0.00032616
[ego_planner_node-2] refine_success=1
[ego_planner_node-2] [SAFETY]: from EXEC_TRAJ to EXEC_TRAJ
[ego_planner_node-2] [47;30m
[ego_planner_node-2] [drone 0 replan 277]==============================================[0m
[ego_planner_node-2] [1;33mmulti-trajs=1[1;0m
[ego_planner_node-2] [32miter(+1)=6,time(ms)=0.049,total_t(ms)=0.050,cost=0.007
[ego_planner_node-2] [0mtraj 1 success.
[ego_planner_node-2] plan_success=1
[ego_planner_node-2] total time:[42m0.000317674[0m,optimize:0.000312873,refine:4.801e-06,avg_time=0.00032613
[ego_planner_node-2] refine_success=1
[ego_planner_node-2] [SAFETY]: from EXEC_TRAJ to EXEC_TRAJ
[ego_planner_node-2] [47;30m
[ego_planner_node-2] [drone 0 replan 278]==============================================[0m
[ego_planner_node-2] [1;33mmulti-trajs=1[1;0m
[ego_planner_node-2] [32miter(+1)=8,time(ms)=0.106,total_t(ms)=0.108,cost=0.008
[ego_planner_node-2] [0mtraj 1 success.
[ego_planner_node-2] plan_success=1
[ego_planner_node-2] total time:[42m0.000560871[0m,optimize:0.000552624,refine:8.247e-06,avg_time=0.000326971
[ego_planner_node-2] refine_success=1
[ego_planner_node-2] [SAFETY]: from EXEC_TRAJ to EXEC_TRAJ
[ego_planner_node-2] [47;30m
[ego_planner_node-2] [drone 0 replan 279]==============================================[0m
[ego_planner_node-2] [1;33mmulti-trajs=1[1;0m
[ego_planner_node-2] [32miter(+1)=8,time(ms)=0.071,total_t(ms)=0.072,cost=0.011
[ego_planner_node-2] [0mtraj 1 success.
[ego_planner_node-2] plan_success=1
[ego_planner_node-2] total time:[42m0.000334333[0m,optimize:0.000329403,refine:4.93e-06,avg_time=0.000326997
[ego_planner_node-2] refine_success=1
[ego_planner_node-2] [SAFETY]: from EXEC_TRAJ to EXEC_TRAJ
[ego_planner_node-2] [47;30m
[ego_planner_node-2] [drone 0 replan 280]==============================================[0m
[ego_planner_node-2] [1;33mmulti-trajs=1[1;0m
[ego_planner_node-2] [32miter(+1)=9,time(ms)=0.052,total_t(ms)=0.053,cost=0.017
[ego_planner_node-2] [0mtraj 1 success.
[ego_planner_node-2] plan_success=1
[ego_planner_node-2] total time:[42m0.000268229[0m,optimize:0.000264477,refine:3.752e-06,avg_time=0.000326788
[ego_planner_node-2] refine_success=1
[ego_planner_node-2] [SAFETY]: from EXEC_TRAJ to EXEC_TRAJ
[ego_planner_node-2] [47;30m
[ego_planner_node-2] [drone 0 replan 281]==============================================[0m
[ego_planner_node-2] [1;33mmulti-trajs=1[1;0m
[ego_planner_node-2] [32miter(+1)=5,time(ms)=0.041,total_t(ms)=0.042,cost=0.004
[ego_planner_node-2] [0mtraj 1 success.
[ego_planner_node-2] plan_success=1
[ego_planner_node-2] total time:[42m0.000258669[0m,optimize:0.000251797,refine:6.872e-06,avg_time=0.000326546
[ego_planner_node-2] refine_success=1
[ego_planner_node-2] [SAFETY]: from EXEC_TRAJ to EXEC_TRAJ
[ego_planner_node-2] [47;30m
[ego_planner_node-2] [drone 0 replan 282]==============================================[0m
[ego_planner_node-2] [1;33mmulti-trajs=1[1;0m
[ego_planner_node-2] [32miter(+1)=5,time(ms)=0.049,total_t(ms)=0.050,cost=0.007
[ego_planner_node-2] [0mtraj 1 success.
[ego_planner_node-2] plan_success=1
[ego_planner_node-2] total time:[42m0.00034276[0m,optimize:0.000337307,refine:5.453e-06,avg_time=0.000326604
[ego_planner_node-2] refine_success=1
[ego_planner_node-2] [SAFETY]: from EXEC_TRAJ to EXEC_TRAJ
[ego_planner_node-2] [47;30m
[ego_planner_node-2] [drone 0 replan 283]==============================================[0m
[ego_planner_node-2] [1;33mmulti-trajs=1[1;0m
[ego_planner_node-2] [32miter(+1)=6,time(ms)=0.054,total_t(ms)=0.055,cost=0.009
[ego_planner_node-2] [0mtraj 1 success.
[ego_planner_node-2] plan_success=1
[ego_planner_node-2] total time:[42m0.000346888[0m,optimize:0.000341292,refine:5.596e-06,avg_time=0.000326675
[ego_planner_node-2] refine_success=1
[ego_planner_node-2] [SAFETY]: from EXEC_TRAJ to EXEC_TRAJ
[ego_planner_node-2] [47;30m
[ego_planner_node-2] [drone 0 replan 284]==============================================[0m
[ego_planner_node-2] [1;33mmulti-trajs=1[1;0m
[ego_planner_node-2] [32miter(+1)=8,time(ms)=0.066,total_t(ms)=0.067,cost=0.009
[ego_planner_node-2] [0mtraj 1 success.
[ego_planner_node-2] plan_success=1
[ego_planner_node-2] total time:[42m0.000366511[0m,optimize:0.000361056,refine:5.455e-06,avg_time=0.000326815
[ego_planner_node-2] refine_success=1
[ego_planner_node-2] [SAFETY]: from EXEC_TRAJ to EXEC_TRAJ
[ego_planner_node-2] [47;30m
[ego_planner_node-2] [drone 0 replan 285]==============================================[0m
[ego_planner_node-2] [1;33mmulti-trajs=1[1;0m
[ego_planner_node-2] [32miter(+1)=8,time(ms)=0.063,total_t(ms)=0.064,cost=0.017
[ego_planner_node-2] [0mtraj 1 success.
[ego_planner_node-2] plan_success=1
[ego_planner_node-2] total time:[42m0.000332996[0m,optimize:0.000327771,refine:5.225e-06,avg_time=0.000326837
[ego_planner_node-2] refine_success=1
[ego_planner_node-2] [SAFETY]: from EXEC_TRAJ to EXEC_TRAJ
[ego_planner_node-2] [47;30m
[ego_planner_node-2] [drone 0 replan 286]==============================================[0m
[ego_planner_node-2] [1;33mmulti-trajs=1[1;0m
[ego_planner_node-2] [32miter(+1)=4,time(ms)=0.052,total_t(ms)=0.053,cost=0.004
[ego_planner_node-2] [0mtraj 1 success.
[ego_planner_node-2] plan_success=1
[ego_planner_node-2] total time:[42m0.000377479[0m,optimize:0.000370745,refine:6.734e-06,avg_time=0.000327013
[ego_planner_node-2] refine_success=1
[ego_planner_node-2] [SAFETY]: from EXEC_TRAJ to EXEC_TRAJ
[ego_planner_node-2] [FSM]: state: EXEC_TRAJ
[ego_planner_node-2] [47;30m
[ego_planner_node-2] [drone 0 replan 287]==============================================[0m
[ego_planner_node-2] [1;33mmulti-trajs=1[1;0m
[ego_planner_node-2] [32miter(+1)=5,time(ms)=0.075,total_t(ms)=0.076,cost=0.005
[ego_planner_node-2] [0mtraj 1 success.
[ego_planner_node-2] plan_success=1
[ego_planner_node-2] total time:[42m0.000484575[0m,optimize:0.000476424,refine:8.151e-06,avg_time=0.00032756
[ego_planner_node-2] refine_success=1
[ego_planner_node-2] [SAFETY]: from EXEC_TRAJ to EXEC_TRAJ
[ego_planner_node-2] [47;30m
[ego_planner_node-2] [drone 0 replan 288]==============================================[0m
[ego_planner_node-2] [1;33mmulti-trajs=1[1;0m
[ego_planner_node-2] [32miter(+1)=5,time(ms)=0.018,total_t(ms)=0.018,cost=0.009
[ego_planner_node-2] [0mtraj 1 success.
[ego_planner_node-2] plan_success=1
[ego_planner_node-2] total time:[42m0.000124654[0m,optimize:0.000122789,refine:1.865e-06,avg_time=0.000326858
[ego_planner_node-2] refine_success=1
[ego_planner_node-2] [SAFETY]: from EXEC_TRAJ to EXEC_TRAJ
[ego_planner_node-2] [47;30m
[ego_planner_node-2] [drone 0 replan 289]==============================================[0m
[ego_planner_node-2] [1;33mmulti-trajs=1[1;0m
[ego_planner_node-2] [32miter(+1)=6,time(ms)=0.069,total_t(ms)=0.070,cost=0.012
[ego_planner_node-2] [0mtraj 1 success.
[ego_planner_node-2] plan_success=1
[ego_planner_node-2] total time:[42m0.000432631[0m,optimize:0.000426054,refine:6.577e-06,avg_time=0.000327223
[ego_planner_node-2] refine_success=1
[ego_planner_node-2] [SAFETY]: from EXEC_TRAJ to EXEC_TRAJ
[ego_planner_node-2] [47;30m
[ego_planner_node-2] [drone 0 replan 290]==============================================[0m
[ego_planner_node-2] [1;33mmulti-trajs=1[1;0m
[ego_planner_node-2] [32miter(+1)=8,time(ms)=0.033,total_t(ms)=0.034,cost=0.011
[ego_planner_node-2] [0mtraj 1 success.
[ego_planner_node-2] plan_success=1
[ego_planner_node-2] total time:[42m0.000145151[0m,optimize:0.000142911,refine:2.24e-06,avg_time=0.000326597
[ego_planner_node-2] refine_success=1
[ego_planner_node-2] [SAFETY]: from EXEC_TRAJ to EXEC_TRAJ
[ego_planner_node-2] [47;30m
[ego_planner_node-2] [drone 0 replan 291]==============================================[0m
[ego_planner_node-2] [1;33mmulti-trajs=1[1;0m
[ego_planner_node-2] [32miter(+1)=8,time(ms)=0.086,total_t(ms)=0.087,cost=0.020
[ego_planner_node-2] [0mtraj 1 success.
[ego_planner_node-2] plan_success=1
[ego_planner_node-2] total time:[42m0.000488642[0m,optimize:0.000481785,refine:6.857e-06,avg_time=0.000327152
[ego_planner_node-2] refine_success=1
[ego_planner_node-2] [SAFETY]: from EXEC_TRAJ to EXEC_TRAJ
[ego_planner_node-2] [47;30m
[ego_planner_node-2] [drone 0 replan 292]==============================================[0m
[ego_planner_node-2] [1;33mmulti-trajs=1[1;0m
[ego_planner_node-2] [32miter(+1)=4,time(ms)=0.042,total_t(ms)=0.042,cost=0.004
[ego_planner_node-2] [0mtraj 1 success.
[ego_planner_node-2] plan_success=1
[ego_planner_node-2] total time:[42m0.000264211[0m,optimize:0.000259866,refine:4.345e-06,avg_time=0.000326937
[ego_planner_node-2] refine_success=1
[ego_planner_node-2] [SAFETY]: from EXEC_TRAJ to EXEC_TRAJ
[ego_planner_node-2] [47;30m
[ego_planner_node-2] [drone 0 replan 293]==============================================[0m
[ego_planner_node-2] [1;33mmulti-trajs=1[1;0m
[ego_planner_node-2] [32miter(+1)=5,time(ms)=0.064,total_t(ms)=0.065,cost=0.006
[ego_planner_node-2] [0mtraj 1 success.
[ego_planner_node-2] plan_success=1
[ego_planner_node-2] total time:[42m0.000416824[0m,optimize:0.00041069,refine:6.134e-06,avg_time=0.000327243
[ego_planner_node-2] refine_success=1
[ego_planner_node-2] [SAFETY]: from EXEC_TRAJ to EXEC_TRAJ
[ego_planner_node-2] [47;30m
[ego_planner_node-2] [drone 0 replan 294]==============================================[0m
[ego_planner_node-2] [1;33mmulti-trajs=1[1;0m
[ego_planner_node-2] [32miter(+1)=5,time(ms)=0.049,total_t(ms)=0.050,cost=0.012
[ego_planner_node-2] [0mtraj 1 success.
[ego_planner_node-2] plan_success=1
[ego_planner_node-2] total time:[42m0.000336156[0m,optimize:0.000331314,refine:4.842e-06,avg_time=0.000327273
[ego_planner_node-2] refine_success=1
[ego_planner_node-2] [SAFETY]: from EXEC_TRAJ to EXEC_TRAJ
[ego_planner_node-2] [47;30m
[ego_planner_node-2] [drone 0 replan 295]==============================================[0m
[ego_planner_node-2] [1;33mmulti-trajs=1[1;0m
[ego_planner_node-2] [32miter(+1)=8,time(ms)=0.051,total_t(ms)=0.051,cost=0.009
[ego_planner_node-2] [0mtraj 1 success.
[ego_planner_node-2] plan_success=1
[ego_planner_node-2] total time:[42m0.000251294[0m,optimize:0.000247265,refine:4.029e-06,avg_time=0.000327016
[ego_planner_node-2] refine_success=1
[ego_planner_node-2] [SAFETY]: from EXEC_TRAJ to EXEC_TRAJ
[ego_planner_node-2] [47;30m
[ego_planner_node-2] [drone 0 replan 296]==============================================[0m
[ego_planner_node-2] [1;33mmulti-trajs=1[1;0m
[ego_planner_node-2] [32miter(+1)=8,time(ms)=0.071,total_t(ms)=0.072,cost=0.018
[ego_planner_node-2] [0mtraj 1 success.
[ego_planner_node-2] plan_success=1
[ego_planner_node-2] total time:[42m0.000392988[0m,optimize:0.000387648,refine:5.34e-06,avg_time=0.000327239
[ego_planner_node-2] refine_success=1
[ego_planner_node-2] [SAFETY]: from EXEC_TRAJ to EXEC_TRAJ
[ego_planner_node-2] [47;30m
[ego_planner_node-2] [drone 0 replan 297]==============================================[0m
[ego_planner_node-2] [1;33mmulti-trajs=1[1;0m
[ego_planner_node-2] [32miter(+1)=4,time(ms)=0.049,total_t(ms)=0.050,cost=0.003
[ego_planner_node-2] [0mtraj 1 success.
[ego_planner_node-2] plan_success=1
[ego_planner_node-2] total time:[42m0.000343983[0m,optimize:0.000338611,refine:5.372e-06,avg_time=0.000327295
[ego_planner_node-2] refine_success=1
[ego_planner_node-2] [SAFETY]: from EXEC_TRAJ to EXEC_TRAJ
[ego_planner_node-2] [47;30m
[ego_planner_node-2] [drone 0 replan 298]==============================================[0m
[ego_planner_node-2] [1;33mmulti-trajs=1[1;0m
[ego_planner_node-2] [32miter(+1)=4,time(ms)=0.042,total_t(ms)=0.043,cost=0.005
[ego_planner_node-2] [0mtraj 1 success.
[ego_planner_node-2] plan_success=1
[ego_planner_node-2] total time:[42m0.0003302[0m,optimize:0.000324669,refine:5.531e-06,avg_time=0.000327305
[ego_planner_node-2] refine_success=1
[ego_planner_node-2] [SAFETY]: from EXEC_TRAJ to EXEC_TRAJ
[ego_planner_node-2] [47;30m
[ego_planner_node-2] [drone 0 replan 299]==============================================[0m
[ego_planner_node-2] [1;33mmulti-trajs=1[1;0m
[ego_planner_node-2] [32miter(+1)=5,time(ms)=0.050,total_t(ms)=0.051,cost=0.009
[ego_planner_node-2] [0mtraj 1 success.
[ego_planner_node-2] plan_success=1
[ego_planner_node-2] total time:[42m0.00032008[0m,optimize:0.00031389,refine:6.19e-06,avg_time=0.00032728
[ego_planner_node-2] refine_success=1
[ego_planner_node-2] [SAFETY]: from EXEC_TRAJ to EXEC_TRAJ
[ego_planner_node-2] [47;30m
[ego_planner_node-2] [drone 0 replan 300]==============================================[0m
[ego_planner_node-2] [1;33mmulti-trajs=1[1;0m
[ego_planner_node-2] [32miter(+1)=6,time(ms)=0.024,total_t(ms)=0.024,cost=0.012
[ego_planner_node-2] [0mtraj 1 success.
[ego_planner_node-2] plan_success=1
[ego_planner_node-2] total time:[42m0.00014305[0m,optimize:0.000140643,refine:2.407e-06,avg_time=0.000326668
[ego_planner_node-2] refine_success=1
[ego_planner_node-2] [SAFETY]: from EXEC_TRAJ to EXEC_TRAJ
[ego_planner_node-2] [47;30m
[ego_planner_node-2] [drone 0 replan 301]==============================================[0m
[ego_planner_node-2] [1;33mmulti-trajs=1[1;0m
[ego_planner_node-2] [32miter(+1)=8,time(ms)=0.049,total_t(ms)=0.050,cost=0.016
[ego_planner_node-2] [0mtraj 1 success.
[ego_planner_node-2] plan_success=1
[ego_planner_node-2] total time:[42m0.000282954[0m,optimize:0.000279163,refine:3.791e-06,avg_time=0.000326524
[ego_planner_node-2] refine_success=1
[ego_planner_node-2] [SAFETY]: from EXEC_TRAJ to EXEC_TRAJ
[ego_planner_node-2] [47;30m
[ego_planner_node-2] [drone 0 replan 302]==============================================[0m
[ego_planner_node-2] [1;33mmulti-trajs=1[1;0m
[ego_planner_node-2] [32miter(+1)=4,time(ms)=0.014,total_t(ms)=0.015,cost=0.002
[ego_planner_node-2] [0mtraj 1 success.
[ego_planner_node-2] plan_success=1
[ego_planner_node-2] total time:[42m9.243e-05[0m,optimize:9.0734e-05,refine:1.696e-06,avg_time=0.000325751
[ego_planner_node-2] refine_success=1
[ego_planner_node-2] [SAFETY]: from EXEC_TRAJ to EXEC_TRAJ
[ego_planner_node-2] [47;30m
[ego_planner_node-2] [drone 0 replan 303]==============================================[0m
[ego_planner_node-2] [1;33mmulti-trajs=1[1;0m
[ego_planner_node-2] [32miter(+1)=4,time(ms)=0.059,total_t(ms)=0.060,cost=0.004
[ego_planner_node-2] [0mtraj 1 success.
[ego_planner_node-2] plan_success=1
[ego_planner_node-2] total time:[42m0.000399478[0m,optimize:0.000393512,refine:5.966e-06,avg_time=0.000325994
[ego_planner_node-2] refine_success=1
[ego_planner_node-2] [SAFETY]: from EXEC_TRAJ to EXEC_TRAJ
[ego_planner_node-2] [47;30m
[ego_planner_node-2] [drone 0 replan 304]==============================================[0m
[ego_planner_node-2] [1;33mmulti-trajs=1[1;0m
[ego_planner_node-2] [32miter(+1)=5,time(ms)=0.060,total_t(ms)=0.061,cost=0.008
[ego_planner_node-2] [0mtraj 1 success.
[ego_planner_node-2] plan_success=1
[ego_planner_node-2] total time:[42m0.000409962[0m,optimize:0.000404089,refine:5.873e-06,avg_time=0.000326269
[ego_planner_node-2] refine_success=1
[ego_planner_node-2] [SAFETY]: from EXEC_TRAJ to EXEC_TRAJ
[ego_planner_node-2] [47;30m
[ego_planner_node-2] [drone 0 replan 305]==============================================[0m
[ego_planner_node-2] [1;33mmulti-trajs=1[1;0m
[ego_planner_node-2] [32miter(+1)=8,time(ms)=0.017,total_t(ms)=0.017,cost=0.011
[ego_planner_node-2] [0mtraj 1 success.
[ego_planner_node-2] plan_success=1
[ego_planner_node-2] total time:[42m9.6643e-05[0m,optimize:9.5267e-05,refine:1.376e-06,avg_time=0.000325518
[ego_planner_node-2] refine_success=1
[ego_planner_node-2] [SAFETY]: from EXEC_TRAJ to EXEC_TRAJ
[ego_planner_node-2] [47;30m
[ego_planner_node-2] [drone 0 replan 306]==============================================[0m
[ego_planner_node-2] [1;33mmulti-trajs=1[1;0m
[ego_planner_node-2] [32miter(+1)=4,time(ms)=0.035,total_t(ms)=0.036,cost=0.003
[ego_planner_node-2] [0mtraj 1 success.
[ego_planner_node-2] plan_success=1
[ego_planner_node-2] total time:[42m0.000251664[0m,optimize:0.000247224,refine:4.44e-06,avg_time=0.000325278
[ego_planner_node-2] refine_success=1
[ego_planner_node-2] [SAFETY]: from EXEC_TRAJ to EXEC_TRAJ
[ego_planner_node-2] [47;30m
[ego_planner_node-2] [drone 0 replan 307]==============================================[0m
[ego_planner_node-2] [1;33mmulti-trajs=1[1;0m
[ego_planner_node-2] [32miter(+1)=4,time(ms)=0.046,total_t(ms)=0.047,cost=0.001
[ego_planner_node-2] [0mtraj 1 success.
[ego_planner_node-2] plan_success=1
[ego_planner_node-2] total time:[42m0.00030976[0m,optimize:0.000304644,refine:5.116e-06,avg_time=0.000325228
[ego_planner_node-2] refine_success=1
[ego_planner_node-2] [SAFETY]: from EXEC_TRAJ to EXEC_TRAJ
[ego_planner_node-2] [FSM]: state: EXEC_TRAJ
[ego_planner_node-2] [47;30m
[ego_planner_node-2] [drone 0 replan 308]==============================================[0m
[ego_planner_node-2] [1;33mmulti-trajs=1[1;0m
[ego_planner_node-2] [32miter(+1)=4,time(ms)=0.052,total_t(ms)=0.053,cost=0.003
[ego_planner_node-2] [0mtraj 1 success.
[ego_planner_node-2] plan_success=1
[ego_planner_node-2] total time:[42m0.000423628[0m,optimize:0.000416837,refine:6.791e-06,avg_time=0.000325546
[ego_planner_node-2] refine_success=1
[ego_planner_node-2] [SAFETY]: from EXEC_TRAJ to EXEC_TRAJ
[ego_planner_node-2] [47;30m
[ego_planner_node-2] [drone 0 replan 309]==============================================[0m
[ego_planner_node-2] [1;33mmulti-trajs=1[1;0m
[ego_planner_node-2] [32miter(+1)=5,time(ms)=0.064,total_t(ms)=0.066,cost=0.008
[ego_planner_node-2] [0mtraj 1 success.
[ego_planner_node-2] plan_success=1
[ego_planner_node-2] total time:[42m0.000447527[0m,optimize:0.000440555,refine:6.972e-06,avg_time=0.000325939
[ego_planner_node-2] refine_success=1
[ego_planner_node-2] [SAFETY]: from EXEC_TRAJ to EXEC_TRAJ
[ego_planner_node-2] [47;30m
[ego_planner_node-2] [drone 0 replan 310]==============================================[0m
[ego_planner_node-2] [1;33mmulti-trajs=1[1;0m
[ego_planner_node-2] [32miter(+1)=4,time(ms)=0.027,total_t(ms)=0.027,cost=0.007
[ego_planner_node-2] [0mtraj 1 success.
[ego_planner_node-2] plan_success=1
[ego_planner_node-2] total time:[42m0.000190664[0m,optimize:0.000187694,refine:2.97e-06,avg_time=0.000325504
[ego_planner_node-2] refine_success=1
[ego_planner_node-2] [SAFETY]: from EXEC_TRAJ to EXEC_TRAJ
[ego_planner_node-2] [47;30m
[ego_planner_node-2] [drone 0 replan 311]==============================================[0m
[ego_planner_node-2] [1;33mmulti-trajs=1[1;0m
[ego_planner_node-2] [32miter(+1)=4,time(ms)=0.050,total_t(ms)=0.051,cost=0.001
[ego_planner_node-2] [0mtraj 1 success.
[ego_planner_node-2] plan_success=1
[ego_planner_node-2] total time:[42m0.000377006[0m,optimize:0.000370964,refine:6.042e-06,avg_time=0.00032567
[ego_planner_node-2] refine_success=1
[ego_planner_node-2] [SAFETY]: from EXEC_TRAJ to EXEC_TRAJ
[ego_planner_node-2] [47;30m
[ego_planner_node-2] [drone 0 replan 312]==============================================[0m
[ego_planner_node-2] [1;33mmulti-trajs=1[1;0m
[ego_planner_node-2] [32miter(+1)=4,time(ms)=0.038,total_t(ms)=0.039,cost=0.000
[ego_planner_node-2] [0mtraj 1 success.
[ego_planner_node-2] plan_success=1
[ego_planner_node-2] total time:[42m0.00031373[0m,optimize:0.0003066,refine:7.13e-06,avg_time=0.000325631
[ego_planner_node-2] refine_success=1
[ego_planner_node-2] [SAFETY]: from EXEC_TRAJ to EXEC_TRAJ
[ego_planner_node-2] [47;30m
[ego_planner_node-2] [drone 0 replan 313]==============================================[0m
[ego_planner_node-2] [1;33mmulti-trajs=1[1;0m
[ego_planner_node-2] [32miter(+1)=4,time(ms)=0.017,total_t(ms)=0.017,cost=0.004
[ego_planner_node-2] [0mtraj 1 success.
[ego_planner_node-2] plan_success=1
[ego_planner_node-2] total time:[42m0.000140468[0m,optimize:0.000138182,refine:2.286e-06,avg_time=0.000325042
[ego_planner_node-2] refine_success=1
[ego_planner_node-2] [SAFETY]: from EXEC_TRAJ to EXEC_TRAJ
[ego_planner_node-2] [47;30m
[ego_planner_node-2] [drone 0 replan 314]==============================================[0m
[ego_planner_node-2] [1;33mmulti-trajs=1[1;0m
[ego_planner_node-2] [32miter(+1)=5,time(ms)=0.048,total_t(ms)=0.049,cost=0.007
[ego_planner_node-2] [0mtraj 1 success.
[ego_planner_node-2] plan_success=1
[ego_planner_node-2] total time:[42m0.000342841[0m,optimize:0.000337899,refine:4.942e-06,avg_time=0.000325098
[ego_planner_node-2] refine_success=1
[ego_planner_node-2] [SAFETY]: from EXEC_TRAJ to EXEC_TRAJ
[ego_planner_node-2] [47;30m
[ego_planner_node-2] [drone 0 replan 315]==============================================[0m
[ego_planner_node-2] [1;33mmulti-trajs=1[1;0m
[ego_planner_node-2] [32miter(+1)=4,time(ms)=0.023,total_t(ms)=0.024,cost=0.003
[ego_planner_node-2] [0mtraj 1 success.
[ego_planner_node-2] plan_success=1
[ego_planner_node-2] total time:[42m0.000198346[0m,optimize:0.000195258,refine:3.088e-06,avg_time=0.000324697
[ego_planner_node-2] refine_success=1
[ego_planner_node-2] [SAFETY]: from EXEC_TRAJ to EXEC_TRAJ
[ego_planner_node-2] [47;30m
[ego_planner_node-2] [drone 0 replan 316]==============================================[0m
[ego_planner_node-2] [1;33mmulti-trajs=1[1;0m
[ego_planner_node-2] [32miter(+1)=1,time(ms)=0.026,total_t(ms)=0.027,cost=0.000
[ego_planner_node-2] [0mtraj 1 success.
[ego_planner_node-2] plan_success=1
[ego_planner_node-2] total time:[42m0.000295912[0m,optimize:0.000290871,refine:5.041e-06,avg_time=0.000324606
[ego_planner_node-2] refine_success=1
[ego_planner_node-2] [SAFETY]: from EXEC_TRAJ to EXEC_TRAJ
[ego_planner_node-2] [47;30m
[ego_planner_node-2] [drone 0 replan 317]==============================================[0m
[ego_planner_node-2] [1;33mmulti-trajs=1[1;0m
[ego_planner_node-2] [32miter(+1)=4,time(ms)=0.050,total_t(ms)=0.051,cost=0.002
[ego_planner_node-2] [0mtraj 1 success.
[ego_planner_node-2] plan_success=1
[ego_planner_node-2] total time:[42m0.000409061[0m,optimize:0.000402421,refine:6.64e-06,avg_time=0.000324872
[ego_planner_node-2] refine_success=1
[ego_planner_node-2] [SAFETY]: from EXEC_TRAJ to EXEC_TRAJ
[ego_planner_node-2] [47;30m
[ego_planner_node-2] [drone 0 replan 318]==============================================[0m
[ego_planner_node-2] [1;33mmulti-trajs=1[1;0m
[ego_planner_node-2] [32miter(+1)=5,time(ms)=0.063,total_t(ms)=0.065,cost=0.008
[ego_planner_node-2] [0mtraj 1 success.
[ego_planner_node-2] plan_success=1
[ego_planner_node-2] total time:[42m0.000444887[0m,optimize:0.000436759,refine:8.128e-06,avg_time=0.000325248
[ego_planner_node-2] refine_success=1
[ego_planner_node-2] [SAFETY]: from EXEC_TRAJ to EXEC_TRAJ
[ego_planner_node-2] [47;30m
[ego_planner_node-2] [drone 0 replan 319]==============================================[0m
[ego_planner_node-2] [1;33mmulti-trajs=1[1;0m
[ego_planner_node-2] [32miter(+1)=4,time(ms)=0.057,total_t(ms)=0.058,cost=0.003
[ego_planner_node-2] [0mtraj 1 success.
[ego_planner_node-2] plan_success=1
[ego_planner_node-2] total time:[42m0.000464978[0m,optimize:0.00045569,refine:9.288e-06,avg_time=0.000325685
[ego_planner_node-2] refine_success=1
[ego_planner_node-2] [SAFETY]: from EXEC_TRAJ to EXEC_TRAJ
[ego_planner_node-2] [47;30m
[ego_planner_node-2] [drone 0 replan 320]==============================================[0m
[ego_planner_node-2] [1;33mmulti-trajs=1[1;0m
[ego_planner_node-2] [32miter(+1)=4,time(ms)=0.015,total_t(ms)=0.016,cost=0.000
[ego_planner_node-2] [0mtraj 1 success.
[ego_planner_node-2] plan_success=1
[ego_planner_node-2] total time:[42m0.000119736[0m,optimize:0.000117812,refine:1.924e-06,avg_time=0.000325043
[ego_planner_node-2] refine_success=1
[ego_planner_node-2] [SAFETY]: from EXEC_TRAJ to EXEC_TRAJ
[ego_planner_node-2] [47;30m
[ego_planner_node-2] [drone 0 replan 321]==============================================[0m
[ego_planner_node-2] [1;33mmulti-trajs=1[1;0m
[ego_planner_node-2] [32miter(+1)=4,time(ms)=0.047,total_t(ms)=0.048,cost=0.002
[ego_planner_node-2] [0mtraj 1 success.
[ego_planner_node-2] plan_success=1
[ego_planner_node-2] total time:[42m0.000392382[0m,optimize:0.000386026,refine:6.356e-06,avg_time=0.000325252
[ego_planner_node-2] refine_success=1
[ego_planner_node-2] [SAFETY]: from EXEC_TRAJ to EXEC_TRAJ
[ego_planner_node-2] [47;30m
[ego_planner_node-2] [drone 0 replan 322]==============================================[0m
[ego_planner_node-2] [1;33mmulti-trajs=1[1;0m
[ego_planner_node-2] [32miter(+1)=4,time(ms)=0.045,total_t(ms)=0.046,cost=0.009
[ego_planner_node-2] [0mtraj 1 success.
[ego_planner_node-2] plan_success=1
[ego_planner_node-2] total time:[42m0.000326652[0m,optimize:0.000321441,refine:5.211e-06,avg_time=0.000325257
[ego_planner_node-2] refine_success=1
[ego_planner_node-2] [SAFETY]: from EXEC_TRAJ to EXEC_TRAJ
[ego_planner_node-2] [47;30m
[ego_planner_node-2] [drone 0 replan 323]==============================================[0m
[ego_planner_node-2] [1;33mmulti-trajs=1[1;0m
[ego_planner_node-2] [32miter(+1)=4,time(ms)=0.052,total_t(ms)=0.053,cost=0.003
[ego_planner_node-2] [0mtraj 1 success.
[ego_planner_node-2] plan_success=1
[ego_planner_node-2] total time:[42m0.000383233[0m,optimize:0.000377511,refine:5.722e-06,avg_time=0.000325436
[ego_planner_node-2] refine_success=1
[ego_planner_node-2] [SAFETY]: from EXEC_TRAJ to EXEC_TRAJ
[ego_planner_node-2] [47;30m
[ego_planner_node-2] [drone 0 replan 324]==============================================[0m
[ego_planner_node-2] [1;33mmulti-trajs=1[1;0m
[ego_planner_node-2] [32miter(+1)=4,time(ms)=0.049,total_t(ms)=0.050,cost=0.001
[ego_planner_node-2] [0mtraj 1 success.
[ego_planner_node-2] plan_success=1
[ego_planner_node-2] total time:[42m0.000398955[0m,optimize:0.000392945,refine:6.01e-06,avg_time=0.000325662
[ego_planner_node-2] refine_success=1
[ego_planner_node-2] [SAFETY]: from EXEC_TRAJ to EXEC_TRAJ
[ego_planner_node-2] [47;30m
[ego_planner_node-2] [drone 0 replan 325]==============================================[0m
[ego_planner_node-2] [1;33mmulti-trajs=1[1;0m
[ego_planner_node-2] [32miter(+1)=5,time(ms)=0.030,total_t(ms)=0.031,cost=0.012
[ego_planner_node-2] [0mtraj 1 success.
[ego_planner_node-2] plan_success=1
[ego_planner_node-2] total time:[42m0.000219957[0m,optimize:0.000216353,refine:3.604e-06,avg_time=0.000325338
[ego_planner_node-2] refine_success=1
[ego_planner_node-2] [SAFETY]: from EXEC_TRAJ to EXEC_TRAJ
[ego_planner_node-2] [47;30m
[ego_planner_node-2] [drone 0 replan 326]==============================================[0m
[ego_planner_node-2] [1;33mmulti-trajs=1[1;0m
[ego_planner_node-2] [32miter(+1)=4,time(ms)=0.068,total_t(ms)=0.069,cost=0.007
[ego_planner_node-2] [0mtraj 1 success.
[ego_planner_node-2] plan_success=1
[ego_planner_node-2] total time:[42m0.000443301[0m,optimize:0.00043661,refine:6.691e-06,avg_time=0.000325698
[ego_planner_node-2] refine_success=1
[ego_planner_node-2] [SAFETY]: from EXEC_TRAJ to EXEC_TRAJ
[ego_planner_node-2] [47;30m
[ego_planner_node-2] [drone 0 replan 327]==============================================[0m
[ego_planner_node-2] [1;33mmulti-trajs=1[1;0m
[ego_planner_node-2] [32miter(+1)=4,time(ms)=0.039,total_t(ms)=0.040,cost=0.003
[ego_planner_node-2] [0mtraj 1 success.
[ego_planner_node-2] plan_success=1
[ego_planner_node-2] total time:[42m0.000283585[0m,optimize:0.00027866,refine:4.925e-06,avg_time=0.00032557
[ego_planner_node-2] refine_success=1
[ego_planner_node-2] [SAFETY]: from EXEC_TRAJ to EXEC_TRAJ
[ego_planner_node-2] [47;30m
[ego_planner_node-2] [drone 0 replan 328]==============================================[0m
[ego_planner_node-2] [1;33mmulti-trajs=1[1;0m
[ego_planner_node-2] [32miter(+1)=5,time(ms)=0.051,total_t(ms)=0.052,cost=0.013
[ego_planner_node-2] [0mtraj 1 success.
[ego_planner_node-2] plan_success=1
[ego_planner_node-2] total time:[42m0.00036065[0m,optimize:0.000355408,refine:5.242e-06,avg_time=0.000325677
[ego_planner_node-2] refine_success=1
[ego_planner_node-2] [SAFETY]: from EXEC_TRAJ to EXEC_TRAJ
[ego_planner_node-2] [FSM]: state: EXEC_TRAJ
[ego_planner_node-2] [47;30m
[ego_planner_node-2] [drone 0 replan 329]==============================================[0m
[ego_planner_node-2] [1;33mmulti-trajs=1[1;0m
[ego_planner_node-2] [32miter(+1)=4,time(ms)=0.049,total_t(ms)=0.050,cost=0.009
[ego_planner_node-2] [0mtraj 1 success.
[ego_planner_node-2] plan_success=1
[ego_planner_node-2] total time:[42m0.000348198[0m,optimize:0.000342906,refine:5.292e-06,avg_time=0.000325745
[ego_planner_node-2] refine_success=1
[ego_planner_node-2] [SAFETY]: from EXEC_TRAJ to EXEC_TRAJ
[ego_planner_node-2] [47;30m
[ego_planner_node-2] [drone 0 replan 330]==============================================[0m
[ego_planner_node-2] [1;33mmulti-trajs=1[1;0m
[ego_planner_node-2] [32miter(+1)=9,time(ms)=0.045,total_t(ms)=0.046,cost=0.026
[ego_planner_node-2] [0mtraj 1 success.
[ego_planner_node-2] plan_success=1
[ego_planner_node-2] total time:[42m0.000220553[0m,optimize:0.000217069,refine:3.484e-06,avg_time=0.000325427
[ego_planner_node-2] refine_success=1
[ego_planner_node-2] [SAFETY]: from EXEC_TRAJ to EXEC_TRAJ
[ego_planner_node-2] [47;30m
[ego_planner_node-2] [drone 0 replan 331]==============================================[0m
[ego_planner_node-2] [1;33mmulti-trajs=1[1;0m
[ego_planner_node-2] [32miter(+1)=10,time(ms)=0.096,total_t(ms)=0.097,cost=0.023
[ego_planner_node-2] [0mtraj 1 success.
[ego_planner_node-2] plan_success=1
[ego_planner_node-2] total time:[42m0.000439257[0m,optimize:0.000433361,refine:5.896e-06,avg_time=0.00032577
[ego_planner_node-2] refine_success=1
[ego_planner_node-2] [SAFETY]: from EXEC_TRAJ to EXEC_TRAJ
[ego_planner_node-2] [47;30m
[ego_planner_node-2] [drone 0 replan 332]==============================================[0m
[ego_planner_node-2] [1;33mmulti-trajs=1[1;0m
[ego_planner_node-2] [32miter(+1)=9,time(ms)=0.094,total_t(ms)=0.095,cost=0.024
[ego_planner_node-2] [0mtraj 1 success.
[ego_planner_node-2] plan_success=1
[ego_planner_node-2] total time:[42m0.00040029[0m,optimize:0.00039565,refine:4.64e-06,avg_time=0.000325994
[ego_planner_node-2] refine_success=1
[ego_planner_node-2] [SAFETY]: from EXEC_TRAJ to EXEC_TRAJ
[ego_planner_node-2] [47;30m
[ego_planner_node-2] [drone 0 replan 333]==============================================[0m
[ego_planner_node-2] [1;33mmulti-trajs=1[1;0m
[ego_planner_node-2] [32miter(+1)=10,time(ms)=0.105,total_t(ms)=0.106,cost=0.021
[ego_planner_node-2] [0mtraj 1 success.
[ego_planner_node-2] plan_success=1
[ego_planner_node-2] total time:[42m0.000442389[0m,optimize:0.000435663,refine:6.726e-06,avg_time=0.000326342
[ego_planner_node-2] refine_success=1
[ego_planner_node-2] [SAFETY]: from EXEC_TRAJ to EXEC_TRAJ
[ego_planner_node-2] [47;30m
[ego_planner_node-2] [drone 0 replan 334]==============================================[0m
[ego_planner_node-2] [1;33mmulti-trajs=1[1;0m
[ego_planner_node-2] [32miter(+1)=10,time(ms)=0.056,total_t(ms)=0.057,cost=0.022
[ego_planner_node-2] [0mtraj 1 success.
[ego_planner_node-2] plan_success=1
[ego_planner_node-2] total time:[42m0.000284355[0m,optimize:0.000280396,refine:3.959e-06,avg_time=0.000326217
[ego_planner_node-2] refine_success=1
[ego_planner_node-2] [SAFETY]: from EXEC_TRAJ to EXEC_TRAJ
[ego_planner_node-2] [47;30m
[ego_planner_node-2] [drone 0 replan 335]==============================================[0m
[ego_planner_node-2] [1;33mmulti-trajs=1[1;0m
[ego_planner_node-2] [32miter(+1)=10,time(ms)=0.054,total_t(ms)=0.054,cost=0.021
[ego_planner_node-2] [0mtraj 1 success.
[ego_planner_node-2] plan_success=1
[ego_planner_node-2] total time:[42m0.000229975[0m,optimize:0.000226683,refine:3.292e-06,avg_time=0.00032593
[ego_planner_node-2] refine_success=1
[ego_planner_node-2] [SAFETY]: from EXEC_TRAJ to EXEC_TRAJ
[ego_planner_node-2] [47;30m
[ego_planner_node-2] [drone 0 replan 336]==============================================[0m
[ego_planner_node-2] [1;33mmulti-trajs=1[1;0m
[ego_planner_node-2] [32miter(+1)=10,time(ms)=0.098,total_t(ms)=0.099,cost=0.021
[ego_planner_node-2] [0mtraj 1 success.
[ego_planner_node-2] plan_success=1
[ego_planner_node-2] total time:[42m0.000381177[0m,optimize:0.000373625,refine:7.552e-06,avg_time=0.000326094
[ego_planner_node-2] refine_success=1
[ego_planner_node-2] [SAFETY]: from EXEC_TRAJ to EXEC_TRAJ
[ego_planner_node-2] [47;30m
[ego_planner_node-2] [drone 0 replan 337]==============================================[0m
[ego_planner_node-2] [1;33mmulti-trajs=1[1;0m
[ego_planner_node-2] [32miter(+1)=11,time(ms)=0.036,total_t(ms)=0.037,cost=0.053
[ego_planner_node-2] [0mtraj 1 success.
[ego_planner_node-2] plan_success=1
[ego_planner_node-2] total time:[42m0.000125607[0m,optimize:0.000122846,refine:2.761e-06,avg_time=0.000325501
[ego_planner_node-2] refine_success=1
[ego_planner_node-2] [SAFETY]: from EXEC_TRAJ to EXEC_TRAJ
[ego_planner_node-2] [47;30m
[ego_planner_node-2] [drone 0 replan 338]==============================================[0m
[ego_planner_node-2] [1;33mmulti-trajs=1[1;0m
[ego_planner_node-2] [32miter(+1)=5,time(ms)=0.037,total_t(ms)=0.038,cost=0.031
[ego_planner_node-2] [0mtraj 1 success.
[ego_planner_node-2] plan_success=1
[ego_planner_node-2] total time:[42m0.000211043[0m,optimize:0.000206669,refine:4.374e-06,avg_time=0.000325163
[ego_planner_node-2] refine_success=1
[ego_planner_node-2] [SAFETY]: from EXEC_TRAJ to EXEC_TRAJ
[ego_planner_node-2] [47;30m
[ego_planner_node-2] [drone 0 replan 339]==============================================[0m
[ego_planner_node-2] [1;33mmulti-trajs=1[1;0m
[ego_planner_node-2] [32miter(+1)=9,time(ms)=0.075,total_t(ms)=0.076,cost=0.038
[ego_planner_node-2] [0mtraj 1 success.
[ego_planner_node-2] plan_success=1
[ego_planner_node-2] total time:[42m0.000336105[0m,optimize:0.000330966,refine:5.139e-06,avg_time=0.000325196
[ego_planner_node-2] refine_success=1
[ego_planner_node-2] [SAFETY]: from EXEC_TRAJ to EXEC_TRAJ
[ego_planner_node-2] [47;30m
[ego_planner_node-2] [drone 0 replan 340]==============================================[0m
[ego_planner_node-2] [1;33mmulti-trajs=1[1;0m
[ego_planner_node-2] [32miter(+1)=5,time(ms)=0.014,total_t(ms)=0.014,cost=0.023
[ego_planner_node-2] [0mtraj 1 success.
[ego_planner_node-2] plan_success=1
[ego_planner_node-2] total time:[42m0.00010821[0m,optimize:0.000106638,refine:1.572e-06,avg_time=0.000324559
[ego_planner_node-2] refine_success=1
[ego_planner_node-2] [SAFETY]: from EXEC_TRAJ to EXEC_TRAJ
[ego_planner_node-2] [47;30m
[ego_planner_node-2] [drone 0 replan 341]==============================================[0m
[ego_planner_node-2] [1;33mmulti-trajs=1[1;0m
[ego_planner_node-2] [32miter(+1)=9,time(ms)=0.105,total_t(ms)=0.107,cost=0.025
[ego_planner_node-2] [0mtraj 1 success.
[ego_planner_node-2] plan_success=1
[ego_planner_node-2] total time:[42m0.000387469[0m,optimize:0.000378908,refine:8.561e-06,avg_time=0.000324743
[ego_planner_node-2] refine_success=1
[ego_planner_node-2] [SAFETY]: from EXEC_TRAJ to EXEC_TRAJ
[ego_planner_node-2] [47;30m
[ego_planner_node-2] [drone 0 replan 342]==============================================[0m
[ego_planner_node-2] [1;33mmulti-trajs=1[1;0m
[ego_planner_node-2] [32miter(+1)=10,time(ms)=0.033,total_t(ms)=0.034,cost=0.022
[ego_planner_node-2] [0mtraj 1 success.
[ego_planner_node-2] plan_success=1
[ego_planner_node-2] total time:[42m0.000155299[0m,optimize:0.000152902,refine:2.397e-06,avg_time=0.000324249
[ego_planner_node-2] refine_success=1
[ego_planner_node-2] [SAFETY]: from EXEC_TRAJ to EXEC_TRAJ
[ego_planner_node-2] [47;30m
[ego_planner_node-2] [drone 0 replan 343]==============================================[0m
[ego_planner_node-2] [1;33mmulti-trajs=1[1;0m
[ego_planner_node-2] [32miter(+1)=11,time(ms)=0.069,total_t(ms)=0.069,cost=0.053
[ego_planner_node-2] [0mtraj 1 success.
[ego_planner_node-2] plan_success=1
[ego_planner_node-2] total time:[42m0.000376161[0m,optimize:0.000372111,refine:4.05e-06,avg_time=0.0003244
[ego_planner_node-2] refine_success=1
[ego_planner_node-2] [SAFETY]: from EXEC_TRAJ to EXEC_TRAJ
[ego_planner_node-2] [47;30m
[ego_planner_node-2] [drone 0 replan 344]==============================================[0m
[ego_planner_node-2] [1;33mmulti-trajs=1[1;0m
[ego_planner_node-2] [32miter(+1)=5,time(ms)=0.057,total_t(ms)=0.058,cost=0.032
[ego_planner_node-2] [0mtraj 1 success.
[ego_planner_node-2] plan_success=1
[ego_planner_node-2] total time:[42m0.000421148[0m,optimize:0.000414508,refine:6.64e-06,avg_time=0.000324681
[ego_planner_node-2] refine_success=1
[ego_planner_node-2] [SAFETY]: from EXEC_TRAJ to EXEC_TRAJ
[ego_planner_node-2] [47;30m
[ego_planner_node-2] [drone 0 replan 345]==============================================[0m
[ego_planner_node-2] [1;33mmulti-trajs=1[1;0m
[ego_planner_node-2] [32miter(+1)=9,time(ms)=0.024,total_t(ms)=0.024,cost=0.039
[ego_planner_node-2] [0mtraj 1 success.
[ego_planner_node-2] plan_success=1
[ego_planner_node-2] total time:[42m0.000106309[0m,optimize:9.7225e-05,refine:9.084e-06,avg_time=0.000324049
[ego_planner_node-2] refine_success=1
[ego_planner_node-2] [SAFETY]: from EXEC_TRAJ to EXEC_TRAJ
[ego_planner_node-2] [47;30m
[ego_planner_node-2] [drone 0 replan 346]==============================================[0m
[ego_planner_node-2] [1;33mmulti-trajs=1[1;0m
[ego_planner_node-2] [32miter(+1)=5,time(ms)=0.054,total_t(ms)=0.055,cost=0.023
[ego_planner_node-2] [0mtraj 1 success.
[ego_planner_node-2] plan_success=1
[ego_planner_node-2] total time:[42m0.000365826[0m,optimize:0.000360422,refine:5.404e-06,avg_time=0.00032417
[ego_planner_node-2] refine_success=1
[ego_planner_node-2] [SAFETY]: from EXEC_TRAJ to EXEC_TRAJ
[ego_planner_node-2] [47;30m
[ego_planner_node-2] [drone 0 replan 347]==============================================[0m
[ego_planner_node-2] [1;33mmulti-trajs=1[1;0m
[ego_planner_node-2] [32miter(+1)=9,time(ms)=0.109,total_t(ms)=0.110,cost=0.025
[ego_planner_node-2] [0mtraj 1 success.
[ego_planner_node-2] plan_success=1
[ego_planner_node-2] total time:[42m0.000560307[0m,optimize:0.000552977,refine:7.33e-06,avg_time=0.000324848
[ego_planner_node-2] refine_success=1
[ego_planner_node-2] [SAFETY]: from EXEC_TRAJ to EXEC_TRAJ
[ego_planner_node-2] [47;30m
[ego_planner_node-2] [drone 0 replan 348]==============================================[0m
[ego_planner_node-2] [1;33mmulti-trajs=1[1;0m
[ego_planner_node-2] [32miter(+1)=10,time(ms)=0.107,total_t(ms)=0.109,cost=0.022
[ego_planner_node-2] [0mtraj 1 success.
[ego_planner_node-2] plan_success=1
[ego_planner_node-2] total time:[42m0.000425691[0m,optimize:0.0004182,refine:7.491e-06,avg_time=0.000325137
[ego_planner_node-2] refine_success=1
[ego_planner_node-2] [SAFETY]: from EXEC_TRAJ to EXEC_TRAJ
[ego_planner_node-2] [FSM]: state: EXEC_TRAJ
[ego_planner_node-2] [47;30m
[ego_planner_node-2] [drone 0 replan 349]==============================================[0m
[ego_planner_node-2] [1;33mmulti-trajs=1[1;0m
[ego_planner_node-2] [32miter(+1)=11,time(ms)=0.132,total_t(ms)=0.133,cost=0.053
[ego_planner_node-2] [0mtraj 1 success.
[ego_planner_node-2] plan_success=1
[ego_planner_node-2] total time:[42m0.000472273[0m,optimize:0.000464019,refine:8.254e-06,avg_time=0.000325558
[ego_planner_node-2] refine_success=1
[ego_planner_node-2] [SAFETY]: from EXEC_TRAJ to EXEC_TRAJ
[ego_planner_node-2] [47;30m
[ego_planner_node-2] [drone 0 replan 350]==============================================[0m
[ego_planner_node-2] [1;33mmulti-trajs=1[1;0m
[ego_planner_node-2] [32miter(+1)=5,time(ms)=0.041,total_t(ms)=0.041,cost=0.032
[ego_planner_node-2] [0mtraj 1 success.
[ego_planner_node-2] plan_success=1
[ego_planner_node-2] total time:[42m0.000220956[0m,optimize:0.00021665,refine:4.306e-06,avg_time=0.00032526
[ego_planner_node-2] refine_success=1
[ego_planner_node-2] [SAFETY]: from EXEC_TRAJ to EXEC_TRAJ
[ego_planner_node-2] [47;30m
[ego_planner_node-2] [drone 0 replan 351]==============================================[0m
[ego_planner_node-2] [1;33mmulti-trajs=1[1;0m
[ego_planner_node-2] [32miter(+1)=9,time(ms)=0.085,total_t(ms)=0.086,cost=0.039
[ego_planner_node-2] [0mtraj 1 success.
[ego_planner_node-2] plan_success=1
[ego_planner_node-2] total time:[42m0.000564497[0m,optimize:0.00055864,refine:5.857e-06,avg_time=0.000325939
[ego_planner_node-2] refine_success=1
[ego_planner_node-2] [SAFETY]: from EXEC_TRAJ to EXEC_TRAJ
[ego_planner_node-2] [47;30m
[ego_planner_node-2] [drone 0 replan 352]==============================================[0m
[ego_planner_node-2] [1;33mmulti-trajs=1[1;0m
[ego_planner_node-2] [32miter(+1)=5,time(ms)=0.033,total_t(ms)=0.033,cost=0.023
[ego_planner_node-2] [0mtraj 1 success.
[ego_planner_node-2] plan_success=1
[ego_planner_node-2] total time:[42m0.00020557[0m,optimize:0.000201961,refine:3.609e-06,avg_time=0.000325598
[ego_planner_node-2] refine_success=1
[ego_planner_node-2] [SAFETY]: from EXEC_TRAJ to EXEC_TRAJ
[ego_planner_node-2] [47;30m
[ego_planner_node-2] [drone 0 replan 353]==============================================[0m
[ego_planner_node-2] [1;33mmulti-trajs=1[1;0m
[ego_planner_node-2] [32miter(+1)=9,time(ms)=0.167,total_t(ms)=0.167,cost=0.025
[ego_planner_node-2] [0mtraj 1 success.
[ego_planner_node-2] plan_success=1
[ego_planner_node-2] total time:[42m0.000387873[0m,optimize:0.000383945,refine:3.928e-06,avg_time=0.000325774
[ego_planner_node-2] refine_success=1
[ego_planner_node-2] [SAFETY]: from EXEC_TRAJ to EXEC_TRAJ
[ego_planner_node-2] [47;30m
[ego_planner_node-2] [drone 0 replan 354]==============================================[0m
[ego_planner_node-2] [1;33mmulti-trajs=1[1;0m
[ego_planner_node-2] [32miter(+1)=10,time(ms)=0.058,total_t(ms)=0.059,cost=0.022
[ego_planner_node-2] [0mtraj 1 success.
[ego_planner_node-2] plan_success=1
[ego_planner_node-2] total time:[42m0.000404271[0m,optimize:0.000400678,refine:3.593e-06,avg_time=0.000325995
[ego_planner_node-2] refine_success=1
[ego_planner_node-2] [SAFETY]: from EXEC_TRAJ to EXEC_TRAJ
[ego_planner_node-2] [47;30m
[ego_planner_node-2] [drone 0 replan 355]==============================================[0m
[ego_planner_node-2] [1;33mmulti-trajs=1[1;0m
[ego_planner_node-2] [32miter(+1)=11,time(ms)=0.057,total_t(ms)=0.057,cost=0.054
[ego_planner_node-2] [0mtraj 1 success.
[ego_planner_node-2] plan_success=1
[ego_planner_node-2] total time:[42m0.000205996[0m,optimize:0.00020253,refine:3.466e-06,avg_time=0.000325658
[ego_planner_node-2] refine_success=1
[ego_planner_node-2] [SAFETY]: from EXEC_TRAJ to EXEC_TRAJ
[ego_planner_node-2] [47;30m
[ego_planner_node-2] [drone 0 replan 356]==============================================[0m
[ego_planner_node-2] [1;33mmulti-trajs=1[1;0m
[ego_planner_node-2] [32miter(+1)=5,time(ms)=0.049,total_t(ms)=0.050,cost=0.032
[ego_planner_node-2] [0mtraj 1 success.
[ego_planner_node-2] plan_success=1
[ego_planner_node-2] total time:[42m0.000317312[0m,optimize:0.000312412,refine:4.9e-06,avg_time=0.000325635
[ego_planner_node-2] refine_success=1
[ego_planner_node-2] [SAFETY]: from EXEC_TRAJ to EXEC_TRAJ
[ego_planner_node-2] [47;30m
[ego_planner_node-2] [drone 0 replan 357]==============================================[0m
[ego_planner_node-2] [1;33mmulti-trajs=1[1;0m
[ego_planner_node-2] [32miter(+1)=9,time(ms)=0.076,total_t(ms)=0.077,cost=0.039
[ego_planner_node-2] [0mtraj 1 success.
[ego_planner_node-2] plan_success=1
[ego_planner_node-2] total time:[42m0.000300606[0m,optimize:0.000295565,refine:5.041e-06,avg_time=0.000325565
[ego_planner_node-2] refine_success=1
[ego_planner_node-2] [SAFETY]: from EXEC_TRAJ to EXEC_TRAJ
[ego_planner_node-2] [47;30m
[ego_planner_node-2] [drone 0 replan 358]==============================================[0m
[ego_planner_node-2] [1;33mmulti-trajs=1[1;0m
[ego_planner_node-2] [32miter(+1)=5,time(ms)=0.057,total_t(ms)=0.058,cost=0.023
[ego_planner_node-2] [0mtraj 1 success.
[ego_planner_node-2] plan_success=1
[ego_planner_node-2] total time:[42m0.000336318[0m,optimize:0.000330659,refine:5.659e-06,avg_time=0.000325595
[ego_planner_node-2] refine_success=1
[ego_planner_node-2] [SAFETY]: from EXEC_TRAJ to EXEC_TRAJ
[ego_planner_node-2] [47;30m
[ego_planner_node-2] [drone 0 replan 359]==============================================[0m
[ego_planner_node-2] [1;33mmulti-trajs=1[1;0m
[ego_planner_node-2] [32miter(+1)=9,time(ms)=0.090,total_t(ms)=0.091,cost=0.025
[ego_planner_node-2] [0mtraj 1 success.
[ego_planner_node-2] plan_success=1
[ego_planner_node-2] total time:[42m0.000345377[0m,optimize:0.000339667,refine:5.71e-06,avg_time=0.00032565
[ego_planner_node-2] refine_success=1
[ego_planner_node-2] [SAFETY]: from EXEC_TRAJ to EXEC_TRAJ
[ego_planner_node-2] [47;30m
[ego_planner_node-2] [drone 0 replan 360]==============================================[0m
[ego_planner_node-2] [1;33mmulti-trajs=1[1;0m
[ego_planner_node-2] [32miter(+1)=10,time(ms)=0.048,total_t(ms)=0.048,cost=0.022
[ego_planner_node-2] [0mtraj 1 success.
[ego_planner_node-2] plan_success=1
[ego_planner_node-2] total time:[42m0.000210985[0m,optimize:0.000207777,refine:3.208e-06,avg_time=0.000325332
[ego_planner_node-2] refine_success=1
[ego_planner_node-2] [SAFETY]: from EXEC_TRAJ to EXEC_TRAJ
[ego_planner_node-2] [47;30m
[ego_planner_node-2] [drone 0 replan 361]==============================================[0m
[ego_planner_node-2] [1;33mmulti-trajs=1[1;0m
[ego_planner_node-2] [32miter(+1)=11,time(ms)=0.100,total_t(ms)=0.102,cost=0.054
[ego_planner_node-2] [0mtraj 1 success.
[ego_planner_node-2] plan_success=1
[ego_planner_node-2] total time:[42m0.00036612[0m,optimize:0.000360056,refine:6.064e-06,avg_time=0.000325445
[ego_planner_node-2] refine_success=1
[ego_planner_node-2] [SAFETY]: from EXEC_TRAJ to EXEC_TRAJ
[ego_planner_node-2] [47;30m
[ego_planner_node-2] [drone 0 replan 362]==============================================[0m
[ego_planner_node-2] [1;33mmulti-trajs=1[1;0m
[ego_planner_node-2] [32miter(+1)=5,time(ms)=0.055,total_t(ms)=0.056,cost=0.032
[ego_planner_node-2] [0mtraj 1 success.
[ego_planner_node-2] plan_success=1
[ego_planner_node-2] total time:[42m0.00032065[0m,optimize:0.000314999,refine:5.651e-06,avg_time=0.000325432
[ego_planner_node-2] refine_success=1
[ego_planner_node-2] [SAFETY]: from EXEC_TRAJ to EXEC_TRAJ
[ego_planner_node-2] [47;30m
[ego_planner_node-2] [drone 0 replan 363]==============================================[0m
[ego_planner_node-2] [1;33mmulti-trajs=1[1;0m
[ego_planner_node-2] [32miter(+1)=9,time(ms)=0.086,total_t(ms)=0.087,cost=0.040
[ego_planner_node-2] [0mtraj 1 success.
[ego_planner_node-2] plan_success=1
[ego_planner_node-2] total time:[42m0.000345836[0m,optimize:0.000339836,refine:6e-06,avg_time=0.000325488
[ego_planner_node-2] refine_success=1
[ego_planner_node-2] [SAFETY]: from EXEC_TRAJ to EXEC_TRAJ
[ego_planner_node-2] [47;30m
[ego_planner_node-2] [drone 0 replan 364]==============================================[0m
[ego_planner_node-2] [1;33mmulti-trajs=1[1;0m
[ego_planner_node-2] [32miter(+1)=5,time(ms)=0.055,total_t(ms)=0.057,cost=0.023
[ego_planner_node-2] [0mtraj 1 success.
[ego_planner_node-2] plan_success=1
[ego_planner_node-2] total time:[42m0.000373308[0m,optimize:0.000367085,refine:6.223e-06,avg_time=0.000325619
[ego_planner_node-2] refine_success=1
[ego_planner_node-2] [SAFETY]: from EXEC_TRAJ to EXEC_TRAJ
[ego_planner_node-2] [47;30m
[ego_planner_node-2] [drone 0 replan 365]==============================================[0m
[ego_planner_node-2] [1;33mmulti-trajs=1[1;0m
[ego_planner_node-2] [32miter(+1)=9,time(ms)=0.065,total_t(ms)=0.065,cost=0.025
[ego_planner_node-2] [0mtraj 1 success.
[ego_planner_node-2] plan_success=1
[ego_planner_node-2] total time:[42m0.000239359[0m,optimize:0.000235703,refine:3.656e-06,avg_time=0.000325383
[ego_planner_node-2] refine_success=1
[ego_planner_node-2] [SAFETY]: from EXEC_TRAJ to EXEC_TRAJ
[ego_planner_node-2] [47;30m
[ego_planner_node-2] [drone 0 replan 366]==============================================[0m
[ego_planner_node-2] [1;33mmulti-trajs=1[1;0m
[ego_planner_node-2] [32miter(+1)=10,time(ms)=0.081,total_t(ms)=0.082,cost=0.022
[ego_planner_node-2] [0mtraj 1 success.
[ego_planner_node-2] plan_success=1
[ego_planner_node-2] total time:[42m0.000405902[0m,optimize:0.000400324,refine:5.578e-06,avg_time=0.000325603
[ego_planner_node-2] refine_success=1
[ego_planner_node-2] [SAFETY]: from EXEC_TRAJ to EXEC_TRAJ
[ego_planner_node-2] [47;30m
[ego_planner_node-2] [drone 0 replan 367]==============================================[0m
[ego_planner_node-2] [1;33mmulti-trajs=1[1;0m
[ego_planner_node-2] [32miter(+1)=11,time(ms)=0.067,total_t(ms)=0.068,cost=0.054
[ego_planner_node-2] [0mtraj 1 success.
[ego_planner_node-2] plan_success=1
[ego_planner_node-2] total time:[42m0.000249058[0m,optimize:0.000244461,refine:4.597e-06,avg_time=0.000325395
[ego_planner_node-2] refine_success=1
[ego_planner_node-2] [SAFETY]: from EXEC_TRAJ to EXEC_TRAJ
[ego_planner_node-2] [47;30m
[ego_planner_node-2] [drone 0 replan 368]==============================================[0m
[ego_planner_node-2] [1;33mmulti-trajs=1[1;0m
[ego_planner_node-2] [32miter(+1)=6,time(ms)=0.058,total_t(ms)=0.059,cost=0.028
[ego_planner_node-2] [0mtraj 1 success.
[ego_planner_node-2] plan_success=1
[ego_planner_node-2] total time:[42m0.000329832[0m,optimize:0.000324904,refine:4.928e-06,avg_time=0.000325407
[ego_planner_node-2] refine_success=1
[ego_planner_node-2] [SAFETY]: from EXEC_TRAJ to EXEC_TRAJ
[ego_planner_node-2] [47;30m
[ego_planner_node-2] [drone 0 replan 369]==============================================[0m
[ego_planner_node-2] [1;33mmulti-trajs=1[1;0m
[ego_planner_node-2] [32miter(+1)=9,time(ms)=0.078,total_t(ms)=0.079,cost=0.039
[ego_planner_node-2] [0mtraj 1 success.
[ego_planner_node-2] plan_success=1
[ego_planner_node-2] total time:[42m0.000294838[0m,optimize:0.000289421,refine:5.417e-06,avg_time=0.000325324
[ego_planner_node-2] refine_success=1
[ego_planner_node-2] [SAFETY]: from EXEC_TRAJ to EXEC_TRAJ
[ego_planner_node-2] [FSM]: state: EXEC_TRAJ
[ego_planner_node-2] [47;30m
[ego_planner_node-2] [drone 0 replan 370]==============================================[0m
[ego_planner_node-2] [1;33mmulti-trajs=1[1;0m
[ego_planner_node-2] [32miter(+1)=6,time(ms)=0.025,total_t(ms)=0.025,cost=0.020
[ego_planner_node-2] [0mtraj 1 success.
[ego_planner_node-2] plan_success=1
[ego_planner_node-2] total time:[42m0.000127876[0m,optimize:0.000125888,refine:1.988e-06,avg_time=0.000324792
[ego_planner_node-2] refine_success=1
[ego_planner_node-2] [SAFETY]: from EXEC_TRAJ to EXEC_TRAJ
[ego_planner_node-2] [47;30m
[ego_planner_node-2] [drone 0 replan 371]==============================================[0m
[ego_planner_node-2] [1;33mmulti-trajs=1[1;0m
[ego_planner_node-2] [32miter(+1)=10,time(ms)=0.075,total_t(ms)=0.076,cost=0.023
[ego_planner_node-2] [0mtraj 1 success.
[ego_planner_node-2] plan_success=1
[ego_planner_node-2] total time:[42m0.000277809[0m,optimize:0.000272843,refine:4.966e-06,avg_time=0.000324665
[ego_planner_node-2] refine_success=1
[ego_planner_node-2] [SAFETY]: from EXEC_TRAJ to EXEC_TRAJ
[ego_planner_node-2] [47;30m
[ego_planner_node-2] [drone 0 replan 372]==============================================[0m
[ego_planner_node-2] [1;33mmulti-trajs=1[1;0m
[ego_planner_node-2] [32miter(+1)=9,time(ms)=0.043,total_t(ms)=0.044,cost=0.021
[ego_planner_node-2] [0mtraj 1 success.
[ego_planner_node-2] plan_success=1
[ego_planner_node-2] total time:[42m0.000204907[0m,optimize:0.000201739,refine:3.168e-06,avg_time=0.000324344
[ego_planner_node-2] refine_success=1
[ego_planner_node-2] [SAFETY]: from EXEC_TRAJ to EXEC_TRAJ
[ego_planner_node-2] [47;30m
[ego_planner_node-2] [drone 0 replan 373]==============================================[0m
[ego_planner_node-2] [1;33mmulti-trajs=1[1;0m
[ego_planner_node-2] [32miter(+1)=11,time(ms)=0.077,total_t(ms)=0.078,cost=0.054
[ego_planner_node-2] [0mtraj 1 success.
[ego_planner_node-2] plan_success=1
[ego_planner_node-2] total time:[42m0.000276146[0m,optimize:0.00027159,refine:4.556e-06,avg_time=0.000324216
[ego_planner_node-2] refine_success=1
[ego_planner_node-2] [SAFETY]: from EXEC_TRAJ to EXEC_TRAJ
[ego_planner_node-2] [47;30m
[ego_planner_node-2] [drone 0 replan 374]==============================================[0m
[ego_planner_node-2] [1;33mmulti-trajs=1[1;0m
[ego_planner_node-2] [32miter(+1)=6,time(ms)=0.053,total_t(ms)=0.054,cost=0.028
[ego_planner_node-2] [0mtraj 1 success.
[ego_planner_node-2] plan_success=1
[ego_planner_node-2] total time:[42m0.000291047[0m,optimize:0.00028622,refine:4.827e-06,avg_time=0.000324127
[ego_planner_node-2] refine_success=1
[ego_planner_node-2] [SAFETY]: from EXEC_TRAJ to EXEC_TRAJ
[ego_planner_node-2] [47;30m
[ego_planner_node-2] [drone 0 replan 375]==============================================[0m
[ego_planner_node-2] [1;33mmulti-trajs=1[1;0m
[ego_planner_node-2] [32miter(+1)=9,time(ms)=0.028,total_t(ms)=0.028,cost=0.038
[ego_planner_node-2] [0mtraj 1 success.
[ego_planner_node-2] plan_success=1
[ego_planner_node-2] total time:[42m0.000112886[0m,optimize:0.000110988,refine:1.898e-06,avg_time=0.000323565
[ego_planner_node-2] refine_success=1
[ego_planner_node-2] [SAFETY]: from EXEC_TRAJ to EXEC_TRAJ
[ego_planner_node-2] [47;30m
[ego_planner_node-2] [drone 0 replan 376]==============================================[0m
[ego_planner_node-2] [1;33mmulti-trajs=1[1;0m
[ego_planner_node-2] [32miter(+1)=6,time(ms)=0.038,total_t(ms)=0.039,cost=0.020
[ego_planner_node-2] [0mtraj 1 success.
[ego_planner_node-2] plan_success=1
[ego_planner_node-2] total time:[42m0.000218004[0m,optimize:0.000214342,refine:3.662e-06,avg_time=0.000323285
[ego_planner_node-2] refine_success=1
[ego_planner_node-2] [SAFETY]: from EXEC_TRAJ to EXEC_TRAJ
[ego_planner_node-2] [47;30m
[ego_planner_node-2] [drone 0 replan 377]==============================================[0m
[ego_planner_node-2] [1;33mmulti-trajs=1[1;0m
[ego_planner_node-2] [32miter(+1)=10,time(ms)=0.072,total_t(ms)=0.073,cost=0.023
[ego_planner_node-2] [0mtraj 1 success.
[ego_planner_node-2] plan_success=1
[ego_planner_node-2] total time:[42m0.000239559[0m,optimize:0.000235791,refine:3.768e-06,avg_time=0.000323064
[ego_planner_node-2] refine_success=1
[ego_planner_node-2] [SAFETY]: from EXEC_TRAJ to EXEC_TRAJ
[ego_planner_node-2] [47;30m
[ego_planner_node-2] [drone 0 replan 378]==============================================[0m
[ego_planner_node-2] [1;33mmulti-trajs=1[1;0m
[ego_planner_node-2] [32miter(+1)=9,time(ms)=0.045,total_t(ms)=0.045,cost=0.019
[ego_planner_node-2] [0mtraj 1 success.
[ego_planner_node-2] plan_success=1
[ego_planner_node-2] total time:[42m0.000210356[0m,optimize:0.000207252,refine:3.104e-06,avg_time=0.000322766
[ego_planner_node-2] refine_success=1
[ego_planner_node-2] [SAFETY]: from EXEC_TRAJ to EXEC_TRAJ
[ego_planner_node-2] [47;30m
[ego_planner_node-2] [drone 0 replan 379]==============================================[0m
[ego_planner_node-2] [1;33mmulti-trajs=1[1;0m
[ego_planner_node-2] [32miter(+1)=11,time(ms)=0.084,total_t(ms)=0.085,cost=0.054
[ego_planner_node-2] [0mtraj 1 success.
[ego_planner_node-2] plan_success=1
[ego_planner_node-2] total time:[42m0.000298221[0m,optimize:0.000292955,refine:5.266e-06,avg_time=0.000322702
[ego_planner_node-2] refine_success=1
[ego_planner_node-2] [SAFETY]: from EXEC_TRAJ to EXEC_TRAJ
[ego_planner_node-2] [47;30m
[ego_planner_node-2] [drone 0 replan 380]==============================================[0m
[ego_planner_node-2] [1;33mmulti-trajs=1[1;0m
[ego_planner_node-2] [32miter(+1)=6,time(ms)=0.020,total_t(ms)=0.021,cost=0.029
[ego_planner_node-2] [0mtraj 1 success.
[ego_planner_node-2] plan_success=1
[ego_planner_node-2] total time:[42m0.000115325[0m,optimize:0.000113385,refine:1.94e-06,avg_time=0.000322158
[ego_planner_node-2] refine_success=1
[ego_planner_node-2] [SAFETY]: from EXEC_TRAJ to EXEC_TRAJ
[ego_planner_node-2] [47;30m
[ego_planner_node-2] [drone 0 replan 381]==============================================[0m
[ego_planner_node-2] [1;33mmulti-trajs=1[1;0m
[ego_planner_node-2] [32miter(+1)=9,time(ms)=0.076,total_t(ms)=0.076,cost=0.037
[ego_planner_node-2] [0mtraj 1 success.
[ego_planner_node-2] plan_success=1
[ego_planner_node-2] total time:[42m0.000295086[0m,optimize:0.000289731,refine:5.355e-06,avg_time=0.000322087
[ego_planner_node-2] refine_success=1
[ego_planner_node-2] [SAFETY]: from EXEC_TRAJ to EXEC_TRAJ
[ego_planner_node-2] [47;30m
[ego_planner_node-2] [drone 0 replan 382]==============================================[0m
[ego_planner_node-2] [1;33mmulti-trajs=1[1;0m
[ego_planner_node-2] [32miter(+1)=6,time(ms)=0.051,total_t(ms)=0.052,cost=0.020
[ego_planner_node-2] [0mtraj 1 success.
[ego_planner_node-2] plan_success=1
[ego_planner_node-2] total time:[42m0.000285415[0m,optimize:0.000280698,refine:4.717e-06,avg_time=0.000321991
[ego_planner_node-2] refine_success=1
[ego_planner_node-2] [SAFETY]: from EXEC_TRAJ to EXEC_TRAJ
[ego_planner_node-2] [47;30m
[ego_planner_node-2] [drone 0 replan 383]==============================================[0m
[ego_planner_node-2] [1;33mmulti-trajs=1[1;0m
[ego_planner_node-2] [32miter(+1)=10,time(ms)=0.050,total_t(ms)=0.051,cost=0.024
[ego_planner_node-2] [0mtraj 1 success.
[ego_planner_node-2] plan_success=1
[ego_planner_node-2] total time:[42m0.00019234[0m,optimize:0.000189166,refine:3.174e-06,avg_time=0.000321653
[ego_planner_node-2] refine_success=1
[ego_planner_node-2] [SAFETY]: from EXEC_TRAJ to EXEC_TRAJ
[ego_planner_node-2] [47;30m
[ego_planner_node-2] [drone 0 replan 384]==============================================[0m
[ego_planner_node-2] [1;33mmulti-trajs=1[1;0m
[ego_planner_node-2] [32miter(+1)=9,time(ms)=0.098,total_t(ms)=0.099,cost=0.021
[ego_planner_node-2] [0mtraj 1 success.
[ego_planner_node-2] plan_success=1
[ego_planner_node-2] total time:[42m0.000394298[0m,optimize:0.000388268,refine:6.03e-06,avg_time=0.000321842
[ego_planner_node-2] refine_success=1
[ego_planner_node-2] [SAFETY]: from EXEC_TRAJ to EXEC_TRAJ
[ego_planner_node-2] [47;30m
[ego_planner_node-2] [drone 0 replan 385]==============================================[0m
[ego_planner_node-2] [1;33mmulti-trajs=1[1;0m
[ego_planner_node-2] [32miter(+1)=10,time(ms)=0.058,total_t(ms)=0.059,cost=0.052
[ego_planner_node-2] [0mtraj 1 success.
[ego_planner_node-2] plan_success=1
[ego_planner_node-2] total time:[42m0.000193103[0m,optimize:0.000190044,refine:3.059e-06,avg_time=0.000321508
[ego_planner_node-2] refine_success=1
[ego_planner_node-2] [SAFETY]: from EXEC_TRAJ to EXEC_TRAJ
[ego_planner_node-2] [47;30m
[ego_planner_node-2] [drone 0 replan 386]==============================================[0m
[ego_planner_node-2] [1;33mmulti-trajs=1[1;0m
[ego_planner_node-2] [32miter(+1)=6,time(ms)=0.059,total_t(ms)=0.060,cost=0.029
[ego_planner_node-2] [0mtraj 1 success.
[ego_planner_node-2] plan_success=1
[ego_planner_node-2] total time:[42m0.000335341[0m,optimize:0.000330375,refine:4.966e-06,avg_time=0.000321544
[ego_planner_node-2] refine_success=1
[ego_planner_node-2] [SAFETY]: from EXEC_TRAJ to EXEC_TRAJ
[ego_planner_node-2] [47;30m
[ego_planner_node-2] [drone 0 replan 387]==============================================[0m
[ego_planner_node-2] [1;33mmulti-trajs=1[1;0m
[ego_planner_node-2] [32miter(+1)=9,time(ms)=0.177,total_t(ms)=0.178,cost=0.038
[ego_planner_node-2] [0mtraj 1 success.
[ego_planner_node-2] plan_success=1
[ego_planner_node-2] total time:[42m0.000377424[0m,optimize:0.000373909,refine:3.515e-06,avg_time=0.000321688
[ego_planner_node-2] refine_success=1
[ego_planner_node-2] [SAFETY]: from EXEC_TRAJ to EXEC_TRAJ
[ego_planner_node-2] [47;30m
[ego_planner_node-2] [drone 0 replan 388]==============================================[0m
[ego_planner_node-2] [1;33mmulti-trajs=1[1;0m
[ego_planner_node-2] [32miter(+1)=6,time(ms)=0.054,total_t(ms)=0.055,cost=0.020
[ego_planner_node-2] [0mtraj 1 success.
[ego_planner_node-2] plan_success=1
[ego_planner_node-2] total time:[42m0.000304106[0m,optimize:0.000299547,refine:4.559e-06,avg_time=0.000321643
[ego_planner_node-2] refine_success=1
[ego_planner_node-2] [SAFETY]: from EXEC_TRAJ to EXEC_TRAJ
[ego_planner_node-2] [47;30m
[ego_planner_node-2] [drone 0 replan 389]==============================================[0m
[ego_planner_node-2] [1;33mmulti-trajs=1[1;0m
[ego_planner_node-2] [32miter(+1)=9,time(ms)=0.057,total_t(ms)=0.058,cost=0.025
[ego_planner_node-2] [0mtraj 1 success.
[ego_planner_node-2] plan_success=1
[ego_planner_node-2] total time:[42m0.000215941[0m,optimize:0.000212209,refine:3.732e-06,avg_time=0.000321372
[ego_planner_node-2] refine_success=1
[ego_planner_node-2] [SAFETY]: from EXEC_TRAJ to EXEC_TRAJ
[ego_planner_node-2] [FSM]: state: EXEC_TRAJ
[ego_planner_node-2] [47;30m
[ego_planner_node-2] [drone 0 replan 390]==============================================[0m
[ego_planner_node-2] [1;33mmulti-trajs=1[1;0m
[ego_planner_node-2] [32miter(+1)=9,time(ms)=0.046,total_t(ms)=0.047,cost=0.022
[ego_planner_node-2] [0mtraj 1 success.
[ego_planner_node-2] plan_success=1
[ego_planner_node-2] total time:[42m0.000236907[0m,optimize:0.000233392,refine:3.515e-06,avg_time=0.000321156
[ego_planner_node-2] refine_success=1
[ego_planner_node-2] [SAFETY]: from EXEC_TRAJ to EXEC_TRAJ
[ego_planner_node-2] [47;30m
[ego_planner_node-2] [drone 0 replan 391]==============================================[0m
[ego_planner_node-2] [1;33mmulti-trajs=1[1;0m
[ego_planner_node-2] [32miter(+1)=10,time(ms)=0.072,total_t(ms)=0.073,cost=0.054
[ego_planner_node-2] [0mtraj 1 success.
[ego_planner_node-2] plan_success=1
[ego_planner_node-2] total time:[42m0.000254194[0m,optimize:0.000249429,refine:4.765e-06,avg_time=0.000320985
[ego_planner_node-2] refine_success=1
[ego_planner_node-2] [SAFETY]: from EXEC_TRAJ to EXEC_TRAJ
[ego_planner_node-2] [47;30m
[ego_planner_node-2] [drone 0 replan 392]==============================================[0m
[ego_planner_node-2] [1;33mmulti-trajs=1[1;0m
[ego_planner_node-2] [32miter(+1)=9,time(ms)=0.061,total_t(ms)=0.062,cost=0.014
[ego_planner_node-2] [0mtraj 1 success.
[ego_planner_node-2] plan_success=1
[ego_planner_node-2] total time:[42m0.000288799[0m,optimize:0.000284355,refine:4.444e-06,avg_time=0.000320903
[ego_planner_node-2] refine_success=1
[ego_planner_node-2] [SAFETY]: from EXEC_TRAJ to EXEC_TRAJ
[ego_planner_node-2] [47;30m
[ego_planner_node-2] [drone 0 replan 393]==============================================[0m
[ego_planner_node-2] [1;33mmulti-trajs=1[1;0m
[ego_planner_node-2] [32miter(+1)=9,time(ms)=0.095,total_t(ms)=0.096,cost=0.040
[ego_planner_node-2] [0mtraj 1 success.
[ego_planner_node-2] plan_success=1
[ego_planner_node-2] total time:[42m0.000354311[0m,optimize:0.000347598,refine:6.713e-06,avg_time=0.000320988
[ego_planner_node-2] refine_success=1
[ego_planner_node-2] [SAFETY]: from EXEC_TRAJ to EXEC_TRAJ
[ego_planner_node-2] [47;30m
[ego_planner_node-2] [drone 0 replan 394]==============================================[0m
[ego_planner_node-2] [1;33mmulti-trajs=1[1;0m
[ego_planner_node-2] [32miter(+1)=6,time(ms)=0.047,total_t(ms)=0.048,cost=0.020
[ego_planner_node-2] [0mtraj 1 success.
[ego_planner_node-2] plan_success=1
[ego_planner_node-2] total time:[42m0.000268252[0m,optimize:0.000263708,refine:4.544e-06,avg_time=0.000320855
[ego_planner_node-2] refine_success=1
[ego_planner_node-2] [SAFETY]: from EXEC_TRAJ to EXEC_TRAJ
[ego_planner_node-2] [47;30m
[ego_planner_node-2] [drone 0 replan 395]==============================================[0m
[ego_planner_node-2] [1;33mmulti-trajs=1[1;0m
[ego_planner_node-2] [32miter(+1)=10,time(ms)=0.049,total_t(ms)=0.049,cost=0.025
[ego_planner_node-2] [0mtraj 1 success.
[ego_planner_node-2] plan_success=1
[ego_planner_node-2] total time:[42m0.000184724[0m,optimize:0.000181513,refine:3.211e-06,avg_time=0.000320511
[ego_planner_node-2] refine_success=1
[ego_planner_node-2] [SAFETY]: from EXEC_TRAJ to EXEC_TRAJ
[ego_planner_node-2] [47;30m
[ego_planner_node-2] [drone 0 replan 396]==============================================[0m
[ego_planner_node-2] [1;33mmulti-trajs=1[1;0m
[ego_planner_node-2] [32miter(+1)=9,time(ms)=0.057,total_t(ms)=0.058,cost=0.021
[ego_planner_node-2] [0mtraj 1 success.
[ego_planner_node-2] plan_success=1
[ego_planner_node-2] total time:[42m0.000259525[0m,optimize:0.000255593,refine:3.932e-06,avg_time=0.000320357
[ego_planner_node-2] refine_success=1
[ego_planner_node-2] [SAFETY]: from EXEC_TRAJ to EXEC_TRAJ
[ego_planner_node-2] [47;30m
[ego_planner_node-2] [drone 0 replan 397]==============================================[0m
[ego_planner_node-2] [1;33mmulti-trajs=1[1;0m
[ego_planner_node-2] [32miter(+1)=10,time(ms)=0.073,total_t(ms)=0.074,cost=0.055
[ego_planner_node-2] [0mtraj 1 success.
[ego_planner_node-2] plan_success=1
[ego_planner_node-2] total time:[42m0.000265148[0m,optimize:0.000260574,refine:4.574e-06,avg_time=0.000320218
[ego_planner_node-2] refine_success=1
[ego_planner_node-2] [SAFETY]: from EXEC_TRAJ to EXEC_TRAJ
[ego_planner_node-2] [47;30m
[ego_planner_node-2] [drone 0 replan 398]==============================================[0m
[ego_planner_node-2] [1;33mmulti-trajs=1[1;0m
[ego_planner_node-2] [32miter(+1)=10,time(ms)=0.070,total_t(ms)=0.071,cost=0.016
[ego_planner_node-2] [0mtraj 1 success.
[ego_planner_node-2] plan_success=1
[ego_planner_node-2] total time:[42m0.000329083[0m,optimize:0.000324075,refine:5.008e-06,avg_time=0.000320241
[ego_planner_node-2] refine_success=1
[ego_planner_node-2] [SAFETY]: from EXEC_TRAJ to EXEC_TRAJ
[ego_planner_node-2] [47;30m
[ego_planner_node-2] [drone 0 replan 399]==============================================[0m
[ego_planner_node-2] [1;33mmulti-trajs=1[1;0m
[ego_planner_node-2] [32miter(+1)=10,time(ms)=0.090,total_t(ms)=0.091,cost=0.036
[ego_planner_node-2] [0mtraj 1 success.
[ego_planner_node-2] plan_success=1
[ego_planner_node-2] total time:[42m0.000310866[0m,optimize:0.000305286,refine:5.58e-06,avg_time=0.000320217
[ego_planner_node-2] refine_success=1
[ego_planner_node-2] [SAFETY]: from EXEC_TRAJ to EXEC_TRAJ
[ego_planner_node-2] [47;30m
[ego_planner_node-2] [drone 0 replan 400]==============================================[0m
[ego_planner_node-2] [1;33mmulti-trajs=1[1;0m
[ego_planner_node-2] [32miter(+1)=6,time(ms)=0.054,total_t(ms)=0.055,cost=0.020
[ego_planner_node-2] [0mtraj 1 success.
[ego_planner_node-2] plan_success=1
[ego_planner_node-2] total time:[42m0.000222931[0m,optimize:0.000219346,refine:3.585e-06,avg_time=0.000319975
[ego_planner_node-2] refine_success=1
[ego_planner_node-2] [SAFETY]: from EXEC_TRAJ to EXEC_TRAJ
[ego_planner_node-2] [47;30m
[ego_planner_node-2] [drone 0 replan 401]==============================================[0m
[ego_planner_node-2] [1;33mmulti-trajs=1[1;0m
[ego_planner_node-2] [32miter(+1)=10,time(ms)=0.079,total_t(ms)=0.080,cost=0.023
[ego_planner_node-2] [0mtraj 1 success.
[ego_planner_node-2] plan_success=1
[ego_planner_node-2] total time:[42m0.000458109[0m,optimize:0.000453716,refine:4.393e-06,avg_time=0.000320318
[ego_planner_node-2] refine_success=1
[ego_planner_node-2] [SAFETY]: from EXEC_TRAJ to EXEC_TRAJ
[ego_planner_node-2] [47;30m
[ego_planner_node-2] [drone 0 replan 402]==============================================[0m
[ego_planner_node-2] [1;33mmulti-trajs=1[1;0m
[ego_planner_node-2] [32miter(+1)=10,time(ms)=0.108,total_t(ms)=0.109,cost=0.018
[ego_planner_node-2] [0mtraj 1 success.
[ego_planner_node-2] plan_success=1
[ego_planner_node-2] total time:[42m0.000374488[0m,optimize:0.000368962,refine:5.526e-06,avg_time=0.000320453
[ego_planner_node-2] refine_success=1
[ego_planner_node-2] [SAFETY]: from EXEC_TRAJ to EXEC_TRAJ
[ego_planner_node-2] [47;30m
[ego_planner_node-2] [drone 0 replan 403]==============================================[0m
[ego_planner_node-2] [1;33mmulti-trajs=1[1;0m
[ego_planner_node-2] [32miter(+1)=9,time(ms)=0.062,total_t(ms)=0.063,cost=0.059
[ego_planner_node-2] [0mtraj 1 success.
[ego_planner_node-2] plan_success=1
[ego_planner_node-2] total time:[42m0.000222099[0m,optimize:0.00021789,refine:4.209e-06,avg_time=0.000320209
[ego_planner_node-2] refine_success=1
[ego_planner_node-2] [SAFETY]: from EXEC_TRAJ to EXEC_TRAJ
[ego_planner_node-2] [47;30m
[ego_planner_node-2] [drone 0 replan 404]==============================================[0m
[ego_planner_node-2] [1;33mmulti-trajs=1[1;0m
[ego_planner_node-2] [32miter(+1)=10,time(ms)=0.081,total_t(ms)=0.082,cost=0.014
[ego_planner_node-2] [0mtraj 1 success.
[ego_planner_node-2] plan_success=1
[ego_planner_node-2] total time:[42m0.000283446[0m,optimize:0.000279036,refine:4.41e-06,avg_time=0.000320118
[ego_planner_node-2] refine_success=1
[ego_planner_node-2] [SAFETY]: from EXEC_TRAJ to EXEC_TRAJ
[ego_planner_node-2] [47;30m
[ego_planner_node-2] [drone 0 replan 405]==============================================[0m
[ego_planner_node-2] [1;33mmulti-trajs=1[1;0m
[ego_planner_node-2] [32miter(+1)=9,time(ms)=0.056,total_t(ms)=0.057,cost=0.040
[ego_planner_node-2] [0mtraj 1 success.
[ego_planner_node-2] plan_success=1
[ego_planner_node-2] total time:[42m0.000276212[0m,optimize:0.000272099,refine:4.113e-06,avg_time=0.00032001
[ego_planner_node-2] refine_success=1
[ego_planner_node-2] [SAFETY]: from EXEC_TRAJ to EXEC_TRAJ
[ego_planner_node-2] [47;30m
[ego_planner_node-2] [drone 0 replan 406]==============================================[0m
[ego_planner_node-2] [1;33mmulti-trajs=1[1;0m
[ego_planner_node-2] [32miter(+1)=6,time(ms)=0.071,total_t(ms)=0.072,cost=0.020
[ego_planner_node-2] [0mtraj 1 success.
[ego_planner_node-2] plan_success=1
[ego_planner_node-2] total time:[42m0.000309705[0m,optimize:0.000304932,refine:4.773e-06,avg_time=0.000319985
[ego_planner_node-2] refine_success=1
[ego_planner_node-2] [SAFETY]: from EXEC_TRAJ to EXEC_TRAJ
[ego_planner_node-2] [47;30m
[ego_planner_node-2] [drone 0 replan 407]==============================================[0m
[ego_planner_node-2] [1;33mmulti-trajs=1[1;0m
[ego_planner_node-2] [32miter(+1)=10,time(ms)=0.053,total_t(ms)=0.054,cost=0.026
[ego_planner_node-2] [0mtraj 1 success.
[ego_planner_node-2] plan_success=1
[ego_planner_node-2] total time:[42m0.000193441[0m,optimize:0.000189731,refine:3.71e-06,avg_time=0.000319675
[ego_planner_node-2] refine_success=1
[ego_planner_node-2] [SAFETY]: from EXEC_TRAJ to EXEC_TRAJ
[ego_planner_node-2] [47;30m
[ego_planner_node-2] [drone 0 replan 408]==============================================[0m
[ego_planner_node-2] [1;33mmulti-trajs=1[1;0m
[ego_planner_node-2] [32miter(+1)=9,time(ms)=0.056,total_t(ms)=0.057,cost=0.022
[ego_planner_node-2] [0mtraj 1 success.
[ego_planner_node-2] plan_success=1
[ego_planner_node-2] total time:[42m0.000245254[0m,optimize:0.000241293,refine:3.961e-06,avg_time=0.000319493
[ego_planner_node-2] refine_success=1
[ego_planner_node-2] [SAFETY]: from EXEC_TRAJ to EXEC_TRAJ
[ego_planner_node-2] [47;30m
[ego_planner_node-2] [drone 0 replan 409]==============================================[0m
[ego_planner_node-2] [1;33mmulti-trajs=1[1;0m
[ego_planner_node-2] [32miter(+1)=12,time(ms)=0.051,total_t(ms)=0.051,cost=0.041
[ego_planner_node-2] [0mtraj 1 success.
[ego_planner_node-2] plan_success=1
[ego_planner_node-2] total time:[42m0.000160706[0m,optimize:0.000157669,refine:3.037e-06,avg_time=0.000319106
[ego_planner_node-2] refine_success=1
[ego_planner_node-2] [SAFETY]: from EXEC_TRAJ to EXEC_TRAJ
[ego_planner_node-2] [47;30m
[ego_planner_node-2] [drone 0 replan 410]==============================================[0m
[ego_planner_node-2] [1;33mmulti-trajs=1[1;0m
[ego_planner_node-2] [32miter(+1)=9,time(ms)=0.050,total_t(ms)=0.051,cost=0.017
[ego_planner_node-2] [0mtraj 1 success.
[ego_planner_node-2] plan_success=1
[ego_planner_node-2] total time:[42m0.00022851[0m,optimize:0.000224822,refine:3.688e-06,avg_time=0.000318885
[ego_planner_node-2] refine_success=1
[ego_planner_node-2] [SAFETY]: from EXEC_TRAJ to EXEC_TRAJ
[ego_planner_node-2] [FSM]: state: EXEC_TRAJ
[ego_planner_node-2] [47;30m
[ego_planner_node-2] [drone 0 replan 411]==============================================[0m
[ego_planner_node-2] [1;33mmulti-trajs=1[1;0m
[ego_planner_node-2] [32miter(+1)=11,time(ms)=0.057,total_t(ms)=0.058,cost=0.028
[ego_planner_node-2] [0mtraj 1 success.
[ego_planner_node-2] plan_success=1
[ego_planner_node-2] total time:[42m0.000187517[0m,optimize:0.000184118,refine:3.399e-06,avg_time=0.000318566
[ego_planner_node-2] refine_success=1
[ego_planner_node-2] [SAFETY]: from EXEC_TRAJ to EXEC_TRAJ
[ego_planner_node-2] [47;30m
[ego_planner_node-2] [drone 0 replan 412]==============================================[0m
[ego_planner_node-2] [1;33mmulti-trajs=1[1;0m
[ego_planner_node-2] [32miter(+1)=6,time(ms)=0.051,total_t(ms)=0.052,cost=0.018
[ego_planner_node-2] [0mtraj 1 success.
[ego_planner_node-2] plan_success=1
[ego_planner_node-2] total time:[42m0.000269657[0m,optimize:0.000264904,refine:4.753e-06,avg_time=0.000318448
[ego_planner_node-2] refine_success=1
[ego_planner_node-2] [SAFETY]: from EXEC_TRAJ to EXEC_TRAJ
[ego_planner_node-2] [47;30m
[ego_planner_node-2] [drone 0 replan 413]==============================================[0m
[ego_planner_node-2] [1;33mmulti-trajs=1[1;0m
[ego_planner_node-2] [32miter(+1)=12,time(ms)=0.075,total_t(ms)=0.077,cost=0.018
[ego_planner_node-2] [0mtraj 1 success.
[ego_planner_node-2] plan_success=1
[ego_planner_node-2] total time:[42m0.000263183[0m,optimize:0.000258654,refine:4.529e-06,avg_time=0.000318314
[ego_planner_node-2] refine_success=1
[ego_planner_node-2] [SAFETY]: from EXEC_TRAJ to EXEC_TRAJ
[ego_planner_node-2] [47;30m
[ego_planner_node-2] [drone 0 replan 414]==============================================[0m
[ego_planner_node-2] [1;33mmulti-trajs=1[1;0m
[ego_planner_node-2] [32miter(+1)=10,time(ms)=0.065,total_t(ms)=0.066,cost=0.015
[ego_planner_node-2] [0mtraj 1 success.
[ego_planner_node-2] plan_success=1
[ego_planner_node-2] total time:[42m0.000278258[0m,optimize:0.000273711,refine:4.547e-06,avg_time=0.000318218
[ego_planner_node-2] refine_success=1
[ego_planner_node-2] [SAFETY]: from EXEC_TRAJ to EXEC_TRAJ
[ego_planner_node-2] [47;30m
[ego_planner_node-2] [drone 0 replan 415]==============================================[0m
[ego_planner_node-2] [1;33mmulti-trajs=1[1;0m
[ego_planner_node-2] [32miter(+1)=7,time(ms)=0.044,total_t(ms)=0.044,cost=0.064
[ego_planner_node-2] [0mtraj 1 success.
[ego_planner_node-2] plan_success=1
[ego_planner_node-2] total time:[42m0.00019267[0m,optimize:0.000189345,refine:3.325e-06,avg_time=0.000317916
[ego_planner_node-2] refine_success=1
[ego_planner_node-2] [SAFETY]: from EXEC_TRAJ to EXEC_TRAJ
[ego_planner_node-2] [47;30m
[ego_planner_node-2] [drone 0 replan 416]==============================================[0m
[ego_planner_node-2] [1;33mmulti-trajs=1[1;0m
[ego_planner_node-2] [32miter(+1)=8,time(ms)=0.054,total_t(ms)=0.055,cost=0.051
[ego_planner_node-2] [0mtraj 1 success.
[ego_planner_node-2] plan_success=1
[ego_planner_node-2] total time:[42m0.000215156[0m,optimize:0.000211018,refine:4.138e-06,avg_time=0.00031767
[ego_planner_node-2] refine_success=1
[ego_planner_node-2] [SAFETY]: from EXEC_TRAJ to EXEC_TRAJ
[ego_planner_node-2] [47;30m
[ego_planner_node-2] [drone 0 replan 417]==============================================[0m
[ego_planner_node-2] [1;33mmulti-trajs=1[1;0m
[ego_planner_node-2] [32miter(+1)=7,time(ms)=0.057,total_t(ms)=0.058,cost=0.039
[ego_planner_node-2] [0mtraj 1 success.
[ego_planner_node-2] plan_success=1
[ego_planner_node-2] total time:[42m0.000242423[0m,optimize:0.00023761,refine:4.813e-06,avg_time=0.00031749
[ego_planner_node-2] refine_success=1
[ego_planner_node-2] [SAFETY]: from EXEC_TRAJ to EXEC_TRAJ
[ego_planner_node-2] [47;30m
[ego_planner_node-2] [drone 0 replan 418]==============================================[0m
[ego_planner_node-2] [1;33mmulti-trajs=1[1;0m
[ego_planner_node-2] [32miter(+1)=8,time(ms)=0.042,total_t(ms)=0.043,cost=0.030
[ego_planner_node-2] [0mtraj 1 success.
[ego_planner_node-2] plan_success=1
[ego_planner_node-2] total time:[42m0.000167995[0m,optimize:0.000164804,refine:3.191e-06,avg_time=0.000317133
[ego_planner_node-2] refine_success=1
[ego_planner_node-2] [SAFETY]: from EXEC_TRAJ to EXEC_TRAJ
[ego_planner_node-2] [47;30m
[ego_planner_node-2] [drone 0 replan 419]==============================================[0m
[ego_planner_node-2] [1;33mmulti-trajs=1[1;0m
[ego_planner_node-2] [32miter(+1)=7,time(ms)=0.059,total_t(ms)=0.060,cost=0.025
[ego_planner_node-2] [0mtraj 1 success.
[ego_planner_node-2] plan_success=1
[ego_planner_node-2] total time:[42m0.000248653[0m,optimize:0.000243609,refine:5.044e-06,avg_time=0.00031697
[ego_planner_node-2] refine_success=1
[ego_planner_node-2] [SAFETY]: from EXEC_TRAJ to EXEC_TRAJ
[ego_planner_node-2] [FSM]: state: EXEC_TRAJ
[ego_planner_node-2] [FSM]: from EXEC_TRAJ to REPLAN_TRAJ
[ego_planner_node-2] [47;30m
[ego_planner_node-2] [drone 0 replan 420]==============================================[0m
[ego_planner_node-2] [1;33mmulti-trajs=1[1;0m
[ego_planner_node-2] [32miter(+1)=5,time(ms)=0.056,total_t(ms)=0.056,cost=0.034
[ego_planner_node-2] [0mtraj 1 success.
[ego_planner_node-2] plan_success=1
[ego_planner_node-2] total time:[42m0.000178585[0m,optimize:0.000175137,refine:3.448e-06,avg_time=0.000316641
[ego_planner_node-2] refine_success=1
[ego_planner_node-2] [FSM]: from REPLAN_TRAJ to EXEC_TRAJ
[ego_planner_node-2] [TRIG]: from EXEC_TRAJ to REPLAN_TRAJ
[ego_planner_node-2] [47;30m
[ego_planner_node-2] [drone 0 replan 421]==============================================[0m
[ego_planner_node-2] [1;33mmulti-trajs=1[1;0m
[ego_planner_node-2] [32miter(+1)=37,time(ms)=0.184,total_t(ms)=0.185,cost=0.465
[ego_planner_node-2] [0mtraj 1 success.
[ego_planner_node-2] plan_success=1
[ego_planner_node-2] total time:[42m0.000336154[0m,optimize:0.000333561,refine:2.593e-06,avg_time=0.000316687
[ego_planner_node-2] refine_success=1
[ego_planner_node-2] [FSM]: from REPLAN_TRAJ to EXEC_TRAJ
[ego_planner_node-2] [47;30m
[ego_planner_node-2] [drone 0 replan 422]==============================================[0m
[ego_planner_node-2] [1;33mmulti-trajs=1[1;0m
[ego_planner_node-2] [32miter(+1)=20,time(ms)=0.238,total_t(ms)=0.239,cost=0.098
[ego_planner_node-2] [0mtraj 1 success.
[ego_planner_node-2] plan_success=1
[ego_planner_node-2] total time:[42m0.000708967[0m,optimize:0.000681243,refine:2.7724e-05,avg_time=0.000317615
[ego_planner_node-2] refine_success=1
[ego_planner_node-2] [SAFETY]: from EXEC_TRAJ to EXEC_TRAJ
[ego_planner_node-2] [47;30m
[ego_planner_node-2] [drone 0 replan 423]==============================================[0m
[ego_planner_node-2] [1;33mmulti-trajs=1[1;0m
[ego_planner_node-2] [32miter(+1)=16,time(ms)=0.188,total_t(ms)=0.189,cost=0.093
[ego_planner_node-2] [0mtraj 1 success.
[ego_planner_node-2] plan_success=1
[ego_planner_node-2] total time:[42m0.000641428[0m,optimize:0.000633873,refine:7.555e-06,avg_time=0.000318378
[ego_planner_node-2] refine_success=1
[ego_planner_node-2] [SAFETY]: from EXEC_TRAJ to EXEC_TRAJ
[ego_planner_node-2] [47;30m
[ego_planner_node-2] [drone 0 replan 424]==============================================[0m
[ego_planner_node-2] [1;33mmulti-trajs=1[1;0m
[ego_planner_node-2] [32miter(+1)=17,time(ms)=0.151,total_t(ms)=0.151,cost=0.073
[ego_planner_node-2] [0mtraj 1 success.
[ego_planner_node-2] plan_success=1
[ego_planner_node-2] total time:[42m0.000472202[0m,optimize:0.000466823,refine:5.379e-06,avg_time=0.00031874
[ego_planner_node-2] refine_success=1
[ego_planner_node-2] [SAFETY]: from EXEC_TRAJ to EXEC_TRAJ
[ego_planner_node-2] [47;30m
[ego_planner_node-2] [drone 0 replan 425]==============================================[0m
[ego_planner_node-2] [1;33mmulti-trajs=1[1;0m
[ego_planner_node-2] [32miter(+1)=16,time(ms)=0.190,total_t(ms)=0.191,cost=0.057
[ego_planner_node-2] [0mtraj 1 success.
[ego_planner_node-2] plan_success=1
[ego_planner_node-2] total time:[42m0.000554088[0m,optimize:0.000543673,refine:1.0415e-05,avg_time=0.000319293
[ego_planner_node-2] refine_success=1
[ego_planner_node-2] [SAFETY]: from EXEC_TRAJ to EXEC_TRAJ
[ego_planner_node-2] [47;30m
[ego_planner_node-2] [drone 0 replan 426]==============================================[0m
[ego_planner_node-2] [1;33mmulti-trajs=1[1;0m
[ego_planner_node-2] [32miter(+1)=18,time(ms)=0.140,total_t(ms)=0.140,cost=0.043
[ego_planner_node-2] [0mtraj 1 success.
[ego_planner_node-2] plan_success=1
[ego_planner_node-2] total time:[42m0.000404862[0m,optimize:0.000399948,refine:4.914e-06,avg_time=0.000319493
[ego_planner_node-2] refine_success=1
[ego_planner_node-2] [SAFETY]: from EXEC_TRAJ to EXEC_TRAJ
[ego_planner_node-2] [FSM]: state: EXEC_TRAJ
[ego_planner_node-2] [47;30m
[ego_planner_node-2] [drone 0 replan 427]==============================================[0m
[ego_planner_node-2] [1;33mmulti-trajs=1[1;0m
[ego_planner_node-2] [32miter(+1)=14,time(ms)=0.128,total_t(ms)=0.128,cost=0.040
[ego_planner_node-2] [0mtraj 1 success.
[ego_planner_node-2] plan_success=1
[ego_planner_node-2] total time:[42m0.000465754[0m,optimize:0.000460134,refine:5.62e-06,avg_time=0.000319835
[ego_planner_node-2] refine_success=1
[ego_planner_node-2] [SAFETY]: from EXEC_TRAJ to EXEC_TRAJ
[ego_planner_node-2] [47;30m
[ego_planner_node-2] [drone 0 replan 428]==============================================[0m
[ego_planner_node-2] [1;33mmulti-trajs=1[1;0m
[ego_planner_node-2] [32miter(+1)=14,time(ms)=0.142,total_t(ms)=0.143,cost=0.052
[ego_planner_node-2] [0mtraj 1 success.
[ego_planner_node-2] plan_success=1
[ego_planner_node-2] total time:[42m0.000519007[0m,optimize:0.000512986,refine:6.021e-06,avg_time=0.000320299
[ego_planner_node-2] refine_success=1
[ego_planner_node-2] [SAFETY]: from EXEC_TRAJ to EXEC_TRAJ
[ego_planner_node-2] [47;30m
[ego_planner_node-2] [drone 0 replan 429]==============================================[0m
[ego_planner_node-2] [1;33mmulti-trajs=1[1;0m
[ego_planner_node-2] [32miter(+1)=10,time(ms)=0.040,total_t(ms)=0.040,cost=0.039
[ego_planner_node-2] [0mtraj 1 success.
[ego_planner_node-2] plan_success=1
[ego_planner_node-2] total time:[42m0.000157705[0m,optimize:0.000155164,refine:2.541e-06,avg_time=0.000319921
[ego_planner_node-2] refine_success=1
[ego_planner_node-2] [SAFETY]: from EXEC_TRAJ to EXEC_TRAJ
[ego_planner_node-2] [47;30m
[ego_planner_node-2] [drone 0 replan 430]==============================================[0m
[ego_planner_node-2] [1;33mmulti-trajs=1[1;0m
[ego_planner_node-2] [32miter(+1)=10,time(ms)=0.081,total_t(ms)=0.081,cost=0.049
[ego_planner_node-2] [0mtraj 1 success.
[ego_planner_node-2] plan_success=1
[ego_planner_node-2] total time:[42m0.00038074[0m,optimize:0.000375611,refine:5.129e-06,avg_time=0.000320062
[ego_planner_node-2] refine_success=1
[ego_planner_node-2] [SAFETY]: from EXEC_TRAJ to EXEC_TRAJ
[ego_planner_node-2] [47;30m
[ego_planner_node-2] [drone 0 replan 431]==============================================[0m
[ego_planner_node-2] [1;33mmulti-trajs=1[1;0m
[ego_planner_node-2] [32miter(+1)=10,time(ms)=0.107,total_t(ms)=0.108,cost=0.046
[ego_planner_node-2] [0mtraj 1 success.
[ego_planner_node-2] plan_success=1
[ego_planner_node-2] total time:[42m0.000510563[0m,optimize:0.000503338,refine:7.225e-06,avg_time=0.000320503
[ego_planner_node-2] refine_success=1
[ego_planner_node-2] [SAFETY]: from EXEC_TRAJ to EXEC_TRAJ
[ego_planner_node-2] [47;30m
[ego_planner_node-2] [drone 0 replan 432]==============================================[0m
[ego_planner_node-2] [1;33mmulti-trajs=1[1;0m
[ego_planner_node-2] [32miter(+1)=8,time(ms)=0.093,total_t(ms)=0.094,cost=0.033
[ego_planner_node-2] [0mtraj 1 success.
[ego_planner_node-2] plan_success=1
[ego_planner_node-2] total time:[42m0.000421589[0m,optimize:0.000413977,refine:7.612e-06,avg_time=0.000320737
[ego_planner_node-2] refine_success=1
[ego_planner_node-2] [SAFETY]: from EXEC_TRAJ to EXEC_TRAJ
[ego_planner_node-2] [47;30m
[ego_planner_node-2] [drone 0 replan 433]==============================================[0m
[ego_planner_node-2] [1;33mmulti-trajs=1[1;0m
[ego_planner_node-2] [32miter(+1)=8,time(ms)=0.073,total_t(ms)=0.074,cost=0.026
[ego_planner_node-2] [0mtraj 1 success.
[ego_planner_node-2] plan_success=1
[ego_planner_node-2] total time:[42m0.000392423[0m,optimize:0.000386696,refine:5.727e-06,avg_time=0.000320902
[ego_planner_node-2] refine_success=1
[ego_planner_node-2] [SAFETY]: from EXEC_TRAJ to EXEC_TRAJ
[ego_planner_node-2] [47;30m
[ego_planner_node-2] [drone 0 replan 434]==============================================[0m
[ego_planner_node-2] [1;33mmulti-trajs=1[1;0m
[ego_planner_node-2] [32miter(+1)=8,time(ms)=0.068,total_t(ms)=0.069,cost=0.021
[ego_planner_node-2] [0mtraj 1 success.
[ego_planner_node-2] plan_success=1
[ego_planner_node-2] total time:[42m0.00037909[0m,optimize:0.000373793,refine:5.297e-06,avg_time=0.000321036
[ego_planner_node-2] refine_success=1
[ego_planner_node-2] [SAFETY]: from EXEC_TRAJ to EXEC_TRAJ
[ego_planner_node-2] [47;30m
[ego_planner_node-2] [drone 0 replan 435]==============================================[0m
[ego_planner_node-2] [1;33mmulti-trajs=1[1;0m
[ego_planner_node-2] [32miter(+1)=8,time(ms)=0.041,total_t(ms)=0.042,cost=0.018
[ego_planner_node-2] [0mtraj 1 success.
[ego_planner_node-2] plan_success=1
[ego_planner_node-2] total time:[42m0.000203686[0m,optimize:0.000200518,refine:3.168e-06,avg_time=0.000320766
[ego_planner_node-2] refine_success=1
[ego_planner_node-2] [SAFETY]: from EXEC_TRAJ to EXEC_TRAJ
[ego_planner_node-2] [47;30m
[ego_planner_node-2] [drone 0 replan 436]==============================================[0m
[ego_planner_node-2] [1;33mmulti-trajs=1[1;0m
[ego_planner_node-2] [32miter(+1)=8,time(ms)=0.054,total_t(ms)=0.055,cost=0.017
[ego_planner_node-2] [0mtraj 1 success.
[ego_planner_node-2] plan_success=1
[ego_planner_node-2] total time:[42m0.000269276[0m,optimize:0.000265286,refine:3.99e-06,avg_time=0.000320649
[ego_planner_node-2] refine_success=1
[ego_planner_node-2] [SAFETY]: from EXEC_TRAJ to EXEC_TRAJ
[ego_planner_node-2] [FSM]: state: EXEC_TRAJ
[ego_planner_node-2] [47;30m
[ego_planner_node-2] [drone 0 replan 437]==============================================[0m
[ego_planner_node-2] [1;33mmulti-trajs=1[1;0m
[ego_planner_node-2] [32miter(+1)=8,time(ms)=0.056,total_t(ms)=0.057,cost=0.018
[ego_planner_node-2] [0mtraj 1 success.
[ego_planner_node-2] plan_success=1
[ego_planner_node-2] total time:[42m0.000299103[0m,optimize:0.000294758,refine:4.345e-06,avg_time=0.000320599
[ego_planner_node-2] refine_success=1
[ego_planner_node-2] [SAFETY]: from EXEC_TRAJ to EXEC_TRAJ
[ego_planner_node-2] [47;30m
[ego_planner_node-2] [drone 0 replan 438]==============================================[0m
[ego_planner_node-2] [1;33mmulti-trajs=1[1;0m
[ego_planner_node-2] [32miter(+1)=9,time(ms)=0.064,total_t(ms)=0.064,cost=0.020
[ego_planner_node-2] [0mtraj 1 success.
[ego_planner_node-2] plan_success=1
[ego_planner_node-2] total time:[42m0.000326556[0m,optimize:0.000321355,refine:5.201e-06,avg_time=0.000320613
[ego_planner_node-2] refine_success=1
[ego_planner_node-2] [SAFETY]: from EXEC_TRAJ to EXEC_TRAJ
[ego_planner_node-2] [47;30m
[ego_planner_node-2] [drone 0 replan 439]==============================================[0m
[ego_planner_node-2] [1;33mmulti-trajs=1[1;0m
[ego_planner_node-2] [32miter(+1)=7,time(ms)=0.077,total_t(ms)=0.079,cost=0.006
[ego_planner_node-2] [0mtraj 1 success.
[ego_planner_node-2] plan_success=1
[ego_planner_node-2] total time:[42m0.000340562[0m,optimize:0.000334839,refine:5.723e-06,avg_time=0.000320658
[ego_planner_node-2] refine_success=1
[ego_planner_node-2] [SAFETY]: from EXEC_TRAJ to EXEC_TRAJ
[ego_planner_node-2] [47;30m
[ego_planner_node-2] [drone 0 replan 440]==============================================[0m
[ego_planner_node-2] [1;33mmulti-trajs=1[1;0m
[ego_planner_node-2] [32miter(+1)=8,time(ms)=0.027,total_t(ms)=0.028,cost=0.005
[ego_planner_node-2] [0mtraj 1 success.
[ego_planner_node-2] plan_success=1
[ego_planner_node-2] total time:[42m0.000157395[0m,optimize:0.000155216,refine:2.179e-06,avg_time=0.000320288
[ego_planner_node-2] refine_success=1
[ego_planner_node-2] [SAFETY]: from EXEC_TRAJ to EXEC_TRAJ
[ego_planner_node-2] [47;30m
[ego_planner_node-2] [drone 0 replan 441]==============================================[0m
[ego_planner_node-2] [1;33mmulti-trajs=1[1;0m
[ego_planner_node-2] [32miter(+1)=8,time(ms)=0.098,total_t(ms)=0.100,cost=0.006
[ego_planner_node-2] [0mtraj 1 success.
[ego_planner_node-2] plan_success=1
[ego_planner_node-2] total time:[42m0.000467679[0m,optimize:0.000460891,refine:6.788e-06,avg_time=0.000320622
[ego_planner_node-2] refine_success=1
[ego_planner_node-2] [SAFETY]: from EXEC_TRAJ to EXEC_TRAJ
[ego_planner_node-2] [47;30m
[ego_planner_node-2] [drone 0 replan 442]==============================================[0m
[ego_planner_node-2] [1;33mmulti-trajs=1[1;0m
[ego_planner_node-2] [32miter(+1)=8,time(ms)=0.094,total_t(ms)=0.095,cost=0.009
[ego_planner_node-2] [0mtraj 1 success.
[ego_planner_node-2] plan_success=1
[ego_planner_node-2] total time:[42m0.000529155[0m,optimize:0.000521502,refine:7.653e-06,avg_time=0.000321092
[ego_planner_node-2] refine_success=1
[ego_planner_node-2] [SAFETY]: from EXEC_TRAJ to EXEC_TRAJ
[ego_planner_node-2] [47;30m
[ego_planner_node-2] [drone 0 replan 443]==============================================[0m
[ego_planner_node-2] [1;33mmulti-trajs=1[1;0m
[ego_planner_node-2] [32miter(+1)=7,time(ms)=0.069,total_t(ms)=0.070,cost=0.014
[ego_planner_node-2] [0mtraj 1 success.
[ego_planner_node-2] plan_success=1
[ego_planner_node-2] total time:[42m0.000369856[0m,optimize:0.000363961,refine:5.895e-06,avg_time=0.000321202
[ego_planner_node-2] refine_success=1
[ego_planner_node-2] [SAFETY]: from EXEC_TRAJ to EXEC_TRAJ
[ego_planner_node-2] [47;30m
[ego_planner_node-2] [drone 0 replan 444]==============================================[0m
[ego_planner_node-2] [1;33mmulti-trajs=1[1;0m
[ego_planner_node-2] [32miter(+1)=8,time(ms)=0.085,total_t(ms)=0.086,cost=0.019
[ego_planner_node-2] [0mtraj 1 success.
[ego_planner_node-2] plan_success=1
[ego_planner_node-2] total time:[42m0.000436064[0m,optimize:0.000430167,refine:5.897e-06,avg_time=0.00032146
[ego_planner_node-2] refine_success=1
[ego_planner_node-2] [SAFETY]: from EXEC_TRAJ to EXEC_TRAJ
[ego_planner_node-2] [47;30m
[ego_planner_node-2] [drone 0 replan 445]==============================================[0m
[ego_planner_node-2] [1;33mmulti-trajs=1[1;0m
[ego_planner_node-2] [32miter(+1)=8,time(ms)=0.023,total_t(ms)=0.023,cost=0.003
[ego_planner_node-2] [0mtraj 1 success.
[ego_planner_node-2] plan_success=1
[ego_planner_node-2] total time:[42m0.000108714[0m,optimize:0.00010655,refine:2.164e-06,avg_time=0.000320983
[ego_planner_node-2] refine_success=1
[ego_planner_node-2] [SAFETY]: from EXEC_TRAJ to EXEC_TRAJ
[ego_planner_node-2] [47;30m
[ego_planner_node-2] [drone 0 replan 446]==============================================[0m
[ego_planner_node-2] [1;33mmulti-trajs=1[1;0m
[ego_planner_node-2] [32miter(+1)=6,time(ms)=0.066,total_t(ms)=0.067,cost=0.005
[ego_planner_node-2] [0mtraj 1 success.
[ego_planner_node-2] plan_success=1
[ego_planner_node-2] total time:[42m0.000371671[0m,optimize:0.000366503,refine:5.168e-06,avg_time=0.000321097
[ego_planner_node-2] refine_success=1
[ego_planner_node-2] [SAFETY]: from EXEC_TRAJ to EXEC_TRAJ
[ego_planner_node-2] [47;30m
[ego_planner_node-2] [drone 0 replan 447]==============================================[0m
[ego_planner_node-2] [1;33mmulti-trajs=1[1;0m
[ego_planner_node-2] [32miter(+1)=8,time(ms)=0.079,total_t(ms)=0.080,cost=0.006
[ego_planner_node-2] [0mtraj 1 success.
[ego_planner_node-2] plan_success=1
[ego_planner_node-2] total time:[42m0.0003754[0m,optimize:0.000369857,refine:5.543e-06,avg_time=0.000321218
[ego_planner_node-2] refine_success=1
[ego_planner_node-2] [SAFETY]: from EXEC_TRAJ to EXEC_TRAJ
[ego_planner_node-2] [47;30m
[ego_planner_node-2] [drone 0 replan 448]==============================================[0m
[ego_planner_node-2] [1;33mmulti-trajs=1[1;0m
[ego_planner_node-2] [32miter(+1)=8,time(ms)=0.083,total_t(ms)=0.084,cost=0.009
[ego_planner_node-2] [0mtraj 1 success.
[ego_planner_node-2] plan_success=1
[ego_planner_node-2] total time:[42m0.000415789[0m,optimize:0.000409823,refine:5.966e-06,avg_time=0.000321428
[ego_planner_node-2] refine_success=1
[ego_planner_node-2] [SAFETY]: from EXEC_TRAJ to EXEC_TRAJ
[ego_planner_node-2] [47;30m
[ego_planner_node-2] [drone 0 replan 449]==============================================[0m
[ego_planner_node-2] [1;33mmulti-trajs=1[1;0m
[ego_planner_node-2] [32miter(+1)=7,time(ms)=0.052,total_t(ms)=0.053,cost=0.015
[ego_planner_node-2] [0mtraj 1 success.
[ego_planner_node-2] plan_success=1
[ego_planner_node-2] total time:[42m0.00027153[0m,optimize:0.000267324,refine:4.206e-06,avg_time=0.000321318
[ego_planner_node-2] refine_success=1
[ego_planner_node-2] [SAFETY]: from EXEC_TRAJ to EXEC_TRAJ
[ego_planner_node-2] [47;30m
[ego_planner_node-2] [drone 0 replan 450]==============================================[0m
[ego_planner_node-2] [1;33mmulti-trajs=1[1;0m
[ego_planner_node-2] [32miter(+1)=8,time(ms)=0.048,total_t(ms)=0.048,cost=0.020
[ego_planner_node-2] [0mtraj 1 success.
[ego_planner_node-2] plan_success=1
[ego_planner_node-2] total time:[42m0.000256099[0m,optimize:0.000252222,refine:3.877e-06,avg_time=0.000321173
[ego_planner_node-2] refine_success=1
[ego_planner_node-2] [SAFETY]: from EXEC_TRAJ to EXEC_TRAJ
[ego_planner_node-2] [47;30m
[ego_planner_node-2] [drone 0 replan 451]==============================================[0m
[ego_planner_node-2] [1;33mmulti-trajs=1[1;0m
[ego_planner_node-2] [32miter(+1)=6,time(ms)=0.068,total_t(ms)=0.069,cost=0.004
[ego_planner_node-2] [0mtraj 1 success.
[ego_planner_node-2] plan_success=1
[ego_planner_node-2] total time:[42m0.000386864[0m,optimize:0.000380416,refine:6.448e-06,avg_time=0.000321318
[ego_planner_node-2] refine_success=1
[ego_planner_node-2] [SAFETY]: from EXEC_TRAJ to EXEC_TRAJ
[ego_planner_node-2] [47;30m
[ego_planner_node-2] [drone 0 replan 452]==============================================[0m
[ego_planner_node-2] [1;33mmulti-trajs=1[1;0m
[ego_planner_node-2] [32miter(+1)=8,time(ms)=0.070,total_t(ms)=0.071,cost=0.004
[ego_planner_node-2] [0mtraj 1 success.
[ego_planner_node-2] plan_success=1
[ego_planner_node-2] total time:[42m0.000342773[0m,optimize:0.000337624,refine:5.149e-06,avg_time=0.000321366
[ego_planner_node-2] refine_success=1
[ego_planner_node-2] [SAFETY]: from EXEC_TRAJ to EXEC_TRAJ
[ego_planner_node-2] [47;30m
[ego_planner_node-2] [drone 0 replan 453]==============================================[0m
[ego_planner_node-2] [1;33mmulti-trajs=1[1;0m
[ego_planner_node-2] [32miter(+1)=8,time(ms)=0.070,total_t(ms)=0.071,cost=0.006
[ego_planner_node-2] [0mtraj 1 success.
[ego_planner_node-2] plan_success=1
[ego_planner_node-2] total time:[42m0.000361017[0m,optimize:0.00035619,refine:4.827e-06,avg_time=0.000321453
[ego_planner_node-2] refine_success=1
[ego_planner_node-2] [SAFETY]: from EXEC_TRAJ to EXEC_TRAJ
[ego_planner_node-2] [47;30m
[ego_planner_node-2] [drone 0 replan 454]==============================================[0m
[ego_planner_node-2] [1;33mmulti-trajs=1[1;0m
[ego_planner_node-2] [32miter(+1)=8,time(ms)=0.077,total_t(ms)=0.078,cost=0.010
[ego_planner_node-2] [0mtraj 1 success.
[ego_planner_node-2] plan_success=1
[ego_planner_node-2] total time:[42m0.000377671[0m,optimize:0.000372299,refine:5.372e-06,avg_time=0.000321576
[ego_planner_node-2] refine_success=1
[ego_planner_node-2] [SAFETY]: from EXEC_TRAJ to EXEC_TRAJ
[ego_planner_node-2] [47;30m
[ego_planner_node-2] [drone 0 replan 455]==============================================[0m
[ego_planner_node-2] [1;33mmulti-trajs=1[1;0m
[ego_planner_node-2] [32miter(+1)=8,time(ms)=0.039,total_t(ms)=0.039,cost=0.014
[ego_planner_node-2] [0mtraj 1 success.
[ego_planner_node-2] plan_success=1
[ego_planner_node-2] total time:[42m0.000195064[0m,optimize:0.000191681,refine:3.383e-06,avg_time=0.000321299
[ego_planner_node-2] refine_success=1
[ego_planner_node-2] [SAFETY]: from EXEC_TRAJ to EXEC_TRAJ
[ego_planner_node-2] [47;30m
[ego_planner_node-2] [drone 0 replan 456]==============================================[0m
[ego_planner_node-2] [1;33mmulti-trajs=1[1;0m
[ego_planner_node-2] [32miter(+1)=10,time(ms)=0.068,total_t(ms)=0.068,cost=0.016
[ego_planner_node-2] [0mtraj 1 success.
[ego_planner_node-2] plan_success=1
[ego_planner_node-2] total time:[42m0.000330849[0m,optimize:0.000326566,refine:4.283e-06,avg_time=0.00032132
[ego_planner_node-2] refine_success=1
[ego_planner_node-2] [SAFETY]: from EXEC_TRAJ to EXEC_TRAJ
[ego_planner_node-2] [47;30m
[ego_planner_node-2] [drone 0 replan 457]==============================================[0m
[ego_planner_node-2] [1;33mmulti-trajs=1[1;0m
[ego_planner_node-2] [32miter(+1)=8,time(ms)=0.067,total_t(ms)=0.068,cost=0.003
[ego_planner_node-2] [0mtraj 1 success.
[ego_planner_node-2] plan_success=1
[ego_planner_node-2] total time:[42m0.000314324[0m,optimize:0.000309515,refine:4.809e-06,avg_time=0.000321305
[ego_planner_node-2] refine_success=1
[ego_planner_node-2] [SAFETY]: from EXEC_TRAJ to EXEC_TRAJ
[ego_planner_node-2] [FSM]: state: EXEC_TRAJ
[ego_planner_node-2] [47;30m
[ego_planner_node-2] [drone 0 replan 458]==============================================[0m
[ego_planner_node-2] [1;33mmulti-trajs=1[1;0m
[ego_planner_node-2] [32miter(+1)=8,time(ms)=0.057,total_t(ms)=0.058,cost=0.004
[ego_planner_node-2] [0mtraj 1 success.
[ego_planner_node-2] plan_success=1
[ego_planner_node-2] total time:[42m0.000305871[0m,optimize:0.000300781,refine:5.09e-06,avg_time=0.000321271
[ego_planner_node-2] refine_success=1
[ego_planner_node-2] [SAFETY]: from EXEC_TRAJ to EXEC_TRAJ
[ego_planner_node-2] [47;30m
[ego_planner_node-2] [drone 0 replan 459]==============================================[0m
[ego_planner_node-2] [1;33mmulti-trajs=1[1;0m
[ego_planner_node-2] [32miter(+1)=8,time(ms)=0.075,total_t(ms)=0.076,cost=0.007
[ego_planner_node-2] [0mtraj 1 success.
[ego_planner_node-2] plan_success=1
[ego_planner_node-2] total time:[42m0.000381639[0m,optimize:0.000376275,refine:5.364e-06,avg_time=0.000321402
[ego_planner_node-2] refine_success=1
[ego_planner_node-2] [SAFETY]: from EXEC_TRAJ to EXEC_TRAJ
[ego_planner_node-2] [47;30m
[ego_planner_node-2] [drone 0 replan 460]==============================================[0m
[ego_planner_node-2] [1;33mmulti-trajs=1[1;0m
[ego_planner_node-2] [32miter(+1)=8,time(ms)=0.041,total_t(ms)=0.042,cost=0.011
[ego_planner_node-2] [0mtraj 1 success.
[ego_planner_node-2] plan_success=1
[ego_planner_node-2] total time:[42m0.000202088[0m,optimize:0.000198811,refine:3.277e-06,avg_time=0.000321143
[ego_planner_node-2] refine_success=1
[ego_planner_node-2] [SAFETY]: from EXEC_TRAJ to EXEC_TRAJ
[ego_planner_node-2] [47;30m
[ego_planner_node-2] [drone 0 replan 461]==============================================[0m
[ego_planner_node-2] [1;33mmulti-trajs=1[1;0m
[ego_planner_node-2] [32miter(+1)=11,time(ms)=0.100,total_t(ms)=0.101,cost=0.013
[ego_planner_node-2] [0mtraj 1 success.
[ego_planner_node-2] plan_success=1
[ego_planner_node-2] total time:[42m0.000423503[0m,optimize:0.000418239,refine:5.264e-06,avg_time=0.000321365
[ego_planner_node-2] refine_success=1
[ego_planner_node-2] [SAFETY]: from EXEC_TRAJ to EXEC_TRAJ
[ego_planner_node-2] [47;30m
[ego_planner_node-2] [drone 0 replan 462]==============================================[0m
[ego_planner_node-2] [1;33mmulti-trajs=1[1;0m
[ego_planner_node-2] [32miter(+1)=8,time(ms)=0.074,total_t(ms)=0.075,cost=0.003
[ego_planner_node-2] [0mtraj 1 success.
[ego_planner_node-2] plan_success=1
[ego_planner_node-2] total time:[42m0.000339435[0m,optimize:0.000334024,refine:5.411e-06,avg_time=0.000321404
[ego_planner_node-2] refine_success=1
[ego_planner_node-2] [SAFETY]: from EXEC_TRAJ to EXEC_TRAJ
[ego_planner_node-2] [47;30m
[ego_planner_node-2] [drone 0 replan 463]==============================================[0m
[ego_planner_node-2] [1;33mmulti-trajs=1[1;0m
[ego_planner_node-2] [32miter(+1)=8,time(ms)=0.074,total_t(ms)=0.075,cost=0.003
[ego_planner_node-2] [0mtraj 1 success.
[ego_planner_node-2] plan_success=1
[ego_planner_node-2] total time:[42m0.000373276[0m,optimize:0.000368078,refine:5.198e-06,avg_time=0.000321516
[ego_planner_node-2] refine_success=1
[ego_planner_node-2] [SAFETY]: from EXEC_TRAJ to EXEC_TRAJ
[ego_planner_node-2] [47;30m
[ego_planner_node-2] [drone 0 replan 464]==============================================[0m
[ego_planner_node-2] [1;33mmulti-trajs=1[1;0m
[ego_planner_node-2] [32miter(+1)=8,time(ms)=0.090,total_t(ms)=0.091,cost=0.005
[ego_planner_node-2] [0mtraj 1 success.
[ego_planner_node-2] plan_success=1
[ego_planner_node-2] total time:[42m0.000470867[0m,optimize:0.000464876,refine:5.991e-06,avg_time=0.000321837
[ego_planner_node-2] refine_success=1
[ego_planner_node-2] [SAFETY]: from EXEC_TRAJ to EXEC_TRAJ
[ego_planner_node-2] [47;30m
[ego_planner_node-2] [drone 0 replan 465]==============================================[0m
[ego_planner_node-2] [1;33mmulti-trajs=1[1;0m
[ego_planner_node-2] [32miter(+1)=8,time(ms)=0.027,total_t(ms)=0.027,cost=0.008
[ego_planner_node-2] [0mtraj 1 success.
[ego_planner_node-2] plan_success=1
[ego_planner_node-2] total time:[42m0.000139666[0m,optimize:0.000137573,refine:2.093e-06,avg_time=0.000321446
[ego_planner_node-2] refine_success=1
[ego_planner_node-2] [SAFETY]: from EXEC_TRAJ to EXEC_TRAJ
[ego_planner_node-2] [47;30m
[ego_planner_node-2] [drone 0 replan 466]==============================================[0m
[ego_planner_node-2] [1;33mmulti-trajs=1[1;0m
[ego_planner_node-2] [32miter(+1)=11,time(ms)=0.089,total_t(ms)=0.090,cost=0.009
[ego_planner_node-2] [0mtraj 1 success.
[ego_planner_node-2] plan_success=1
[ego_planner_node-2] total time:[42m0.000393021[0m,optimize:0.000387646,refine:5.375e-06,avg_time=0.000321599
[ego_planner_node-2] refine_success=1
[ego_planner_node-2] [SAFETY]: from EXEC_TRAJ to EXEC_TRAJ
[ego_planner_node-2] [47;30m
[ego_planner_node-2] [drone 0 replan 467]==============================================[0m
[ego_planner_node-2] [1;33mmulti-trajs=1[1;0m
[ego_planner_node-2] [32miter(+1)=12,time(ms)=0.074,total_t(ms)=0.074,cost=0.013
[ego_planner_node-2] [0mtraj 1 success.
[ego_planner_node-2] plan_success=1
[ego_planner_node-2] total time:[42m0.000287074[0m,optimize:0.00028319,refine:3.884e-06,avg_time=0.000321526
[ego_planner_node-2] refine_success=1
[ego_planner_node-2] [SAFETY]: from EXEC_TRAJ to EXEC_TRAJ
[ego_planner_node-2] [47;30m
[ego_planner_node-2] [drone 0 replan 468]==============================================[0m
[ego_planner_node-2] [1;33mmulti-trajs=1[1;0m
[ego_planner_node-2] [32miter(+1)=8,time(ms)=0.077,total_t(ms)=0.078,cost=0.003
[ego_planner_node-2] [0mtraj 1 success.
[ego_planner_node-2] plan_success=1
[ego_planner_node-2] total time:[42m0.000372214[0m,optimize:0.000366242,refine:5.972e-06,avg_time=0.000321634
[ego_planner_node-2] refine_success=1
[ego_planner_node-2] [SAFETY]: from EXEC_TRAJ to EXEC_TRAJ
[ego_planner_node-2] [47;30m
[ego_planner_node-2] [drone 0 replan 469]==============================================[0m
[ego_planner_node-2] [1;33mmulti-trajs=1[1;0m
[ego_planner_node-2] [32miter(+1)=8,time(ms)=0.043,total_t(ms)=0.043,cost=0.004
[ego_planner_node-2] [0mtraj 1 success.
[ego_planner_node-2] plan_success=1
[ego_planner_node-2] total time:[42m0.000228822[0m,optimize:0.000225473,refine:3.349e-06,avg_time=0.000321436
[ego_planner_node-2] refine_success=1
[ego_planner_node-2] [SAFETY]: from EXEC_TRAJ to EXEC_TRAJ
[ego_planner_node-2] [47;30m
[ego_planner_node-2] [drone 0 replan 470]==============================================[0m
[ego_planner_node-2] [1;33mmulti-trajs=1[1;0m
[ego_planner_node-2] [32miter(+1)=8,time(ms)=0.029,total_t(ms)=0.030,cost=0.006
[ego_planner_node-2] [0mtraj 1 success.
[ego_planner_node-2] plan_success=1
[ego_planner_node-2] total time:[42m0.000145963[0m,optimize:0.000143776,refine:2.187e-06,avg_time=0.000321064
[ego_planner_node-2] refine_success=1
[ego_planner_node-2] [SAFETY]: from EXEC_TRAJ to EXEC_TRAJ
[ego_planner_node-2] [47;30m
[ego_planner_node-2] [drone 0 replan 471]==============================================[0m
[ego_planner_node-2] [1;33mmulti-trajs=1[1;0m
[ego_planner_node-2] [32miter(+1)=8,time(ms)=0.103,total_t(ms)=0.105,cost=0.009
[ego_planner_node-2] [0mtraj 1 success.
[ego_planner_node-2] plan_success=1
[ego_planner_node-2] total time:[42m0.00044257[0m,optimize:0.000434609,refine:7.961e-06,avg_time=0.000321321
[ego_planner_node-2] refine_success=1
[ego_planner_node-2] [SAFETY]: from EXEC_TRAJ to EXEC_TRAJ
[ego_planner_node-2] [47;30m
[ego_planner_node-2] [drone 0 replan 472]==============================================[0m
[ego_planner_node-2] [1;33mmulti-trajs=1[1;0m
[ego_planner_node-2] [32miter(+1)=11,time(ms)=0.022,total_t(ms)=0.022,cost=0.010
[ego_planner_node-2] [0mtraj 1 success.
[ego_planner_node-2] plan_success=1
[ego_planner_node-2] total time:[42m9.3591e-05[0m,optimize:9.2248e-05,refine:1.343e-06,avg_time=0.00032084
[ego_planner_node-2] refine_success=1
[ego_planner_node-2] [SAFETY]: from EXEC_TRAJ to EXEC_TRAJ
[ego_planner_node-2] [47;30m
[ego_planner_node-2] [drone 0 replan 473]==============================================[0m
[ego_planner_node-2] [1;33mmulti-trajs=1[1;0m
[ego_planner_node-2] [32miter(+1)=12,time(ms)=0.097,total_t(ms)=0.098,cost=0.014
[ego_planner_node-2] [0mtraj 1 success.
[ego_planner_node-2] plan_success=1
[ego_planner_node-2] total time:[42m0.000401995[0m,optimize:0.000396748,refine:5.247e-06,avg_time=0.000321011
[ego_planner_node-2] refine_success=1
[ego_planner_node-2] [SAFETY]: from EXEC_TRAJ to EXEC_TRAJ
[ego_planner_node-2] [47;30m
[ego_planner_node-2] [drone 0 replan 474]==============================================[0m
[ego_planner_node-2] [1;33mmulti-trajs=1[1;0m
[ego_planner_node-2] [32miter(+1)=8,time(ms)=0.088,total_t(ms)=0.089,cost=0.003
[ego_planner_node-2] [0mtraj 1 success.
[ego_planner_node-2] plan_success=1
[ego_planner_node-2] total time:[42m0.000384373[0m,optimize:0.000378157,refine:6.216e-06,avg_time=0.000321144
[ego_planner_node-2] refine_success=1
[ego_planner_node-2] [SAFETY]: from EXEC_TRAJ to EXEC_TRAJ
[ego_planner_node-2] [47;30m
[ego_planner_node-2] [drone 0 replan 475]==============================================[0m
[ego_planner_node-2] [1;33mmulti-trajs=1[1;0m
[ego_planner_node-2] [32miter(+1)=8,time(ms)=0.049,total_t(ms)=0.049,cost=0.004
[ego_planner_node-2] [0mtraj 1 success.
[ego_planner_node-2] plan_success=1
[ego_planner_node-2] total time:[42m0.000250751[0m,optimize:0.00024688,refine:3.871e-06,avg_time=0.000320996
[ego_planner_node-2] refine_success=1
[ego_planner_node-2] [SAFETY]: from EXEC_TRAJ to EXEC_TRAJ
[ego_planner_node-2] [47;30m
[ego_planner_node-2] [drone 0 replan 476]==============================================[0m
[ego_planner_node-2] [1;33mmulti-trajs=1[1;0m
[ego_planner_node-2] [32miter(+1)=8,time(ms)=0.088,total_t(ms)=0.089,cost=0.007
[ego_planner_node-2] [0mtraj 1 success.
[ego_planner_node-2] plan_success=1
[ego_planner_node-2] total time:[42m0.000472972[0m,optimize:0.00046665,refine:6.322e-06,avg_time=0.000321315
[ego_planner_node-2] refine_success=1
[ego_planner_node-2] [SAFETY]: from EXEC_TRAJ to EXEC_TRAJ
[ego_planner_node-2] [47;30m
[ego_planner_node-2] [drone 0 replan 477]==============================================[0m
[ego_planner_node-2] [1;33mmulti-trajs=1[1;0m
[ego_planner_node-2] [32miter(+1)=11,time(ms)=0.103,total_t(ms)=0.104,cost=0.007
[ego_planner_node-2] [0mtraj 1 success.
[ego_planner_node-2] plan_success=1
[ego_planner_node-2] total time:[42m0.000431594[0m,optimize:0.000425622,refine:5.972e-06,avg_time=0.000321546
[ego_planner_node-2] refine_success=1
[ego_planner_node-2] [SAFETY]: from EXEC_TRAJ to EXEC_TRAJ
[ego_planner_node-2] [FSM]: state: EXEC_TRAJ
[ego_planner_node-2] [47;30m
[ego_planner_node-2] [drone 0 replan 478]==============================================[0m
[ego_planner_node-2] [1;33mmulti-trajs=1[1;0m
[ego_planner_node-2] [32miter(+1)=10,time(ms)=0.068,total_t(ms)=0.069,cost=0.013
[ego_planner_node-2] [0mtraj 1 success.
[ego_planner_node-2] plan_success=1
[ego_planner_node-2] total time:[42m0.000323064[0m,optimize:0.000318837,refine:4.227e-06,avg_time=0.000321549
[ego_planner_node-2] refine_success=1
[ego_planner_node-2] [SAFETY]: from EXEC_TRAJ to EXEC_TRAJ
[ego_planner_node-2] [47;30m
[ego_planner_node-2] [drone 0 replan 479]==============================================[0m
[ego_planner_node-2] [1;33mmulti-trajs=1[1;0m
[ego_planner_node-2] [32miter(+1)=8,time(ms)=0.085,total_t(ms)=0.086,cost=0.003
[ego_planner_node-2] [0mtraj 1 success.
[ego_planner_node-2] plan_success=1
[ego_planner_node-2] total time:[42m0.000392254[0m,optimize:0.000387082,refine:5.172e-06,avg_time=0.000321696
[ego_planner_node-2] refine_success=1
[ego_planner_node-2] [SAFETY]: from EXEC_TRAJ to EXEC_TRAJ
[ego_planner_node-2] [47;30m
[ego_planner_node-2] [drone 0 replan 480]==============================================[0m
[ego_planner_node-2] [1;33mmulti-trajs=1[1;0m
[ego_planner_node-2] [32miter(+1)=8,time(ms)=0.028,total_t(ms)=0.028,cost=0.003
[ego_planner_node-2] [0mtraj 1 success.
[ego_planner_node-2] plan_success=1
[ego_planner_node-2] total time:[42m0.00014344[0m,optimize:0.000141294,refine:2.146e-06,avg_time=0.000321326
[ego_planner_node-2] refine_success=1
[ego_planner_node-2] [SAFETY]: from EXEC_TRAJ to EXEC_TRAJ
[ego_planner_node-2] [47;30m
[ego_planner_node-2] [drone 0 replan 481]==============================================[0m
[ego_planner_node-2] [1;33mmulti-trajs=1[1;0m
[ego_planner_node-2] [32miter(+1)=8,time(ms)=0.080,total_t(ms)=0.081,cost=0.005
[ego_planner_node-2] [0mtraj 1 success.
[ego_planner_node-2] plan_success=1
[ego_planner_node-2] total time:[42m0.000527473[0m,optimize:0.00051902,refine:8.453e-06,avg_time=0.000321753
[ego_planner_node-2] refine_success=1
[ego_planner_node-2] [SAFETY]: from EXEC_TRAJ to EXEC_TRAJ
[ego_planner_node-2] [47;30m
[ego_planner_node-2] [drone 0 replan 482]==============================================[0m
[ego_planner_node-2] [1;33mmulti-trajs=1[1;0m
[ego_planner_node-2] [32miter(+1)=8,time(ms)=0.053,total_t(ms)=0.053,cost=0.008
[ego_planner_node-2] [0mtraj 1 success.
[ego_planner_node-2] plan_success=1
[ego_planner_node-2] total time:[42m0.000261951[0m,optimize:0.000258285,refine:3.666e-06,avg_time=0.000321629
[ego_planner_node-2] refine_success=1
[ego_planner_node-2] [SAFETY]: from EXEC_TRAJ to EXEC_TRAJ
[ego_planner_node-2] [47;30m
[ego_planner_node-2] [drone 0 replan 483]==============================================[0m
[ego_planner_node-2] [1;33mmulti-trajs=1[1;0m
[ego_planner_node-2] [32miter(+1)=11,time(ms)=0.129,total_t(ms)=0.130,cost=0.008
[ego_planner_node-2] [0mtraj 1 success.
[ego_planner_node-2] plan_success=1
[ego_planner_node-2] total time:[42m0.000500578[0m,optimize:0.000494646,refine:5.932e-06,avg_time=0.000321999
[ego_planner_node-2] refine_success=1
[ego_planner_node-2] [SAFETY]: from EXEC_TRAJ to EXEC_TRAJ
[ego_planner_node-2] [47;30m
[ego_planner_node-2] [drone 0 replan 484]==============================================[0m
[ego_planner_node-2] [1;33mmulti-trajs=1[1;0m
[ego_planner_node-2] [32miter(+1)=10,time(ms)=0.086,total_t(ms)=0.087,cost=0.014
[ego_planner_node-2] [0mtraj 1 success.
[ego_planner_node-2] plan_success=1
[ego_planner_node-2] total time:[42m0.000392055[0m,optimize:0.000386791,refine:5.264e-06,avg_time=0.000322144
[ego_planner_node-2] refine_success=1
[ego_planner_node-2] [SAFETY]: from EXEC_TRAJ to EXEC_TRAJ
[ego_planner_node-2] [47;30m
[ego_planner_node-2] [drone 0 replan 485]==============================================[0m
[ego_planner_node-2] [1;33mmulti-trajs=1[1;0m
[ego_planner_node-2] [32miter(+1)=8,time(ms)=0.041,total_t(ms)=0.042,cost=0.003
[ego_planner_node-2] [0mtraj 1 success.
[ego_planner_node-2] plan_success=1
[ego_planner_node-2] total time:[42m0.000195635[0m,optimize:0.000192547,refine:3.088e-06,avg_time=0.000321883
[ego_planner_node-2] refine_success=1
[ego_planner_node-2] [SAFETY]: from EXEC_TRAJ to EXEC_TRAJ
[ego_planner_node-2] [47;30m
[ego_planner_node-2] [drone 0 replan 486]==============================================[0m
[ego_planner_node-2] [1;33mmulti-trajs=1[1;0m
[ego_planner_node-2] [32miter(+1)=8,time(ms)=0.072,total_t(ms)=0.073,cost=0.004
[ego_planner_node-2] [0mtraj 1 success.
[ego_planner_node-2] plan_success=1
[ego_planner_node-2] total time:[42m0.00036062[0m,optimize:0.000355453,refine:5.167e-06,avg_time=0.000321963
[ego_planner_node-2] refine_success=1
[ego_planner_node-2] [SAFETY]: from EXEC_TRAJ to EXEC_TRAJ
[ego_planner_node-2] [47;30m
[ego_planner_node-2] [drone 0 replan 487]==============================================[0m
[ego_planner_node-2] [1;33mmulti-trajs=1[1;0m
[ego_planner_node-2] [32miter(+1)=8,time(ms)=0.051,total_t(ms)=0.052,cost=0.006
[ego_planner_node-2] [0mtraj 1 success.
[ego_planner_node-2] plan_success=1
[ego_planner_node-2] total time:[42m0.000267297[0m,optimize:0.000263614,refine:3.683e-06,avg_time=0.000321851
[ego_planner_node-2] refine_success=1
[ego_planner_node-2] [SAFETY]: from EXEC_TRAJ to EXEC_TRAJ
[ego_planner_node-2] [47;30m
[ego_planner_node-2] [drone 0 replan 488]==============================================[0m
[ego_planner_node-2] [1;33mmulti-trajs=1[1;0m
[ego_planner_node-2] [32miter(+1)=9,time(ms)=0.104,total_t(ms)=0.106,cost=0.007
[ego_planner_node-2] [0mtraj 1 success.
[ego_planner_node-2] plan_success=1
[ego_planner_node-2] total time:[42m0.000515469[0m,optimize:0.000508326,refine:7.143e-06,avg_time=0.000322247
[ego_planner_node-2] refine_success=1
[ego_planner_node-2] [SAFETY]: from EXEC_TRAJ to EXEC_TRAJ
[ego_planner_node-2] [47;30m
[ego_planner_node-2] [drone 0 replan 489]==============================================[0m
[ego_planner_node-2] [1;33mmulti-trajs=1[1;0m
[ego_planner_node-2] [32miter(+1)=10,time(ms)=0.114,total_t(ms)=0.115,cost=0.010
[ego_planner_node-2] [0mtraj 1 success.
[ego_planner_node-2] plan_success=1
[ego_planner_node-2] total time:[42m0.000526887[0m,optimize:0.000520067,refine:6.82e-06,avg_time=0.000322664
[ego_planner_node-2] refine_success=1
[ego_planner_node-2] [SAFETY]: from EXEC_TRAJ to EXEC_TRAJ
[ego_planner_node-2] [47;30m
[ego_planner_node-2] [drone 0 replan 490]==============================================[0m
[ego_planner_node-2] [1;33mmulti-trajs=1[1;0m
[ego_planner_node-2] [32miter(+1)=11,time(ms)=0.049,total_t(ms)=0.050,cost=0.014
[ego_planner_node-2] [0mtraj 1 success.
[ego_planner_node-2] plan_success=1
[ego_planner_node-2] total time:[42m0.000214628[0m,optimize:0.000211805,refine:2.823e-06,avg_time=0.000322444
[ego_planner_node-2] refine_success=1
[ego_planner_node-2] [SAFETY]: from EXEC_TRAJ to EXEC_TRAJ
[ego_planner_node-2] [47;30m
[ego_planner_node-2] [drone 0 replan 491]==============================================[0m
[ego_planner_node-2] [1;33mmulti-trajs=1[1;0m
[ego_planner_node-2] [32miter(+1)=8,time(ms)=0.075,total_t(ms)=0.076,cost=0.003
[ego_planner_node-2] [0mtraj 1 success.
[ego_planner_node-2] plan_success=1
[ego_planner_node-2] total time:[42m0.000344946[0m,optimize:0.000339296,refine:5.65e-06,avg_time=0.00032249
[ego_planner_node-2] refine_success=1
[ego_planner_node-2] [SAFETY]: from EXEC_TRAJ to EXEC_TRAJ
[ego_planner_node-2] [47;30m
[ego_planner_node-2] [drone 0 replan 492]==============================================[0m
[ego_planner_node-2] [1;33mmulti-trajs=1[1;0m
[ego_planner_node-2] [32miter(+1)=8,time(ms)=0.079,total_t(ms)=0.080,cost=0.004
[ego_planner_node-2] [0mtraj 1 success.
[ego_planner_node-2] plan_success=1
[ego_planner_node-2] total time:[42m0.000422785[0m,optimize:0.000416418,refine:6.367e-06,avg_time=0.000322694
[ego_planner_node-2] refine_success=1
[ego_planner_node-2] [SAFETY]: from EXEC_TRAJ to EXEC_TRAJ
[ego_planner_node-2] [47;30m
[ego_planner_node-2] [drone 0 replan 493]==============================================[0m
[ego_planner_node-2] [1;33mmulti-trajs=1[1;0m
[ego_planner_node-2] [32miter(+1)=8,time(ms)=0.088,total_t(ms)=0.089,cost=0.007
[ego_planner_node-2] [0mtraj 1 success.
[ego_planner_node-2] plan_success=1
[ego_planner_node-2] total time:[42m0.000473329[0m,optimize:0.00046672,refine:6.609e-06,avg_time=0.000322998
[ego_planner_node-2] refine_success=1
[ego_planner_node-2] [SAFETY]: from EXEC_TRAJ to EXEC_TRAJ
[ego_planner_node-2] [47;30m
[ego_planner_node-2] [drone 0 replan 494]==============================================[0m
[ego_planner_node-2] [1;33mmulti-trajs=1[1;0m
[ego_planner_node-2] [32miter(+1)=9,time(ms)=0.108,total_t(ms)=0.109,cost=0.008
[ego_planner_node-2] [0mtraj 1 success.
[ego_planner_node-2] plan_success=1
[ego_planner_node-2] total time:[42m0.000515698[0m,optimize:0.000508477,refine:7.221e-06,avg_time=0.000323388
[ego_planner_node-2] refine_success=1
[ego_planner_node-2] [SAFETY]: from EXEC_TRAJ to EXEC_TRAJ
[ego_planner_node-2] [47;30m
[ego_planner_node-2] [drone 0 replan 495]==============================================[0m
[ego_planner_node-2] [1;33mmulti-trajs=1[1;0m
[ego_planner_node-2] [32miter(+1)=10,time(ms)=0.053,total_t(ms)=0.054,cost=0.013
[ego_planner_node-2] [0mtraj 1 success.
[ego_planner_node-2] plan_success=1
[ego_planner_node-2] total time:[42m0.000238457[0m,optimize:0.000235406,refine:3.051e-06,avg_time=0.000323217
[ego_planner_node-2] refine_success=1
[ego_planner_node-2] [SAFETY]: from EXEC_TRAJ to EXEC_TRAJ
[ego_planner_node-2] [47;30m
[ego_planner_node-2] [drone 0 replan 496]==============================================[0m
[ego_planner_node-2] [1;33mmulti-trajs=1[1;0m
[ego_planner_node-2] [32miter(+1)=8,time(ms)=0.071,total_t(ms)=0.072,cost=0.003
[ego_planner_node-2] [0mtraj 1 success.
[ego_planner_node-2] plan_success=1
[ego_planner_node-2] total time:[42m0.000356522[0m,optimize:0.000351159,refine:5.363e-06,avg_time=0.000323284
[ego_planner_node-2] refine_success=1
[ego_planner_node-2] [SAFETY]: from EXEC_TRAJ to EXEC_TRAJ
[ego_planner_node-2] [47;30m
[ego_planner_node-2] [drone 0 replan 497]==============================================[0m
[ego_planner_node-2] [1;33mmulti-trajs=1[1;0m
[ego_planner_node-2] [32miter(+1)=8,time(ms)=0.079,total_t(ms)=0.080,cost=0.003
[ego_planner_node-2] [0mtraj 1 success.
[ego_planner_node-2] plan_success=1
[ego_planner_node-2] total time:[42m0.000369109[0m,optimize:0.000363484,refine:5.625e-06,avg_time=0.000323376
[ego_planner_node-2] refine_success=1
[ego_planner_node-2] [SAFETY]: from EXEC_TRAJ to EXEC_TRAJ
[ego_planner_node-2] [47;30m
[ego_planner_node-2] [drone 0 replan 498]==============================================[0m
[ego_planner_node-2] [1;33mmulti-trajs=1[1;0m
[ego_planner_node-2] [32miter(+1)=8,time(ms)=0.057,total_t(ms)=0.057,cost=0.005
[ego_planner_node-2] [0mtraj 1 success.
[ego_planner_node-2] plan_success=1
[ego_planner_node-2] total time:[42m0.000299325[0m,optimize:0.000294981,refine:4.344e-06,avg_time=0.000323327
[ego_planner_node-2] refine_success=1
[ego_planner_node-2] [SAFETY]: from EXEC_TRAJ to EXEC_TRAJ
[ego_planner_node-2] [FSM]: state: EXEC_TRAJ
[ego_planner_node-2] [47;30m
[ego_planner_node-2] [drone 0 replan 499]==============================================[0m
[ego_planner_node-2] [1;33mmulti-trajs=1[1;0m
[ego_planner_node-2] [32miter(+1)=9,time(ms)=0.070,total_t(ms)=0.071,cost=0.007
[ego_planner_node-2] [0mtraj 1 success.
[ego_planner_node-2] plan_success=1
[ego_planner_node-2] total time:[42m0.000337159[0m,optimize:0.000332431,refine:4.728e-06,avg_time=0.000323355
[ego_planner_node-2] refine_success=1
[ego_planner_node-2] [SAFETY]: from EXEC_TRAJ to EXEC_TRAJ
[ego_planner_node-2] [47;30m
[ego_planner_node-2] [drone 0 replan 500]==============================================[0m
[ego_planner_node-2] [1;33mmulti-trajs=1[1;0m
[ego_planner_node-2] [32miter(+1)=11,time(ms)=0.061,total_t(ms)=0.062,cost=0.008
[ego_planner_node-2] [0mtraj 1 success.
[ego_planner_node-2] plan_success=1
[ego_planner_node-2] total time:[42m0.000323575[0m,optimize:0.000320119,refine:3.456e-06,avg_time=0.000323355
[ego_planner_node-2] refine_success=1
[ego_planner_node-2] [SAFETY]: from EXEC_TRAJ to EXEC_TRAJ
[ego_planner_node-2] [47;30m
[ego_planner_node-2] [drone 0 replan 501]==============================================[0m
[ego_planner_node-2] [1;33mmulti-trajs=1[1;0m
[ego_planner_node-2] [32miter(+1)=11,time(ms)=0.103,total_t(ms)=0.104,cost=0.014
[ego_planner_node-2] [0mtraj 1 success.
[ego_planner_node-2] plan_success=1
[ego_planner_node-2] total time:[42m0.000464003[0m,optimize:0.000457545,refine:6.458e-06,avg_time=0.000323636
[ego_planner_node-2] refine_success=1
[ego_planner_node-2] [SAFETY]: from EXEC_TRAJ to EXEC_TRAJ
[ego_planner_node-2] [47;30m
[ego_planner_node-2] [drone 0 replan 502]==============================================[0m
[ego_planner_node-2] [1;33mmulti-trajs=1[1;0m
[ego_planner_node-2] [32miter(+1)=8,time(ms)=0.056,total_t(ms)=0.057,cost=0.003
[ego_planner_node-2] [0mtraj 1 success.
[ego_planner_node-2] plan_success=1
[ego_planner_node-2] total time:[42m0.000259068[0m,optimize:0.000254698,refine:4.37e-06,avg_time=0.000323507
[ego_planner_node-2] refine_success=1
[ego_planner_node-2] [SAFETY]: from EXEC_TRAJ to EXEC_TRAJ
[ego_planner_node-2] [47;30m
[ego_planner_node-2] [drone 0 replan 503]==============================================[0m
[ego_planner_node-2] [1;33mmulti-trajs=1[1;0m
[ego_planner_node-2] [32miter(+1)=9,time(ms)=0.098,total_t(ms)=0.099,cost=0.004
[ego_planner_node-2] [0mtraj 1 success.
[ego_planner_node-2] plan_success=1
[ego_planner_node-2] total time:[42m0.000437807[0m,optimize:0.000431375,refine:6.432e-06,avg_time=0.000323734
[ego_planner_node-2] refine_success=1
[ego_planner_node-2] [SAFETY]: from EXEC_TRAJ to EXEC_TRAJ
[ego_planner_node-2] [47;30m
[ego_planner_node-2] [drone 0 replan 504]==============================================[0m
[ego_planner_node-2] [1;33mmulti-trajs=1[1;0m
[ego_planner_node-2] [32miter(+1)=9,time(ms)=0.070,total_t(ms)=0.070,cost=0.005
[ego_planner_node-2] [0mtraj 1 success.
[ego_planner_node-2] plan_success=1
[ego_planner_node-2] total time:[42m0.000340696[0m,optimize:0.000335618,refine:5.078e-06,avg_time=0.000323768
[ego_planner_node-2] refine_success=1
[ego_planner_node-2] [SAFETY]: from EXEC_TRAJ to EXEC_TRAJ
[ego_planner_node-2] [47;30m
[ego_planner_node-2] [drone 0 replan 505]==============================================[0m
[ego_planner_node-2] [1;33mmulti-trajs=1[1;0m
[ego_planner_node-2] [32miter(+1)=10,time(ms)=0.039,total_t(ms)=0.039,cost=0.007
[ego_planner_node-2] [0mtraj 1 success.
[ego_planner_node-2] plan_success=1
[ego_planner_node-2] total time:[42m0.000165543[0m,optimize:0.000162985,refine:2.558e-06,avg_time=0.000323455
[ego_planner_node-2] refine_success=1
[ego_planner_node-2] [SAFETY]: from EXEC_TRAJ to EXEC_TRAJ
[ego_planner_node-2] [47;30m
[ego_planner_node-2] [drone 0 replan 506]==============================================[0m
[ego_planner_node-2] [1;33mmulti-trajs=1[1;0m
[ego_planner_node-2] [32miter(+1)=11,time(ms)=0.101,total_t(ms)=0.102,cost=0.009
[ego_planner_node-2] [0mtraj 1 success.
[ego_planner_node-2] plan_success=1
[ego_planner_node-2] total time:[42m0.000407456[0m,optimize:0.000402195,refine:5.261e-06,avg_time=0.000323621
[ego_planner_node-2] refine_success=1
[ego_planner_node-2] [SAFETY]: from EXEC_TRAJ to EXEC_TRAJ
[ego_planner_node-2] [47;30m
[ego_planner_node-2] [drone 0 replan 507]==============================================[0m
[ego_planner_node-2] [1;33mmulti-trajs=1[1;0m
[ego_planner_node-2] [32miter(+1)=13,time(ms)=0.083,total_t(ms)=0.084,cost=0.013
[ego_planner_node-2] [0mtraj 1 success.
[ego_planner_node-2] plan_success=1
[ego_planner_node-2] total time:[42m0.000320274[0m,optimize:0.00031613,refine:4.144e-06,avg_time=0.000323614
[ego_planner_node-2] refine_success=1
[ego_planner_node-2] [SAFETY]: from EXEC_TRAJ to EXEC_TRAJ
[ego_planner_node-2] [47;30m
[ego_planner_node-2] [drone 0 replan 508]==============================================[0m
[ego_planner_node-2] [1;33mmulti-trajs=1[1;0m
[ego_planner_node-2] [32miter(+1)=9,time(ms)=0.096,total_t(ms)=0.098,cost=0.003
[ego_planner_node-2] [0mtraj 1 success.
[ego_planner_node-2] plan_success=1
[ego_planner_node-2] total time:[42m0.000402859[0m,optimize:0.000396961,refine:5.898e-06,avg_time=0.00032377
[ego_planner_node-2] refine_success=1
[ego_planner_node-2] [SAFETY]: from EXEC_TRAJ to EXEC_TRAJ
[ego_planner_node-2] [47;30m
[ego_planner_node-2] [drone 0 replan 509]==============================================[0m
[ego_planner_node-2] [1;33mmulti-trajs=1[1;0m
[ego_planner_node-2] [32miter(+1)=8,time(ms)=0.021,total_t(ms)=0.021,cost=0.004
[ego_planner_node-2] [0mtraj 1 success.
[ego_planner_node-2] plan_success=1
[ego_planner_node-2] total time:[42m0.000109961[0m,optimize:0.00010839,refine:1.571e-06,avg_time=0.00032335
[ego_planner_node-2] refine_success=1
[ego_planner_node-2] [SAFETY]: from EXEC_TRAJ to EXEC_TRAJ
[ego_planner_node-2] [47;30m
[ego_planner_node-2] [drone 0 replan 510]==============================================[0m
[ego_planner_node-2] [1;33mmulti-trajs=1[1;0m
[ego_planner_node-2] [32miter(+1)=11,time(ms)=0.063,total_t(ms)=0.063,cost=0.004
[ego_planner_node-2] [0mtraj 1 success.
[ego_planner_node-2] plan_success=1
[ego_planner_node-2] total time:[42m0.000265083[0m,optimize:0.000261423,refine:3.66e-06,avg_time=0.000323236
[ego_planner_node-2] refine_success=1
[ego_planner_node-2] [SAFETY]: from EXEC_TRAJ to EXEC_TRAJ
[ego_planner_node-2] [47;30m
[ego_planner_node-2] [drone 0 replan 511]==============================================[0m
[ego_planner_node-2] [1;33mmulti-trajs=1[1;0m
[ego_planner_node-2] [32miter(+1)=11,time(ms)=0.073,total_t(ms)=0.074,cost=0.007
[ego_planner_node-2] [0mtraj 1 success.
[ego_planner_node-2] plan_success=1
[ego_planner_node-2] total time:[42m0.000284663[0m,optimize:0.000280809,refine:3.854e-06,avg_time=0.000323161
[ego_planner_node-2] refine_success=1
[ego_planner_node-2] [SAFETY]: from EXEC_TRAJ to EXEC_TRAJ
[ego_planner_node-2] [47;30m
[ego_planner_node-2] [drone 0 replan 512]==============================================[0m
[ego_planner_node-2] [1;33mmulti-trajs=1[1;0m
[ego_planner_node-2] [32miter(+1)=15,time(ms)=0.161,total_t(ms)=0.161,cost=0.009
[ego_planner_node-2] [0mtraj 1 success.
[ego_planner_node-2] plan_success=1
[ego_planner_node-2] total time:[42m0.000426716[0m,optimize:0.000421924,refine:4.792e-06,avg_time=0.000323363
[ego_planner_node-2] refine_success=1
[ego_planner_node-2] [SAFETY]: from EXEC_TRAJ to EXEC_TRAJ
[ego_planner_node-2] [47;30m
[ego_planner_node-2] [drone 0 replan 513]==============================================[0m
[ego_planner_node-2] [1;33mmulti-trajs=1[1;0m
[ego_planner_node-2] [32miter(+1)=8,time(ms)=0.080,total_t(ms)=0.081,cost=0.003
[ego_planner_node-2] [0mtraj 1 success.
[ego_planner_node-2] plan_success=1
[ego_planner_node-2] total time:[42m0.000332305[0m,optimize:0.000327052,refine:5.253e-06,avg_time=0.00032338
[ego_planner_node-2] refine_success=1
[ego_planner_node-2] [SAFETY]: from EXEC_TRAJ to EXEC_TRAJ
[ego_planner_node-2] [47;30m
[ego_planner_node-2] [drone 0 replan 514]==============================================[0m
[ego_planner_node-2] [1;33mmulti-trajs=1[1;0m
[ego_planner_node-2] [32miter(+1)=9,time(ms)=0.056,total_t(ms)=0.057,cost=0.003
[ego_planner_node-2] [0mtraj 1 success.
[ego_planner_node-2] plan_success=1
[ego_planner_node-2] total time:[42m0.000270444[0m,optimize:0.000266072,refine:4.372e-06,avg_time=0.000323278
[ego_planner_node-2] refine_success=1
[ego_planner_node-2] [SAFETY]: from EXEC_TRAJ to EXEC_TRAJ
[ego_planner_node-2] [47;30m
[ego_planner_node-2] [drone 0 replan 515]==============================================[0m
[ego_planner_node-2] [1;33mmulti-trajs=1[1;0m
[ego_planner_node-2] [32miter(+1)=9,time(ms)=0.052,total_t(ms)=0.053,cost=0.005
[ego_planner_node-2] [0mtraj 1 success.
[ego_planner_node-2] plan_success=1
[ego_planner_node-2] total time:[42m0.000250156[0m,optimize:0.000246057,refine:4.099e-06,avg_time=0.000323136
[ego_planner_node-2] refine_success=1
[ego_planner_node-2] [SAFETY]: from EXEC_TRAJ to EXEC_TRAJ
[ego_planner_node-2] [47;30m
[ego_planner_node-2] [drone 0 replan 516]==============================================[0m
[ego_planner_node-2] [1;33mmulti-trajs=1[1;0m
[ego_planner_node-2] [32miter(+1)=14,time(ms)=0.146,total_t(ms)=0.147,cost=0.004
[ego_planner_node-2] [0mtraj 1 success.
[ego_planner_node-2] plan_success=1
[ego_planner_node-2] total time:[42m0.000538983[0m,optimize:0.000531885,refine:7.098e-06,avg_time=0.000323553
[ego_planner_node-2] refine_success=1
[ego_planner_node-2] [SAFETY]: from EXEC_TRAJ to EXEC_TRAJ
[ego_planner_node-2] [47;30m
[ego_planner_node-2] [drone 0 replan 517]==============================================[0m
[ego_planner_node-2] [1;33mmulti-trajs=1[1;0m
[ego_planner_node-2] [32miter(+1)=11,time(ms)=0.098,total_t(ms)=0.099,cost=0.008
[ego_planner_node-2] [0mtraj 1 success.
[ego_planner_node-2] plan_success=1
[ego_planner_node-2] total time:[42m0.000411133[0m,optimize:0.000405763,refine:5.37e-06,avg_time=0.000323722
[ego_planner_node-2] refine_success=1
[ego_planner_node-2] [SAFETY]: from EXEC_TRAJ to EXEC_TRAJ
[ego_planner_node-2] [47;30m
[ego_planner_node-2] [drone 0 replan 518]==============================================[0m
[ego_planner_node-2] [1;33mmulti-trajs=1[1;0m
[ego_planner_node-2] [32miter(+1)=19,time(ms)=0.135,total_t(ms)=0.136,cost=0.006
[ego_planner_node-2] [0mtraj 1 success.
[ego_planner_node-2] plan_success=1
[ego_planner_node-2] total time:[42m0.000487144[0m,optimize:0.000482616,refine:4.528e-06,avg_time=0.000324037
[ego_planner_node-2] refine_success=1
[ego_planner_node-2] [SAFETY]: from EXEC_TRAJ to EXEC_TRAJ
[ego_planner_node-2] [47;30m
[ego_planner_node-2] [drone 0 replan 519]==============================================[0m
[ego_planner_node-2] [1;33mmulti-trajs=1[1;0m
[ego_planner_node-2] [32miter(+1)=9,time(ms)=0.106,total_t(ms)=0.107,cost=0.003
[ego_planner_node-2] [0mtraj 1 success.
[ego_planner_node-2] plan_success=1
[ego_planner_node-2] total time:[42m0.000478563[0m,optimize:0.00047086,refine:7.703e-06,avg_time=0.000324335
[ego_planner_node-2] refine_success=1
[ego_planner_node-2] [SAFETY]: from EXEC_TRAJ to EXEC_TRAJ
[ego_planner_node-2] [FSM]: state: EXEC_TRAJ
[ego_planner_node-2] [47;30m
[ego_planner_node-2] [drone 0 replan 520]==============================================[0m
[ego_planner_node-2] [1;33mmulti-trajs=1[1;0m
[ego_planner_node-2] [32miter(+1)=9,time(ms)=0.044,total_t(ms)=0.045,cost=0.004
[ego_planner_node-2] [0mtraj 1 success.
[ego_planner_node-2] plan_success=1
[ego_planner_node-2] total time:[42m0.000226155[0m,optimize:0.000222752,refine:3.403e-06,avg_time=0.000324146
[ego_planner_node-2] refine_success=1
[ego_planner_node-2] [SAFETY]: from EXEC_TRAJ to EXEC_TRAJ
[ego_planner_node-2] [47;30m
[ego_planner_node-2] [drone 0 replan 521]==============================================[0m
[ego_planner_node-2] [1;33mmulti-trajs=1[1;0m
[ego_planner_node-2] [32miter(+1)=13,time(ms)=0.109,total_t(ms)=0.110,cost=0.003
[ego_planner_node-2] [0mtraj 1 success.
[ego_planner_node-2] plan_success=1
[ego_planner_node-2] total time:[42m0.000402103[0m,optimize:0.000396901,refine:5.202e-06,avg_time=0.000324295
[ego_planner_node-2] refine_success=1
[ego_planner_node-2] [SAFETY]: from EXEC_TRAJ to EXEC_TRAJ
[ego_planner_node-2] [47;30m
[ego_planner_node-2] [drone 0 replan 522]==============================================[0m
[ego_planner_node-2] [1;33mmulti-trajs=1[1;0m
[ego_planner_node-2] [32miter(+1)=12,time(ms)=0.107,total_t(ms)=0.108,cost=0.006
[ego_planner_node-2] [0mtraj 1 success.
[ego_planner_node-2] plan_success=1
[ego_planner_node-2] total time:[42m0.000441294[0m,optimize:0.00043532,refine:5.974e-06,avg_time=0.000324519
[ego_planner_node-2] refine_success=1
[ego_planner_node-2] [SAFETY]: from EXEC_TRAJ to EXEC_TRAJ
[ego_planner_node-2] [47;30m
[ego_planner_node-2] [drone 0 replan 523]==============================================[0m
[ego_planner_node-2] [1;33mmulti-trajs=1[1;0m
[ego_planner_node-2] [32miter(+1)=12,time(ms)=0.108,total_t(ms)=0.109,cost=0.009
[ego_planner_node-2] [0mtraj 1 success.
[ego_planner_node-2] plan_success=1
[ego_planner_node-2] total time:[42m0.000449935[0m,optimize:0.000443995,refine:5.94e-06,avg_time=0.000324758
[ego_planner_node-2] refine_success=1
[ego_planner_node-2] [SAFETY]: from EXEC_TRAJ to EXEC_TRAJ
[ego_planner_node-2] [47;30m
[ego_planner_node-2] [drone 0 replan 524]==============================================[0m
[ego_planner_node-2] [1;33mmulti-trajs=1[1;0m
[ego_planner_node-2] [32miter(+1)=25,time(ms)=0.234,total_t(ms)=0.235,cost=0.001
[ego_planner_node-2] [0mtraj 1 success.
[ego_planner_node-2] plan_success=1
[ego_planner_node-2] total time:[42m0.000540496[0m,optimize:0.000535776,refine:4.72e-06,avg_time=0.000325169
[ego_planner_node-2] refine_success=1
[ego_planner_node-2] [SAFETY]: from EXEC_TRAJ to EXEC_TRAJ
[ego_planner_node-2] [47;30m
[ego_planner_node-2] [drone 0 replan 525]==============================================[0m
[ego_planner_node-2] [1;33mmulti-trajs=1[1;0m
[ego_planner_node-2] [32miter(+1)=9,time(ms)=0.054,total_t(ms)=0.055,cost=0.003
[ego_planner_node-2] [0mtraj 1 success.
[ego_planner_node-2] plan_success=1
[ego_planner_node-2] total time:[42m0.000234819[0m,optimize:0.000230945,refine:3.874e-06,avg_time=0.000324998
[ego_planner_node-2] refine_success=1
[ego_planner_node-2] [SAFETY]: from EXEC_TRAJ to EXEC_TRAJ
[ego_planner_node-2] [47;30m
[ego_planner_node-2] [drone 0 replan 526]==============================================[0m
[ego_planner_node-2] [1;33mmulti-trajs=1[1;0m
[ego_planner_node-2] [32miter(+1)=9,time(ms)=0.076,total_t(ms)=0.077,cost=0.004
[ego_planner_node-2] [0mtraj 1 success.
[ego_planner_node-2] plan_success=1
[ego_planner_node-2] total time:[42m0.00038417[0m,optimize:0.000378739,refine:5.431e-06,avg_time=0.00032511
[ego_planner_node-2] refine_success=1
[ego_planner_node-2] [SAFETY]: from EXEC_TRAJ to EXEC_TRAJ
[ego_planner_node-2] [47;30m
[ego_planner_node-2] [drone 0 replan 527]==============================================[0m
[ego_planner_node-2] [1;33mmulti-trajs=1[1;0m
[ego_planner_node-2] [32miter(+1)=14,time(ms)=0.079,total_t(ms)=0.079,cost=0.004
[ego_planner_node-2] [0mtraj 1 success.
[ego_planner_node-2] plan_success=1
[ego_planner_node-2] total time:[42m0.000290831[0m,optimize:0.000287022,refine:3.809e-06,avg_time=0.000325045
[ego_planner_node-2] refine_success=1
[ego_planner_node-2] [SAFETY]: from EXEC_TRAJ to EXEC_TRAJ
[ego_planner_node-2] [47;30m
[ego_planner_node-2] [drone 0 replan 528]==============================================[0m
[ego_planner_node-2] [1;33mmulti-trajs=1[1;0m
[ego_planner_node-2] [32miter(+1)=12,time(ms)=0.121,total_t(ms)=0.122,cost=0.007
[ego_planner_node-2] [0mtraj 1 success.
[ego_planner_node-2] plan_success=1
[ego_planner_node-2] total time:[42m0.000452239[0m,optimize:0.000445992,refine:6.247e-06,avg_time=0.000325285
[ego_planner_node-2] refine_success=1
[ego_planner_node-2] [SAFETY]: from EXEC_TRAJ to EXEC_TRAJ
[ego_planner_node-2] [47;30m
[ego_planner_node-2] [drone 0 replan 529]==============================================[0m
[ego_planner_node-2] [1;33mmulti-trajs=1[1;0m
[ego_planner_node-2] [32miter(+1)=24,time(ms)=0.140,total_t(ms)=0.141,cost=0.002
[ego_planner_node-2] [0mtraj 1 success.
[ego_planner_node-2] plan_success=1
[ego_planner_node-2] total time:[42m0.000338366[0m,optimize:0.000334836,refine:3.53e-06,avg_time=0.00032531
[ego_planner_node-2] refine_success=1
[ego_planner_node-2] [SAFETY]: from EXEC_TRAJ to EXEC_TRAJ
[ego_planner_node-2] [47;30m
[ego_planner_node-2] [drone 0 replan 530]==============================================[0m
[ego_planner_node-2] [1;33mmulti-trajs=1[1;0m
[ego_planner_node-2] [32miter(+1)=27,time(ms)=0.100,total_t(ms)=0.101,cost=0.001
[ego_planner_node-2] [0mtraj 1 success.
[ego_planner_node-2] plan_success=1
[ego_planner_node-2] total time:[42m0.000227428[0m,optimize:0.000225182,refine:2.246e-06,avg_time=0.000325126
[ego_planner_node-2] refine_success=1
[ego_planner_node-2] [SAFETY]: from EXEC_TRAJ to EXEC_TRAJ
[ego_planner_node-2] [47;30m
[ego_planner_node-2] [drone 0 replan 531]==============================================[0m
[ego_planner_node-2] [1;33mmulti-trajs=1[1;0m
[ego_planner_node-2] [32miter(+1)=10,time(ms)=0.100,total_t(ms)=0.101,cost=0.003
[ego_planner_node-2] [0mtraj 1 success.
[ego_planner_node-2] plan_success=1
[ego_planner_node-2] total time:[42m0.000424368[0m,optimize:0.000417733,refine:6.635e-06,avg_time=0.000325312
[ego_planner_node-2] refine_success=1
[ego_planner_node-2] [SAFETY]: from EXEC_TRAJ to EXEC_TRAJ
[WARNING] [launch]: user interrupted with ctrl-c (SIGINT)
[WARNING] [launch]: user interrupted with ctrl-c (SIGINT) again, ignoring...
[INFO] [pcl_render_node-6]: sending signal 'SIGINT' to process[pcl_render_node-6]
[INFO] [odom_visualization-5]: sending signal 'SIGINT' to process[odom_visualization-5]
[INFO] [poscmd_2_odom-4]: sending signal 'SIGINT' to process[poscmd_2_odom-4]
[INFO] [traj_server-3]: sending signal 'SIGINT' to process[traj_server-3]
[INFO] [ego_planner_node-2]: sending signal 'SIGINT' to process[ego_planner_node-2]
[INFO] [random_forest-1]: sending signal 'SIGINT' to process[random_forest-1]
[ERROR] [odom_visualization-5]: process has died [pid 47326, exit code -2, cmd '/home/cube/WorkSpace/ROS/Ego_Planner/ego-planner-swarm/install/odom_visualization/lib/odom_visualization/odom_visualization --ros-args -r __node:=drone_0_odom_visualization --params-file /tmp/launch_params_sxzv4qr4 --params-file /tmp/launch_params_9du5uopn --params-file /tmp/launch_params_tjhbmosw --params-file /tmp/launch_params_3zuvioxt --params-file /tmp/launch_params_1rfomag3 --params-file /tmp/launch_params_rylxs6d_ --params-file /tmp/launch_params_h1zevmow --params-file /tmp/launch_params_kbdrxic7 -r odom:=drone_0_visual_slam/odom -r robot:=drone_0_vis/robot -r path:=drone_0_vis/path -r time_gap:=drone_0_vis/time_gap'].
[ERROR] [traj_server-3]: process has died [pid 47322, exit code -2, cmd '/home/cube/WorkSpace/ROS/Ego_Planner/ego-planner-swarm/install/ego_planner/lib/ego_planner/traj_server --ros-args -r __node:=drone_0_traj_server --params-file /tmp/launch_params_dop7o2wn -r position_cmd:=drone_0_planning/pos_cmd -r planning/bspline:=drone_0_planning/bspline'].
[traj_server-3] [INFO] [1773691863.566192419] [rclcpp]: signal_handler(SIGINT/SIGTERM)
[pcl_render_node-6] [INFO] [1773691863.566223747] [rclcpp]: signal_handler(SIGINT/SIGTERM)
[pcl_render_node-6] terminate called after throwing an instance of 'rclcpp::exceptions::RCLError'
[pcl_render_node-6]   what():  failed to create guard condition: the given context is not valid, either rcl_init() was not called or rcl_shutdown() was called., at ./src/rcl/guard_condition.c:67
[poscmd_2_odom-4] [INFO] [1773691863.566194630] [rclcpp]: signal_handler(SIGINT/SIGTERM)
[poscmd_2_odom-4] terminate called after throwing an instance of 'rclcpp::exceptions::RCLError'
[poscmd_2_odom-4]   what():  failed to create guard condition: the given context is not valid, either rcl_init() was not called or rcl_shutdown() was called., at ./src/rcl/guard_condition.c:67
[random_forest-1] [INFO] [1773691863.566231374] [rclcpp]: signal_handler(SIGINT/SIGTERM)
[odom_visualization-5] [INFO] [1773691863.566203288] [rclcpp]: signal_handler(SIGINT/SIGTERM)
[ego_planner_node-2] [INFO] [1773691863.566332716] [rclcpp]: signal_handler(SIGINT/SIGTERM)
[ERROR] [random_forest-1]: process has died [pid 47318, exit code -2, cmd '/home/cube/WorkSpace/ROS/Ego_Planner/ego-planner-swarm/install/map_generator/lib/map_generator/random_forest --ros-args -r __node:=random_forest --params-file /tmp/launch_params_u3wjdliz --params-file /tmp/launch_params_4vp32lou --params-file /tmp/launch_params_h02cgtu3 --params-file /tmp/launch_params_69vtcn_p --params-file /tmp/launch_params_l30s59hy --params-file /tmp/launch_params_p1uugcid --params-file /tmp/launch_params_lf5sid0g --params-file /tmp/launch_params_9q7k9dcv --params-file /tmp/launch_params_b95_s9ex --params-file /tmp/launch_params__3q_t4ms --params-file /tmp/launch_params_2pu88jlw --params-file /tmp/launch_params_14heinm3 --params-file /tmp/launch_params_3jc59yti --params-file /tmp/launch_params_vho91jn3 --params-file /tmp/launch_params_ixjbkomo --params-file /tmp/launch_params_47_u2owp --params-file /tmp/launch_params_bfvidh80 --params-file /tmp/launch_params_kty0rqfb'].
[ERROR] [ego_planner_node-2]: process has died [pid 47320, exit code -2, cmd '/home/cube/WorkSpace/ROS/Ego_Planner/ego-planner-swarm/install/ego_planner/lib/ego_planner/ego_planner_node --ros-args -r __node:=drone_0_ego_planner_node --params-file /tmp/launch_params_vs_li783 --params-file /tmp/launch_params_oe7i53iu --params-file /tmp/launch_params_rfasxhat --params-file /tmp/launch_params_t3gad7o_ --params-file /tmp/launch_params_hu8j1oxa --params-file /tmp/launch_params_8jhko41e --params-file /tmp/launch_params_qq9t1xkv --params-file /tmp/launch_params_irfma9z2 --params-file /tmp/launch_params_30mfgdpp --params-file /tmp/launch_params_xltbvceu --params-file /tmp/launch_params_0_es4q8s --params-file /tmp/launch_params_61xr5r_s --params-file /tmp/launch_params_w_y2adez --params-file /tmp/launch_params_i6xzr92b --params-file /tmp/launch_params_dkur1oti --params-file /tmp/launch_params_l89wz23v --params-file /tmp/launch_params_fk4r1byc --params-file /tmp/launch_params_e9t0j32q --params-file /tmp/launch_params_xi3nbbj9 --params-file /tmp/launch_params_g45zfh9z --params-file /tmp/launch_params_m5pafm_4 --params-file /tmp/launch_params_5ckwuba5 --params-file /tmp/launch_params_h3zrgylr --params-file /tmp/launch_params_iu4ezeta --params-file /tmp/launch_params_2xcwkzv5 --params-file /tmp/launch_params_d0u1aumk --params-file /tmp/launch_params_pt_cg_3l --params-file /tmp/launch_params_s5_jf2mo --params-file /tmp/launch_params_bmvyknz6 --params-file /tmp/launch_params_ohac0ak0 --params-file /tmp/launch_params_4hnv8p9v --params-file /tmp/launch_params_cqm8haa6 --params-file /tmp/launch_params_03y29kay --params-file /tmp/launch_params_225l73ho --params-file /tmp/launch_params_whqfydlm --params-file /tmp/launch_params_988shmty --params-file /tmp/launch_params_b_jcd1oq --params-file /tmp/launch_params_pyo__3ga --params-file /tmp/launch_params_ni2__r6s --params-file /tmp/launch_params_r204p5s0 --params-file /tmp/launch_params_q0ugprsc --params-file /tmp/launch_params_ydjgwxpj --params-file /tmp/launch_params_qidlrrbt --params-file /tmp/launch_params_smo5kj1i --params-file /tmp/launch_params_7wt22n6_ --params-file /tmp/launch_params__aqx765x --params-file /tmp/launch_params_nw99cskt --params-file /tmp/launch_params_zfcvjtte --params-file /tmp/launch_params_p74ek3oy --params-file /tmp/launch_params_ble3f4dy --params-file /tmp/launch_params_1q1jj97t --params-file /tmp/launch_params_71zbkodo --params-file /tmp/launch_params_aw0cc3lp --params-file /tmp/launch_params_vu8rbyic --params-file /tmp/launch_params_ld5sep84 --params-file /tmp/launch_params_xy0pq58h --params-file /tmp/launch_params_piw7590c --params-file /tmp/launch_params_czscr9v0 --params-file /tmp/launch_params_s4pufr97 --params-file /tmp/launch_params_shysmos6 --params-file /tmp/launch_params_wjus043t --params-file /tmp/launch_params_fc7x0nbj --params-file /tmp/launch_params_payw_aks --params-file /tmp/launch_params_lda2plah --params-file /tmp/launch_params_txxppc40 --params-file /tmp/launch_params_owi8qzjm --params-file /tmp/launch_params__qd4l2ds --params-file /tmp/launch_params__96i517g --params-file /tmp/launch_params_bcsfzupq --params-file /tmp/launch_params_gqmlfxml --params-file /tmp/launch_params_ijofs_gd --params-file /tmp/launch_params_fcs4o4oz --params-file /tmp/launch_params_6q_t5klm --params-file /tmp/launch_params_wigyrt4x --params-file /tmp/launch_params_cd6gvjx7 --params-file /tmp/launch_params_lv_2b8de --params-file /tmp/launch_params_n6o65zfa --params-file /tmp/launch_params_m4qkys3v --params-file /tmp/launch_params_v8rnapdw --params-file /tmp/launch_params_iupsgnue --params-file /tmp/launch_params_wewwe_w2 --params-file /tmp/launch_params_129mxo2u --params-file /tmp/launch_params_a3m0qrmi --params-file /tmp/launch_params_tgfdxp21 --params-file /tmp/launch_params_flki4z08 --params-file /tmp/launch_params_e6j12coe --params-file /tmp/launch_params_9yfgebiw --params-file /tmp/launch_params_6ei2m05v --params-file /tmp/launch_params_hk9c71qz --params-file /tmp/launch_params_momgn8ao --params-file /tmp/launch_params_lvarppt4 --params-file /tmp/launch_params_nqkv1n8d --params-file /tmp/launch_params_219ulfwd --params-file /tmp/launch_params_x1k8elsv -r odom_world:=drone_0_visual_slam/odom -r planning/bspline:=drone_0_planning/bspline -r planning/data_display:=drone_0_planning/data_display -r planning/broadcast_bspline_from_planner:=/broadcast_bspline -r planning/broadcast_bspline_to_planner:=/broadcast_bspline -r goal_point:=drone_0_plan_vis/goal_point -r global_list:=drone_0_plan_vis/global_list -r init_list:=drone_0_plan_vis/init_list -r optimal_list:=drone_0_plan_vis/optimal_list -r a_star_list:=drone_0_plan_vis/a_star_list -r grid_map/odom:=drone_0_visual_slam/odom -r grid_map/cloud:=drone_0_pcl_render_node/cloud -r grid_map/lidar:=drone_0_lidar_points -r grid_map/pose:=drone_0_pcl_render_node/camera_pose -r grid_map/depth:=drone_0_pcl_render_node/depth -r grid_map/occupancy_inflate:=drone_0_grid/grid_map/occupancy_inflate'].
[ERROR] [pcl_render_node-6]: process has died [pid 47328, exit code -6, cmd '/home/cube/WorkSpace/ROS/Ego_Planner/ego-planner-swarm/install/local_sensing/lib/local_sensing/pcl_render_node --ros-args -r __node:=drone_0_pcl_render_node --params-file /tmp/launch_params_lwl0950p --params-file /tmp/launch_params_eh3ei820 --params-file /tmp/launch_params_g4_sojxc --params-file /tmp/launch_params_6drop0o6 --params-file /tmp/launch_params_jwwghtia --params-file /tmp/launch_params_3mq5f8fb --params-file /home/cube/WorkSpace/ROS/Ego_Planner/ego-planner-swarm/install/local_sensing/share/local_sensing/config/camera.yaml -r global_map:=/map_generator/global_cloud -r odometry:=drone_0_visual_slam/odom -r pcl_render_node/cloud:=drone_0_pcl_render_node/cloud -r depth:=drone_0_pcl_render_node/depth'].
[ERROR] [poscmd_2_odom-4]: process has died [pid 47324, exit code -6, cmd '/home/cube/WorkSpace/ROS/Ego_Planner/ego-planner-swarm/install/poscmd_2_odom/lib/poscmd_2_odom/poscmd_2_odom --ros-args -r __node:=drone_0_poscmd_2_odom --params-file /tmp/launch_params_0k46nrzl --params-file /tmp/launch_params_lbs38whd --params-file /tmp/launch_params_0cakkj89 -r command:=drone_0_planning/pos_cmd -r odometry:=drone_0_visual_slam/odom'].
