[INFO] [launch]: All log files can be found below /home/cube/.ros/log/2026-03-17-03-09-02-323379-Cubot-34332
[INFO] [launch]: Default logging verbosity is set to INFO
[INFO] [random_forest-1]: process started with pid [34333]
[INFO] [ego_planner_node-2]: process started with pid [34335]
[INFO] [traj_server-3]: process started with pid [34337]
[INFO] [poscmd_2_odom-4]: process started with pid [34339]
[INFO] [odom_visualization-5]: process started with pid [34341]
[INFO] [pcl_render_node-6]: process started with pid [34343]
[ego_planner_node-2] hit: 0.619039
[ego_planner_node-2] miss: -0.619039
[ego_planner_node-2] min log: -1.99243
[ego_planner_node-2] max: 2.19722
[ego_planner_node-2] thresh log: 1.38629
[ego_planner_node-2] [INFO] [1773688142.593677052] [drone_0_ego_planner_node]: Wait for 1 second.
[ego_planner_node-2] [FSM]: from INIT to WAIT_TARGET
[random_forest-1] seed=1
[random_forest-1] [WARN] [1773688142.929939732] [RandomMapGenerateCylinder]: Finished generate random map 
[pcl_render_node-6] [WARN] [1773688142.979432084] [rcvGlobalPointCloudCallBack]: Global Pointcloud received..
[traj_server-3] [WARN] [1773688143.403228818] [drone_0_traj_server]: [Traj server]: ready.
[ego_planner_node-2] [FSM]: state: WAIT_TARGET
[ego_planner_node-2] wait for goal or trigger.
[ego_planner_node-2] [WARN] [1773688143.917069031] [drone_0_ego_planner_node]: Waiting for trigger from [n3ctrl] from RC
[ego_planner_node-2] [TRIG]: from WAIT_TARGET to GEN_NEW_TRAJ
[ego_planner_node-2] [47;30m
[ego_planner_node-2] [drone 0 replan 0]==============================================[0m
[ego_planner_node-2] [1;33mmulti-trajs=2[1;0m
[ego_planner_node-2] iter=13,time(ms)=0.23,rebound.
[ego_planner_node-2] iter=14,time(ms)=0.092,rebound.
[ego_planner_node-2] [32miter(+1)=24,time(ms)=0.100, collided, keep optimizing
[ego_planner_node-2] [0m[32miter(+1)=45,time(ms)=0.208, collided, keep optimizing
[ego_planner_node-2] [0miter=19,time(ms)=0.094,rebound.
[ego_planner_node-2] iter=12,time(ms)=0.05,rebound.
[ego_planner_node-2] [32miter(+1)=16,time(ms)=0.065, collided, keep optimizing
[ego_planner_node-2] [0mtraj 1 failed.
[ego_planner_node-2] iter=13,time(ms)=0.11,rebound.
[ego_planner_node-2] iter=14,time(ms)=0.065,rebound.
[ego_planner_node-2] [32miter(+1)=36,time(ms)=0.149, collided, keep optimizing
[ego_planner_node-2] [0m[32miter(+1)=44,time(ms)=0.173,total_t(ms)=0.525,cost=1.563
[ego_planner_node-2] [0mtraj 2 success.
[ego_planner_node-2] plan_success=1
[ego_planner_node-2] total time:[42m0.0018[0m,optimize:0.0018,refine:2.1e-06,avg_time=0.0018
[ego_planner_node-2] refine_success=1
[ego_planner_node-2] [FSM]: from GEN_NEW_TRAJ to EXEC_TRAJ
[ego_planner_node-2] [47;30m
[ego_planner_node-2] [drone 0 replan 1]==============================================[0m
[ego_planner_node-2] [1;33mmulti-trajs=2[1;0m
[ego_planner_node-2] iter=13,time(ms)=0.13,rebound.
[ego_planner_node-2] iter=14,time(ms)=0.13,rebound.
[ego_planner_node-2] [32miter(+1)=39,time(ms)=0.269, collided, keep optimizing
[ego_planner_node-2] [0m[32miter(+1)=1,time(ms)=0.009, collided, keep optimizing
[ego_planner_node-2] [0m[32miter(+1)=4,time(ms)=0.019, collided, keep optimizing
[ego_planner_node-2] [0mtraj 1 failed.
[ego_planner_node-2] iter=14,time(ms)=0.1,rebound.
[ego_planner_node-2] [32miter(+1)=10,time(ms)=0.046,total_t(ms)=0.153,cost=0.417
[ego_planner_node-2] [0mtraj 2 success.
[ego_planner_node-2] plan_success=1
[ego_planner_node-2] total time:[42m0.0011[0m,optimize:0.0011,refine:3.7e-06,avg_time=0.0015
[ego_planner_node-2] refine_success=1
[ego_planner_node-2] [SAFETY]: from EXEC_TRAJ to EXEC_TRAJ
[ego_planner_node-2] [47;30m
[ego_planner_node-2] [drone 0 replan 2]==============================================[0m
[ego_planner_node-2] [1;33mmulti-trajs=1[1;0m
[ego_planner_node-2] iter=12,time(ms)=0.13,rebound.
[ego_planner_node-2] [32miter(+1)=11,time(ms)=0.077,total_t(ms)=0.232,cost=0.385
[ego_planner_node-2] [0mtraj 1 success.
[ego_planner_node-2] plan_success=1
[ego_planner_node-2] total time:[42m0.0006[0m,optimize:0.00059,refine:5.5e-06,avg_time=0.0012
[ego_planner_node-2] refine_success=1
[ego_planner_node-2] [SAFETY]: from EXEC_TRAJ to EXEC_TRAJ
[ego_planner_node-2] [FSM]: state: EXEC_TRAJ
[ego_planner_node-2] [FSM]: from EXEC_TRAJ to REPLAN_TRAJ
[ego_planner_node-2] [47;30m
[ego_planner_node-2] [drone 0 replan 3]==============================================[0m
[ego_planner_node-2] [1;33mmulti-trajs=1[1;0m
[ego_planner_node-2] [32miter(+1)=11,time(ms)=0.058,total_t(ms)=0.058,cost=0.063
[ego_planner_node-2] [0mtraj 1 success.
[ego_planner_node-2] plan_success=1
[ego_planner_node-2] total time:[42m0.00023[0m,optimize:0.00023,refine:3e-06,avg_time=0.00093
[ego_planner_node-2] refine_success=1
[ego_planner_node-2] [FSM]: from REPLAN_TRAJ to EXEC_TRAJ
[ego_planner_node-2] [FSM]: state: EXEC_TRAJ
[ego_planner_node-2] [FSM]: from EXEC_TRAJ to REPLAN_TRAJ
[ego_planner_node-2] [47;30m
[ego_planner_node-2] [drone 0 replan 4]==============================================[0m
[ego_planner_node-2] [1;33mmulti-trajs=1[1;0m
[ego_planner_node-2] [32miter(+1)=10,time(ms)=0.091,total_t(ms)=0.092,cost=0.031
[ego_planner_node-2] [0mtraj 1 success.
[ego_planner_node-2] plan_success=1
[ego_planner_node-2] total time:[42m0.00044[0m,optimize:0.00043,refine:5.7e-06,avg_time=0.00083
[ego_planner_node-2] refine_success=1
[ego_planner_node-2] [FSM]: from REPLAN_TRAJ to EXEC_TRAJ
[ego_planner_node-2] [47;30m
[ego_planner_node-2] [drone 0 replan 5]==============================================[0m
[ego_planner_node-2] [1;33mmulti-trajs=1[1;0m
[ego_planner_node-2] [32miter(+1)=11,time(ms)=0.126,total_t(ms)=0.127,cost=0.032
[ego_planner_node-2] [0mtraj 1 success.
[ego_planner_node-2] plan_success=1
[ego_planner_node-2] total time:[42m0.00055[0m,optimize:0.00054,refine:8.9e-06,avg_time=0.00079
[ego_planner_node-2] refine_success=1
[ego_planner_node-2] [SAFETY]: from EXEC_TRAJ to EXEC_TRAJ
[ego_planner_node-2] [47;30m
[ego_planner_node-2] [drone 0 replan 6]==============================================[0m
[ego_planner_node-2] [1;33mmulti-trajs=1[1;0m
[ego_planner_node-2] [32miter(+1)=8,time(ms)=0.072, collided, keep optimizing
[ego_planner_node-2] [0m[32miter(+1)=1,time(ms)=0.016, collided, keep optimizing
[ego_planner_node-2] [0m[32miter(+1)=1,time(ms)=0.013, collided, keep optimizing
[ego_planner_node-2] [0mtraj 1 failed.
[ego_planner_node-2] plan_success=0
[ego_planner_node-2] refine_success=0
[ego_planner_node-2] [47;30m
[ego_planner_node-2] [drone 0 replan 7]==============================================[0m
[ego_planner_node-2] [1;33mmulti-trajs=2[1;0m
[ego_planner_node-2] iter=5,time(ms)=0.12,rebound.
[ego_planner_node-2] iter=16,time(ms)=0.24,rebound.
[ego_planner_node-2] iter=8,time(ms)=0.27,rebound.
[ego_planner_node-2] iter=12,time(ms)=0.21,rebound.
[ego_planner_node-2] [32miter(+1)=37,time(ms)=0.515, collided, keep optimizing
[ego_planner_node-2] [0m[32miter(+1)=77,time(ms)=1.148, collided, keep optimizing
[ego_planner_node-2] [0m[32miter(+1)=48,time(ms)=0.672, collided, keep optimizing
[ego_planner_node-2] [0mtraj 1 failed.
[ego_planner_node-2] iter=5,time(ms)=0.091,rebound.
[ego_planner_node-2] iter=30,time(ms)=0.35,rebound.
[ego_planner_node-2] iter=5,time(ms)=0.066,rebound.
[ego_planner_node-2] iter=10,time(ms)=0.11,rebound.
[ego_planner_node-2] iter=56,time(ms)=0.55,rebound.
[ego_planner_node-2] iter=5,time(ms)=0.029,rebound.
[ego_planner_node-2] [32miter(+1)=35,time(ms)=0.153,total_t(ms)=1.403,cost=0.690
[ego_planner_node-2] [0mtraj 2 success.
[ego_planner_node-2] plan_success=1
[ego_planner_node-2] total time:[42m0.0054[0m,optimize:0.0054,refine:2.3e-06,avg_time=0.0014
[ego_planner_node-2] refine_success=1
[ego_planner_node-2] [SAFETY]: from EXEC_TRAJ to EXEC_TRAJ
[ego_planner_node-2] [FSM]: state: EXEC_TRAJ
[ego_planner_node-2] [FSM]: from EXEC_TRAJ to REPLAN_TRAJ
[ego_planner_node-2] [47;30m
[ego_planner_node-2] [drone 0 replan 8]==============================================[0m
[ego_planner_node-2] [1;33mmulti-trajs=2[1;0m
[ego_planner_node-2] iter=21,time(ms)=0.37,rebound.
[ego_planner_node-2] [32miter(+1)=17,time(ms)=0.196,total_t(ms)=0.609,cost=0.214
[ego_planner_node-2] [0mtraj 1 success.
[ego_planner_node-2] iter=13,time(ms)=0.28,rebound.
[ego_planner_node-2] iter=15,time(ms)=0.2,rebound.
[ego_planner_node-2] iter=24,time(ms)=0.35,rebound.
[ego_planner_node-2] [32miter(+1)=15,time(ms)=0.154, collided, keep optimizing
[ego_planner_node-2] [0miter=10,time(ms)=0.14,rebound.
[ego_planner_node-2] iter=26,time(ms)=0.43,rebound.
[ego_planner_node-2] iter=10,time(ms)=0.27,rebound.
[ego_planner_node-2] iter=25,time(ms)=0.31,rebound.
[ego_planner_node-2] iter=32,time(ms)=0.45,rebound.
[ego_planner_node-2] [32miter(+1)=16,time(ms)=0.156, collided, keep optimizing
[ego_planner_node-2] [0m[32miter(+1)=28,time(ms)=0.330, collided, keep optimizing
[ego_planner_node-2] [0mtraj 2 failed.
[ego_planner_node-2] plan_success=1
[ego_planner_node-2] total time:[42m0.0046[0m,optimize:0.0046,refine:6e-06,avg_time=0.0018
[ego_planner_node-2] refine_success=1
[ego_planner_node-2] [FSM]: from REPLAN_TRAJ to EXEC_TRAJ
[ego_planner_node-2] [FSM]: state: EXEC_TRAJ
[ego_planner_node-2] [FSM]: from EXEC_TRAJ to REPLAN_TRAJ
[ego_planner_node-2] [47;30m
[ego_planner_node-2] [drone 0 replan 9]==============================================[0m
[ego_planner_node-2] [1;33mmulti-trajs=2[1;0m
[ego_planner_node-2] iter=14,time(ms)=0.074,rebound.
[ego_planner_node-2] [32miter(+1)=28,time(ms)=0.110,total_t(ms)=0.197,cost=0.105
[ego_planner_node-2] [0mtraj 1 success.
[ego_planner_node-2] iter=10,time(ms)=0.041,rebound.
[ego_planner_node-2] iter=7,time(ms)=0.032,rebound.
[ego_planner_node-2] iter=8,time(ms)=0.034,rebound.
[ego_planner_node-2] iter=8,time(ms)=0.033,rebound.
[ego_planner_node-2] iter=23,time(ms)=0.17,rebound.
[ego_planner_node-2] iter=31,time(ms)=0.14,rebound.
[ego_planner_node-2] iter=29,time(ms)=0.12,rebound.
[ego_planner_node-2] iter=30,time(ms)=0.13,rebound.
[ego_planner_node-2] [32miter(+1)=33,time(ms)=0.139, collided, keep optimizing
[ego_planner_node-2] [0miter=18,time(ms)=0.33,rebound.
[ego_planner_node-2] iter=11,time(ms)=0.056,rebound.
[ego_planner_node-2] [32miter(+1)=24,time(ms)=0.089, collided, keep optimizing
[ego_planner_node-2] [0m[32miter(+1)=38,time(ms)=0.155,total_t(ms)=1.563,cost=4.971
[ego_planner_node-2] [0mtraj 2 success.
[ego_planner_node-2] plan_success=1
[ego_planner_node-2] total time:[42m0.002[0m,optimize:0.002,refine:2.1e-06,avg_time=0.0019
[ego_planner_node-2] refine_success=1
[ego_planner_node-2] [FSM]: from REPLAN_TRAJ to EXEC_TRAJ
[ego_planner_node-2] [FSM]: state: EXEC_TRAJ
[ego_planner_node-2] [FSM]: from EXEC_TRAJ to REPLAN_TRAJ
[ego_planner_node-2] [47;30m
[ego_planner_node-2] [drone 0 replan 10]==============================================[0m
[ego_planner_node-2] [1;33mmulti-trajs=1[1;0m
[ego_planner_node-2] iter=5,time(ms)=0.092,rebound.
[ego_planner_node-2] iter=7,time(ms)=0.033,rebound.
[ego_planner_node-2] iter=21,time(ms)=0.22,rebound.
[ego_planner_node-2] iter=41,time(ms)=0.19,rebound.
[ego_planner_node-2] iter=9,time(ms)=0.035,rebound.
[ego_planner_node-2] iter=8,time(ms)=0.036,rebound.
[ego_planner_node-2] iter=25,time(ms)=0.12,rebound.
[ego_planner_node-2] iter=8,time(ms)=0.044,rebound.
[ego_planner_node-2] iter=35,time(ms)=0.18,rebound.
[ego_planner_node-2] [32miter(+1)=26,time(ms)=0.117, collided, keep optimizing
[ego_planner_node-2] [0m[32miter(+1)=21,time(ms)=0.091, collided, keep optimizing
[ego_planner_node-2] [0m[32miter(+1)=40,time(ms)=0.213, collided, keep optimizing
[ego_planner_node-2] [0mtraj 1 failed.
[ego_planner_node-2] plan_success=0
[ego_planner_node-2] refine_success=0
[ego_planner_node-2] [WARN] [1773688149.146142233] [distinctiveTrajs]: Can't find the new base points at the opposite within the threshold. i=0, j=2
[ego_planner_node-2] [47;30m
[ego_planner_node-2] [drone 0 replan 11]==============================================[0m
[ego_planner_node-2] [1;33mmulti-trajs=2[1;0m
[ego_planner_node-2] iter=5,time(ms)=0.042,rebound.
[ego_planner_node-2] iter=15,time(ms)=0.059,rebound.
[ego_planner_node-2] iter=17,time(ms)=0.097,rebound.
[ego_planner_node-2] [32miter(+1)=85,time(ms)=0.412, collided, keep optimizing
[ego_planner_node-2] [0miter=23,time(ms)=0.11,rebound.
[ego_planner_node-2] iter=17,time(ms)=0.3,rebound.
[ego_planner_node-2] iter=24,time(ms)=0.11,rebound.
[ego_planner_node-2] iter=11,time(ms)=0.051,rebound.
[ego_planner_node-2] [32miter(+1)=33,time(ms)=0.152, collided, keep optimizing
[ego_planner_node-2] [0m[32miter(+1)=42,time(ms)=0.218, collided, keep optimizing
[ego_planner_node-2] [0mtraj 1 failed.
[ego_planner_node-2] iter=5,time(ms)=0.068,rebound.
[ego_planner_node-2] iter=5,time(ms)=0.026,rebound.
[ego_planner_node-2] iter=25,time(ms)=0.094,rebound.
[ego_planner_node-2] iter=29,time(ms)=0.16,rebound.
[ego_planner_node-2] iter=22,time(ms)=0.1,rebound.
[ego_planner_node-2] iter=20,time(ms)=0.16,rebound.
[ego_planner_node-2] iter=49,time(ms)=0.24,rebound.
[ego_planner_node-2] [ERROR] [1773688149.149106700] [Coord2Index]: Ran out of pool, index=-1 89 92, POOL_SIZE=160 160 160
[ego_planner_node-2] [ERROR] [1773688149.149128762] [AstarSearch]: Unable to handle the initial or end point, force return!
[ego_planner_node-2] [ERROR] [1773688149.149136637] [check_collision_and_rebound]: a star error
[ego_planner_node-2] iter=68,time(ms)=0.39,rebound.
[ego_planner_node-2] iter=5,time(ms)=0.041,rebound.
[ego_planner_node-2] [ERROR] [1773688149.149172611] [Coord2Index]: Ran out of pool, index=-1 88 92, POOL_SIZE=160 160 160
[ego_planner_node-2] [ERROR] [1773688149.149180452] [AstarSearch]: Unable to handle the initial or end point, force return!
[ego_planner_node-2] [ERROR] [1773688149.149186274] [check_collision_and_rebound]: a star error
[ego_planner_node-2] [ERROR] [1773688149.149215417] [Coord2Index]: Ran out of pool, index=-1 88 92, POOL_SIZE=160 160 160
[ego_planner_node-2] [ERROR] [1773688149.149222535] [AstarSearch]: Unable to handle the initial or end point, force return!
[ego_planner_node-2] [ERROR] [1773688149.149228073] [check_collision_and_rebound]: a star error
[ego_planner_node-2] iter=5,time(ms)=0.038,rebound.
[ego_planner_node-2] iter=5,time(ms)=0.058,rebound.
[ego_planner_node-2] [32miter(+1)=36,time(ms)=0.173, collided, keep optimizing
[ego_planner_node-2] [0m[32miter(+1)=108,time(ms)=0.573, collided, keep optimizing
[ego_planner_node-2] [0miter=108,time(ms)=0.59,rebound.
[ego_planner_node-2] [32miter(+1)=95,time(ms)=0.518, collided, keep optimizing
[ego_planner_node-2] [0mtraj 2 failed.
[ego_planner_node-2] plan_success=0
[ego_planner_node-2] refine_success=0
[ego_planner_node-2] [WARN] [1773688149.152056965] [distinctiveTrajs]: Can't find the new base points at the opposite within the threshold. i=0, j=1
[ego_planner_node-2] [47;30m
[ego_planner_node-2] [drone 0 replan 12]==============================================[0m
[ego_planner_node-2] [1;33mmulti-trajs=1[1;0m
[ego_planner_node-2] iter=13,time(ms)=0.059,rebound.
[ego_planner_node-2] iter=8,time(ms)=0.045,rebound.
[ego_planner_node-2] iter=13,time(ms)=0.054,rebound.
[ego_planner_node-2] [32miter(+1)=55,time(ms)=0.251,total_t(ms)=0.420,cost=0.630
[ego_planner_node-2] [0mtraj 1 success.
[ego_planner_node-2] plan_success=1
[ego_planner_node-2] total time:[42m0.0012[0m,optimize:0.0012,refine:2.1e-06,avg_time=0.0018
[ego_planner_node-2] refine_success=1
[ego_planner_node-2] [FSM]: from REPLAN_TRAJ to EXEC_TRAJ
[ego_planner_node-2] [47;30m
[ego_planner_node-2] [drone 0 replan 13]==============================================[0m
[ego_planner_node-2] [1;33mmulti-trajs=1[1;0m
[ego_planner_node-2] iter=5,time(ms)=0.03,rebound.
[ego_planner_node-2] iter=10,time(ms)=0.03,rebound.
[ego_planner_node-2] iter=22,time(ms)=0.057,rebound.
[ego_planner_node-2] iter=15,time(ms)=0.03,rebound.
[ego_planner_node-2] iter=8,time(ms)=0.02,rebound.
[ego_planner_node-2] iter=7,time(ms)=0.035,rebound.
[ego_planner_node-2] iter=16,time(ms)=0.034,rebound.
[ego_planner_node-2] iter=6,time(ms)=0.024,rebound.
[ego_planner_node-2] [32miter(+1)=32,time(ms)=0.081, collided, keep optimizing
[ego_planner_node-2] [0m[32miter(+1)=38,time(ms)=0.093, collided, keep optimizing
[ego_planner_node-2] [0miter=38,time(ms)=0.098,rebound.
[ego_planner_node-2] [32miter(+1)=23,time(ms)=0.049, collided, keep optimizing
[ego_planner_node-2] [0mtraj 1 failed.
[ego_planner_node-2] plan_success=0
[ego_planner_node-2] refine_success=0
[ego_planner_node-2] [47;30m
[ego_planner_node-2] [drone 0 replan 14]==============================================[0m
[ego_planner_node-2] [1;33mmulti-trajs=4[1;0m
[ego_planner_node-2] iter=7,time(ms)=0.097,rebound.
[ego_planner_node-2] iter=15,time(ms)=0.44,rebound.
[ego_planner_node-2] [32miter(+1)=42,time(ms)=0.071, collided, keep optimizing
[ego_planner_node-2] [0m[32miter(+1)=63,time(ms)=0.103, collided, keep optimizing
[ego_planner_node-2] [0m[32miter(+1)=89,time(ms)=0.136, collided, keep optimizing
[ego_planner_node-2] [0mtraj 1 failed.
[ego_planner_node-2] iter=5,time(ms)=0.084,rebound.
[ego_planner_node-2] iter=8,time(ms)=0.18,rebound.
[ego_planner_node-2] iter=37,time(ms)=0.096,rebound.
[ego_planner_node-2] iter=26,time(ms)=0.068,rebound.
[ego_planner_node-2] [32miter(+1)=17,time(ms)=0.025, collided, keep optimizing
[ego_planner_node-2] [0m[32miter(+1)=17,time(ms)=0.027, collided, keep optimizing
[ego_planner_node-2] [0m[32miter(+1)=35,time(ms)=0.064, collided, keep optimizing
[ego_planner_node-2] [0mtraj 2 failed.
[ego_planner_node-2] iter=8,time(ms)=0.18,rebound.
[ego_planner_node-2] iter=29,time(ms)=0.065,rebound.
[ego_planner_node-2] [32miter(+1)=39,time(ms)=0.060, collided, keep optimizing
[ego_planner_node-2] [0m[32miter(+1)=36,time(ms)=0.056, collided, keep optimizing
[ego_planner_node-2] [0m[32miter(+1)=50,time(ms)=0.078, collided, keep optimizing
[ego_planner_node-2] [0mtraj 3 failed.
[ego_planner_node-2] iter=5,time(ms)=0.13,rebound.
[ego_planner_node-2] iter=8,time(ms)=0.019,rebound.
[ego_planner_node-2] [32miter(+1)=34,time(ms)=0.054,total_t(ms)=0.209,cost=0.394
[ego_planner_node-2] [0mtraj 4 success.
[ego_planner_node-2] plan_success=1
[ego_planner_node-2] total time:[42m0.0029[0m,optimize:0.0029,refine:1.1e-06,avg_time=0.0019
[ego_planner_node-2] refine_success=1
[ego_planner_node-2] [SAFETY]: from EXEC_TRAJ to EXEC_TRAJ
[ego_planner_node-2] [47;30m
[ego_planner_node-2] [drone 0 replan 15]==============================================[0m
[ego_planner_node-2] [1;33mmulti-trajs=1[1;0m
[ego_planner_node-2] iter=10,time(ms)=0.03,rebound.
[ego_planner_node-2] [32miter(+1)=13,time(ms)=0.020,total_t(ms)=0.058,cost=0.305
[ego_planner_node-2] [0mtraj 1 success.
[ego_planner_node-2] plan_success=1
[ego_planner_node-2] total time:[42m0.00015[0m,optimize:0.00015,refine:1.3e-06,avg_time=0.0017
[ego_planner_node-2] refine_success=1
[ego_planner_node-2] [SAFETY]: from EXEC_TRAJ to EXEC_TRAJ
[ego_planner_node-2] [FSM]: state: EXEC_TRAJ
[ego_planner_node-2] [FSM]: from EXEC_TRAJ to REPLAN_TRAJ
[ego_planner_node-2] [47;30m
[ego_planner_node-2] [drone 0 replan 16]==============================================[0m
[ego_planner_node-2] [1;33mmulti-trajs=1[1;0m
[ego_planner_node-2] [32miter(+1)=12,time(ms)=0.036,total_t(ms)=0.036,cost=0.016
[ego_planner_node-2] [0mtraj 1 success.
[ego_planner_node-2] plan_success=1
[ego_planner_node-2] total time:[42m0.00014[0m,optimize:0.00014,refine:2.1e-06,avg_time=0.0016
[ego_planner_node-2] refine_success=1
[ego_planner_node-2] [FSM]: from REPLAN_TRAJ to EXEC_TRAJ
[ego_planner_node-2] [47;30m
[ego_planner_node-2] [drone 0 replan 17]==============================================[0m
[ego_planner_node-2] [1;33mmulti-trajs=2[1;0m
[ego_planner_node-2] iter=15,time(ms)=0.12,rebound.
[ego_planner_node-2] iter=22,time(ms)=0.17,rebound.
[ego_planner_node-2] [32miter(+1)=28,time(ms)=0.205, collided, keep optimizing
[ego_planner_node-2] [0miter=21,time(ms)=0.17,rebound.
[ego_planner_node-2] iter=20,time(ms)=0.2,rebound.
[ego_planner_node-2] iter=50,time(ms)=0.44,rebound.
[ego_planner_node-2] [32miter(+1)=37,time(ms)=0.327, collided, keep optimizing
[ego_planner_node-2] [0miter=60,time(ms)=0.63,rebound.
[ego_planner_node-2] iter=5,time(ms)=0.1,rebound.
[ego_planner_node-2] iter=25,time(ms)=0.28,rebound.
[ego_planner_node-2] iter=52,time(ms)=0.56,rebound.
[ego_planner_node-2] iter=7,time(ms)=0.11,rebound.
[ego_planner_node-2] [32miter(+1)=69,time(ms)=0.652, collided, keep optimizing
[ego_planner_node-2] [0mtraj 1 failed.
[ego_planner_node-2] iter=13,time(ms)=0.1,rebound.
[ego_planner_node-2] iter=27,time(ms)=0.21,rebound.
[ego_planner_node-2] iter=21,time(ms)=0.17,rebound.
[ego_planner_node-2] iter=32,time(ms)=0.29,rebound.
[ego_planner_node-2] [32miter(+1)=20,time(ms)=0.128, collided, keep optimizing
[ego_planner_node-2] [0miter=10,time(ms)=0.081,rebound.
[ego_planner_node-2] [32miter(+1)=11,time(ms)=0.064, collided, keep optimizing
[ego_planner_node-2] [0m[32miter(+1)=24,time(ms)=0.176,total_t(ms)=1.305,cost=3.426
[ego_planner_node-2] [0mtraj 2 success.
[ego_planner_node-2] plan_success=1
[ego_planner_node-2] total time:[42m0.0058[0m,optimize:0.0058,refine:4.1e-06,avg_time=0.0019
[ego_planner_node-2] refine_success=1
[ego_planner_node-2] [SAFETY]: from EXEC_TRAJ to EXEC_TRAJ
[ego_planner_node-2] [FSM]: state: EXEC_TRAJ
[ego_planner_node-2] [FSM]: from EXEC_TRAJ to REPLAN_TRAJ
[ego_planner_node-2] [47;30m
[ego_planner_node-2] [drone 0 replan 18]==============================================[0m
[ego_planner_node-2] [1;33mmulti-trajs=2[1;0m
[ego_planner_node-2] iter=28,time(ms)=0.23,rebound.
[ego_planner_node-2] iter=30,time(ms)=0.24,rebound.
[ego_planner_node-2] iter=28,time(ms)=0.21,rebound.
[ego_planner_node-2] iter=7,time(ms)=0.049,rebound.
[ego_planner_node-2] [32miter(+1)=24,time(ms)=0.141, collided, keep optimizing
[ego_planner_node-2] [0miter=17,time(ms)=0.11,rebound.
[ego_planner_node-2] iter=26,time(ms)=0.18,rebound.
[ego_planner_node-2] iter=22,time(ms)=0.16,rebound.
[ego_planner_node-2] iter=13,time(ms)=0.079,rebound.
[ego_planner_node-2] iter=5,time(ms)=0.035,rebound.
[ego_planner_node-2] [32miter(+1)=31,time(ms)=0.187,total_t(ms)=1.701,cost=1.165
[ego_planner_node-2] [0mtraj 1 success.
[ego_planner_node-2] iter=9,time(ms)=0.058,rebound.
[ego_planner_node-2] iter=6,time(ms)=0.033,rebound.
[ego_planner_node-2] iter=8,time(ms)=0.058,rebound.
[ego_planner_node-2] iter=31,time(ms)=0.31,rebound.
[ego_planner_node-2] iter=61,time(ms)=0.41,rebound.
[ego_planner_node-2] iter=6,time(ms)=0.048,rebound.
[ego_planner_node-2] [32miter(+1)=40,time(ms)=0.273, collided, keep optimizing
[ego_planner_node-2] [0m[32miter(+1)=17,time(ms)=0.097,total_t(ms)=1.315,cost=2.226
[ego_planner_node-2] [0mtraj 2 success.
[ego_planner_node-2] plan_success=1
[ego_planner_node-2] total time:[42m0.0033[0m,optimize:0.0033,refine:3.3e-06,avg_time=0.002
[ego_planner_node-2] refine_success=1
[ego_planner_node-2] [FSM]: from REPLAN_TRAJ to EXEC_TRAJ
[ego_planner_node-2] [47;30m
[ego_planner_node-2] [drone 0 replan 19]==============================================[0m
[ego_planner_node-2] [1;33mmulti-trajs=2[1;0m
[ego_planner_node-2] iter=11,time(ms)=0.17,rebound.
[ego_planner_node-2] iter=11,time(ms)=0.14,rebound.
[ego_planner_node-2] iter=11,time(ms)=0.14,rebound.
[ego_planner_node-2] iter=27,time(ms)=0.29,rebound.
[ego_planner_node-2] iter=34,time(ms)=0.31,rebound.
[ego_planner_node-2] iter=75,time(ms)=0.77,rebound.
[ego_planner_node-2] [32miter(+1)=34,time(ms)=0.287,total_t(ms)=2.151,cost=0.289
[ego_planner_node-2] [0mtraj 1 success.
[ego_planner_node-2] iter=12,time(ms)=0.1,rebound.
[ego_planner_node-2] iter=24,time(ms)=0.19,rebound.
[ego_planner_node-2] iter=9,time(ms)=0.068,rebound.
[ego_planner_node-2] iter=22,time(ms)=0.33,rebound.
[ego_planner_node-2] iter=48,time(ms)=0.41,rebound.
[ego_planner_node-2] iter=58,time(ms)=0.53,rebound.
[ego_planner_node-2] iter=7,time(ms)=0.06,rebound.
[ego_planner_node-2] iter=31,time(ms)=0.26,rebound.
[ego_planner_node-2] iter=47,time(ms)=0.54,rebound.
[ego_planner_node-2] [32miter(+1)=54,time(ms)=0.478, collided, keep optimizing
[ego_planner_node-2] [0m[32miter(+1)=126,time(ms)=0.437, collided, keep optimizing
[ego_planner_node-2] [0miter=16,time(ms)=0.041,rebound.
[ego_planner_node-2] [32miter(+1)=26,time(ms)=0.067, collided, keep optimizing
[ego_planner_node-2] [0mtraj 2 failed.
[ego_planner_node-2] plan_success=1
[ego_planner_node-2] total time:[42m0.0062[0m,optimize:0.0062,refine:1.9e-06,avg_time=0.0023
[ego_planner_node-2] refine_success=1
[ego_planner_node-2] [SAFETY]: from EXEC_TRAJ to EXEC_TRAJ
[ego_planner_node-2] [47;30m
[ego_planner_node-2] [drone 0 replan 20]==============================================[0m
[ego_planner_node-2] [1;33mmulti-trajs=1[1;0m
[ego_planner_node-2] [32miter(+1)=36,time(ms)=0.321,total_t(ms)=0.321,cost=0.032
[ego_planner_node-2] [0mtraj 1 success.
[ego_planner_node-2] plan_success=1
[ego_planner_node-2] total time:[42m0.00059[0m,optimize:0.00058,refine:5.5e-06,avg_time=0.0022
[ego_planner_node-2] refine_success=1
[ego_planner_node-2] [SAFETY]: from EXEC_TRAJ to EXEC_TRAJ
[ego_planner_node-2] [47;30m
[ego_planner_node-2] [drone 0 replan 21]==============================================[0m
[ego_planner_node-2] [1;33mmulti-trajs=1[1;0m
[ego_planner_node-2] [32miter(+1)=35,time(ms)=0.306, collided, keep optimizing
[ego_planner_node-2] [0m[32miter(+1)=1,time(ms)=0.013, collided, keep optimizing
[ego_planner_node-2] [0m[32miter(+1)=1,time(ms)=0.011, collided, keep optimizing
[ego_planner_node-2] [0mtraj 1 failed.
[ego_planner_node-2] plan_success=0
[ego_planner_node-2] refine_success=0
[ego_planner_node-2] [47;30m
[ego_planner_node-2] [drone 0 replan 22]==============================================[0m
[ego_planner_node-2] i=0 RichInfoSegs.size()=1
[ego_planner_node-2] RichInfoSegs[i].first.size=1
[ego_planner_node-2] RichInfoSegs[i].first.direction.size()=1
[ego_planner_node-2] RichInfoSegs[i].first.direction[0].size()=1
[ego_planner_node-2] RichInfoSegs[i].first.points.cols()=1
[ego_planner_node-2] RichInfoSegs[i].first.base_point.size()=1
[ego_planner_node-2] RichInfoSegs[i].first.base_point[0].size()=1
[ego_planner_node-2] [1;33mmulti-trajs=2[1;0m
[ego_planner_node-2] iter=6,time(ms)=0.069,rebound.
[ego_planner_node-2] [WARN] [1773688151.643561380] [distinctiveTrajs]: Can't find the new base points at the opposite within the threshold. i=0, j=0
[ego_planner_node-2] iter=42,time(ms)=0.29,rebound.
[ego_planner_node-2] iter=45,time(ms)=0.48,rebound.
[ego_planner_node-2] [32miter(+1)=39,time(ms)=0.233, collided, keep optimizing
[ego_planner_node-2] [0miter=22,time(ms)=0.26,rebound.
[ego_planner_node-2] [32miter(+1)=24,time(ms)=0.134, collided, keep optimizing
[ego_planner_node-2] [0m[32miter(+1)=30,time(ms)=0.166, collided, keep optimizing
[ego_planner_node-2] [0mtraj 1 failed.
[ego_planner_node-2] iter=16,time(ms)=0.15,rebound.
[ego_planner_node-2] iter=14,time(ms)=0.12,rebound.
[ego_planner_node-2] iter=31,time(ms)=0.25,rebound.
[ego_planner_node-2] [32miter(+1)=31,time(ms)=0.165, collided, keep optimizing
[ego_planner_node-2] [0m[32miter(+1)=41,time(ms)=0.233, collided, keep optimizing
[ego_planner_node-2] [0miter=12,time(ms)=0.11,rebound.
[ego_planner_node-2] [32miter(+1)=45,time(ms)=0.280,total_t(ms)=1.519,cost=3.003
[ego_planner_node-2] [0mtraj 2 success.
[ego_planner_node-2] plan_success=1
[ego_planner_node-2] total time:[42m0.0037[0m,optimize:0.0037,refine:3.1e-06,avg_time=0.0023
[ego_planner_node-2] refine_success=1
[ego_planner_node-2] [SAFETY]: from EXEC_TRAJ to EXEC_TRAJ
[ego_planner_node-2] [47;30m
[ego_planner_node-2] [drone 0 replan 23]==============================================[0m
[ego_planner_node-2] [1;33mmulti-trajs=2[1;0m
[ego_planner_node-2] iter=17,time(ms)=0.14,rebound.
[ego_planner_node-2] iter=7,time(ms)=0.085,rebound.
[ego_planner_node-2] iter=9,time(ms)=0.071,rebound.
[ego_planner_node-2] iter=36,time(ms)=0.29,rebound.
[ego_planner_node-2] iter=10,time(ms)=0.078,rebound.
[ego_planner_node-2] [32miter(+1)=14,time(ms)=0.077, collided, keep optimizing
[ego_planner_node-2] [0miter=19,time(ms)=0.23,rebound.
[ego_planner_node-2] iter=33,time(ms)=0.42,rebound.
[ego_planner_node-2] [32miter(+1)=69,time(ms)=0.573, collided, keep optimizing
[ego_planner_node-2] [0miter=20,time(ms)=0.16,rebound.
[ego_planner_node-2] [32miter(+1)=52,time(ms)=0.395, collided, keep optimizing
[ego_planner_node-2] [0mtraj 1 failed.
[ego_planner_node-2] iter=13,time(ms)=0.078,rebound.
[ego_planner_node-2] iter=43,time(ms)=0.27,rebound.
[ego_planner_node-2] iter=6,time(ms)=0.038,rebound.
[ego_planner_node-2] iter=44,time(ms)=0.43,rebound.
[ego_planner_node-2] iter=7,time(ms)=0.052,rebound.
[ego_planner_node-2] iter=29,time(ms)=0.18,rebound.
[ego_planner_node-2] iter=14,time(ms)=0.088,rebound.
[ego_planner_node-2] iter=60,time(ms)=0.4,rebound.
[ego_planner_node-2] iter=13,time(ms)=0.073,rebound.
[ego_planner_node-2] iter=83,time(ms)=0.51,rebound.
[ego_planner_node-2] iter=58,time(ms)=0.36,rebound.
[ego_planner_node-2] [32miter(+1)=44,time(ms)=0.247, collided, keep optimizing
[ego_planner_node-2] [0miter=59,time(ms)=0.36,rebound.
[ego_planner_node-2] [32miter(+1)=44,time(ms)=0.251, collided, keep optimizing
[ego_planner_node-2] [0m[32miter(+1)=37,time(ms)=0.217, collided, keep optimizing
[ego_planner_node-2] [0mtraj 2 failed.
[ego_planner_node-2] plan_success=0
[ego_planner_node-2] refine_success=0
[ego_planner_node-2] [47;30m
[ego_planner_node-2] [drone 0 replan 24]==============================================[0m
[ego_planner_node-2] [1;33mmulti-trajs=2[1;0m
[ego_planner_node-2] iter=5,time(ms)=0.033,rebound.
[ego_planner_node-2] iter=16,time(ms)=0.087,rebound.
[ego_planner_node-2] iter=13,time(ms)=0.052,rebound.
[ego_planner_node-2] [32miter(+1)=48,time(ms)=0.151, collided, keep optimizing
[ego_planner_node-2] [0m[32miter(+1)=33,time(ms)=0.109, collided, keep optimizing
[ego_planner_node-2] [0miter=11,time(ms)=0.057,rebound.
[ego_planner_node-2] iter=20,time(ms)=0.076,rebound.
[ego_planner_node-2] iter=18,time(ms)=0.074,rebound.
[ego_planner_node-2] [32miter(+1)=51,time(ms)=0.186, collided, keep optimizing
[ego_planner_node-2] [0mtraj 1 failed.
[ego_planner_node-2] iter=5,time(ms)=0.042,rebound.
[ego_planner_node-2] iter=5,time(ms)=0.03,rebound.
[ego_planner_node-2] iter=8,time(ms)=0.072,rebound.
[ego_planner_node-2] [32miter(+1)=55,time(ms)=0.159, collided, keep optimizing
[ego_planner_node-2] [0miter=24,time(ms)=0.1,rebound.
[ego_planner_node-2] [32miter(+1)=48,time(ms)=0.149, collided, keep optimizing
[ego_planner_node-2] [0m[32miter(+1)=95,time(ms)=0.293, collided, keep optimizing
[ego_planner_node-2] [0mtraj 2 failed.
[ego_planner_node-2] plan_success=0
[ego_planner_node-2] refine_success=0
[ego_planner_node-2] [WARN] [1773688151.701600888] [distinctiveTrajs]: Can't find the new base points at the opposite within the threshold. i=0, j=2
[ego_planner_node-2] [47;30m
[ego_planner_node-2] [drone 0 replan 25]==============================================[0m
[ego_planner_node-2] [1;33mmulti-trajs=1[1;0m
[ego_planner_node-2] iter=5,time(ms)=0.028,rebound.
[ego_planner_node-2] iter=16,time(ms)=0.055,rebound.
[ego_planner_node-2] iter=23,time(ms)=0.082,rebound.
[ego_planner_node-2] iter=13,time(ms)=0.047,rebound.
[ego_planner_node-2] iter=12,time(ms)=0.043,rebound.
[ego_planner_node-2] iter=5,time(ms)=0.021,rebound.
[ego_planner_node-2] iter=14,time(ms)=0.054,rebound.
[ego_planner_node-2] iter=35,time(ms)=0.12,rebound.
[ego_planner_node-2] iter=88,time(ms)=0.33,rebound.
[ego_planner_node-2] [32miter(+1)=58,time(ms)=0.201, collided, keep optimizing
[ego_planner_node-2] [0m[32miter(+1)=55,time(ms)=0.192, collided, keep optimizing
[ego_planner_node-2] [0m[32miter(+1)=59,time(ms)=0.202, collided, keep optimizing
[ego_planner_node-2] [0mtraj 1 failed.
[ego_planner_node-2] plan_success=0
[ego_planner_node-2] refine_success=0
[ego_planner_node-2] [SAFETY]: from EXEC_TRAJ to REPLAN_TRAJ
[ego_planner_node-2] [WARN] [1773688151.703093176] [drone_0_ego_planner_node]: current traj in collision, replan.
[ego_planner_node-2] [47;30m
[ego_planner_node-2] [drone 0 replan 26]==============================================[0m
[ego_planner_node-2] [1;33mmulti-trajs=2[1;0m
[ego_planner_node-2] iter=17,time(ms)=0.044,rebound.
[ego_planner_node-2] iter=7,time(ms)=0.026,rebound.
[ego_planner_node-2] iter=13,time(ms)=0.031,rebound.
[ego_planner_node-2] iter=14,time(ms)=0.032,rebound.
[ego_planner_node-2] iter=32,time(ms)=0.11,rebound.
[ego_planner_node-2] iter=34,time(ms)=0.086,rebound.
[ego_planner_node-2] iter=30,time(ms)=0.08,rebound.
[ego_planner_node-2] [32miter(+1)=20,time(ms)=0.041, collided, keep optimizing
[ego_planner_node-2] [0miter=26,time(ms)=0.068,rebound.
[ego_planner_node-2] iter=9,time(ms)=0.028,rebound.
[ego_planner_node-2] iter=11,time(ms)=0.059,rebound.
[ego_planner_node-2] iter=13,time(ms)=0.08,rebound.
[ego_planner_node-2] [32miter(+1)=68,time(ms)=0.196, collided, keep optimizing
[ego_planner_node-2] [0m[32miter(+1)=42,time(ms)=0.123,total_t(ms)=1.052,cost=8.577
[ego_planner_node-2] [0mtraj 1 success.
[ego_planner_node-2] iter=16,time(ms)=0.035,rebound.
[ego_planner_node-2] iter=41,time(ms)=0.092,rebound.
[ego_planner_node-2] iter=8,time(ms)=0.024,rebound.
[ego_planner_node-2] iter=15,time(ms)=0.029,rebound.
[ego_planner_node-2] iter=36,time(ms)=0.082,rebound.
[ego_planner_node-2] [32miter(+1)=28,time(ms)=0.058, collided, keep optimizing
[ego_planner_node-2] [0miter=25,time(ms)=0.053,rebound.
[ego_planner_node-2] [32miter(+1)=25,time(ms)=0.049, collided, keep optimizing
[ego_planner_node-2] [0m[32miter(+1)=34,time(ms)=0.074, collided, keep optimizing
[ego_planner_node-2] [0mtraj 2 failed.
[ego_planner_node-2] plan_success=1
[ego_planner_node-2] total time:[42m0.0017[0m,optimize:0.0017,refine:1.3e-06,avg_time=0.0022
[ego_planner_node-2] refine_success=1
[ego_planner_node-2] [FSM]: from REPLAN_TRAJ to EXEC_TRAJ
[ego_planner_node-2] [47;30m
[ego_planner_node-2] [drone 0 replan 27]==============================================[0m
[ego_planner_node-2] [1;33mmulti-trajs=2[1;0m
[ego_planner_node-2] iter=5,time(ms)=0.15,rebound.
[ego_planner_node-2] iter=7,time(ms)=0.29,rebound.
[ego_planner_node-2] iter=7,time(ms)=0.11,rebound.
[ego_planner_node-2] iter=5,time(ms)=0.057,rebound.
[ego_planner_node-2] iter=5,time(ms)=0.074,rebound.
[ego_planner_node-2] iter=10,time(ms)=0.1,rebound.
[ego_planner_node-2] [WARN] [1773688151.743481895] [check_collision_and_rebound]: Failed to generate direction. It doesn't matter.
[ego_planner_node-2] iter=16,time(ms)=0.29,rebound.
[ego_planner_node-2] iter=24,time(ms)=0.29,rebound.
[ego_planner_node-2] iter=23,time(ms)=0.32,rebound.
[ego_planner_node-2] iter=106,time(ms)=1.5,rebound.
[ego_planner_node-2] iter=7,time(ms)=0.13,rebound.
[ego_planner_node-2] iter=7,time(ms)=0.088,rebound.
[ego_planner_node-2] iter=43,time(ms)=0.63,rebound.
[ego_planner_node-2] [32miter(+1)=52,time(ms)=0.695, collided, keep optimizing
[ego_planner_node-2] [0m[32miter(+1)=35,time(ms)=0.243, collided, keep optimizing
[ego_planner_node-2] [0m[32miter(+1)=51,time(ms)=0.340, collided, keep optimizing
[ego_planner_node-2] [0mtraj 1 failed.
[ego_planner_node-2] iter=5,time(ms)=0.043,rebound.
[ego_planner_node-2] iter=8,time(ms)=0.035,rebound.
[ego_planner_node-2] iter=5,time(ms)=0.025,rebound.
[ego_planner_node-2] iter=13,time(ms)=0.074,rebound.
[ego_planner_node-2] iter=23,time(ms)=0.16,rebound.
[ego_planner_node-2] [ERROR] [1773688151.749047362] [Coord2Index]: Ran out of pool, index=160 116 99, POOL_SIZE=160 160 160
[ego_planner_node-2] [ERROR] [1773688151.749068948] [AstarSearch]: Unable to handle the initial or end point, force return!
[ego_planner_node-2] [ERROR] [1773688151.749077160] [check_collision_and_rebound]: a star error
[ego_planner_node-2] [ERROR] [1773688151.749112904] [Coord2Index]: Ran out of pool, index=160 116 99, POOL_SIZE=160 160 160
[ego_planner_node-2] iter=29,time(ms)=0.19,rebound.
[ego_planner_node-2] [ERROR] [1773688151.749120506] [AstarSearch]: Unable to handle the initial or end point, force return!
[ego_planner_node-2] [ERROR] [1773688151.749126377] [check_collision_and_rebound]: a star error
[ego_planner_node-2] [ERROR] [1773688151.749155126] [Coord2Index]: Ran out of pool, index=160 117 100, POOL_SIZE=160 160 160
[ego_planner_node-2] [ERROR] [1773688151.749161965] [AstarSearch]: Unable to handle the initial or end point, force return!
[ego_planner_node-2] [ERROR] [1773688151.749167454] [check_collision_and_rebound]: a star error
[ego_planner_node-2] iter=5,time(ms)=0.041,rebound.
[ego_planner_node-2] iter=5,time(ms)=0.037,rebound.
[ego_planner_node-2] iter=5,time(ms)=0.038,rebound.
[ego_planner_node-2] [32miter(+1)=5,time(ms)=0.037, collided, keep optimizing
[ego_planner_node-2] [0miter=5,time(ms)=0.03,rebound.
[ego_planner_node-2] [ERROR] [1773688151.749195630] [Coord2Index]: Ran out of pool, index=160 117 102, POOL_SIZE=160 160 160
[ego_planner_node-2] [ERROR] [1773688151.749202524] [AstarSearch]: Unable to handle the initial or end point, force return!
[ego_planner_node-2] [ERROR] [1773688151.749207887] [check_collision_and_rebound]: a star error
[ego_planner_node-2] [ERROR] [1773688151.749236395] [Coord2Index]: Ran out of pool, index=160 117 102, POOL_SIZE=160 160 160
[ego_planner_node-2] [ERROR] [1773688151.749243320] [AstarSearch]: Unable to handle the initial or end point, force return!
[ego_planner_node-2] [ERROR] [1773688151.749248694] [check_collision_and_rebound]: a star error
[ego_planner_node-2] iter=12,time(ms)=0.06,rebound.
[ego_planner_node-2] iter=7,time(ms)=0.047,rebound.
[ego_planner_node-2] iter=28,time(ms)=0.16,rebound.
[ego_planner_node-2] iter=23,time(ms)=0.14,rebound.
[ego_planner_node-2] iter=5,time(ms)=0.026,rebound.
[ego_planner_node-2] iter=5,time(ms)=0.03,rebound.
[ego_planner_node-2] iter=11,time(ms)=0.064,rebound.
[ego_planner_node-2] iter=7,time(ms)=0.041,rebound.
[ego_planner_node-2] [32miter(+1)=44,time(ms)=0.291, collided, keep optimizing
[ego_planner_node-2] [0m[32miter(+1)=80,time(ms)=0.575, collided, keep optimizing
[ego_planner_node-2] [0mtraj 2 failed.
[ego_planner_node-2] plan_success=0
[ego_planner_node-2] refine_success=0
[ego_planner_node-2] [47;30m
[ego_planner_node-2] [drone 0 replan 28]==============================================[0m
[ego_planner_node-2] [1;33mmulti-trajs=2[1;0m
[ego_planner_node-2] iter=5,time(ms)=0.036,rebound.
[ego_planner_node-2] iter=8,time(ms)=0.088,rebound.
[ego_planner_node-2] [32miter(+1)=75,time(ms)=0.222, collided, keep optimizing
[ego_planner_node-2] [0miter=6,time(ms)=0.32,rebound.
[ego_planner_node-2] iter=6,time(ms)=0.086,rebound.
[ego_planner_node-2] iter=16,time(ms)=0.063,rebound.
[ego_planner_node-2] [32miter(+1)=41,time(ms)=0.137, collided, keep optimizing
[ego_planner_node-2] [0miter=20,time(ms)=0.078,rebound.
[ego_planner_node-2] [32miter(+1)=47,time(ms)=0.169, collided, keep optimizing
[ego_planner_node-2] [0mtraj 1 failed.
[ego_planner_node-2] iter=5,time(ms)=0.026,rebound.
[ego_planner_node-2] iter=6,time(ms)=0.06,rebound.
[ego_planner_node-2] iter=6,time(ms)=0.027,rebound.
[ego_planner_node-2] [32miter(+1)=70,time(ms)=0.230, collided, keep optimizing
[ego_planner_node-2] [0m[32miter(+1)=40,time(ms)=0.126, collided, keep optimizing
[ego_planner_node-2] [0m[32miter(+1)=46,time(ms)=0.147, collided, keep optimizing
[ego_planner_node-2] [0mtraj 2 failed.
[ego_planner_node-2] plan_success=0
[ego_planner_node-2] refine_success=0
[ego_planner_node-2] [47;30m
[ego_planner_node-2] [drone 0 replan 29]==============================================[0m
[ego_planner_node-2] [1;33mmulti-trajs=1[1;0m
[ego_planner_node-2] iter=5,time(ms)=0.3,rebound.
[ego_planner_node-2] iter=11,time(ms)=0.049,rebound.
[ego_planner_node-2] iter=15,time(ms)=0.089,rebound.
[ego_planner_node-2] iter=25,time(ms)=0.11,rebound.
[ego_planner_node-2] iter=11,time(ms)=0.051,rebound.
[ego_planner_node-2] [32miter(+1)=158,time(ms)=0.795,total_t(ms)=1.418,cost=0.902
[ego_planner_node-2] [0mtraj 1 success.
[ego_planner_node-2] plan_success=1
[ego_planner_node-2] total time:[42m0.0016[0m,optimize:0.0016,refine:2.2e-06,avg_time=0.0022
[ego_planner_node-2] refine_success=1
[ego_planner_node-2] [SAFETY]: from EXEC_TRAJ to EXEC_TRAJ
[ego_planner_node-2] [FSM]: state: EXEC_TRAJ
[ego_planner_node-2] [FSM]: from EXEC_TRAJ to REPLAN_TRAJ
[ego_planner_node-2] [47;30m
[ego_planner_node-2] [drone 0 replan 30]==============================================[0m
[ego_planner_node-2] [1;33mmulti-trajs=4[1;0m
[ego_planner_node-2] iter=5,time(ms)=0.37,rebound.
[ego_planner_node-2] iter=15,time(ms)=0.13,rebound.
[ego_planner_node-2] iter=8,time(ms)=0.062,rebound.
[ego_planner_node-2] iter=7,time(ms)=0.049,rebound.
[ego_planner_node-2] [32miter(+1)=80,time(ms)=0.648,total_t(ms)=1.288,cost=0.405
[ego_planner_node-2] [0mtraj 1 success.
[ego_planner_node-2] iter=5,time(ms)=0.42,rebound.
[ego_planner_node-2] iter=17,time(ms)=0.14,rebound.
[ego_planner_node-2] iter=7,time(ms)=0.054,rebound.
[ego_planner_node-2] iter=7,time(ms)=0.072,rebound.
[ego_planner_node-2] iter=12,time(ms)=0.089,rebound.
[ego_planner_node-2] iter=23,time(ms)=0.2,rebound.
[ego_planner_node-2] iter=8,time(ms)=0.073,rebound.
[ego_planner_node-2] iter=6,time(ms)=0.06,rebound.
[ego_planner_node-2] iter=22,time(ms)=0.2,rebound.
[ego_planner_node-2] [32miter(+1)=46,time(ms)=0.448, collided, keep optimizing
[ego_planner_node-2] [0m[32miter(+1)=28,time(ms)=0.251, collided, keep optimizing
[ego_planner_node-2] [0miter=7,time(ms)=0.075,rebound.
[ego_planner_node-2] [32miter(+1)=33,time(ms)=0.360, collided, keep optimizing
[ego_planner_node-2] [0mtraj 2 failed.
[ego_planner_node-2] iter=5,time(ms)=0.4,rebound.
[ego_planner_node-2] iter=14,time(ms)=0.062,rebound.
[ego_planner_node-2] iter=6,time(ms)=0.058,rebound.
[ego_planner_node-2] iter=8,time(ms)=0.068,rebound.
[ego_planner_node-2] iter=34,time(ms)=0.31,rebound.
[ego_planner_node-2] iter=9,time(ms)=0.1,rebound.
[ego_planner_node-2] [32miter(+1)=36,time(ms)=0.237, collided, keep optimizing
[ego_planner_node-2] [0m[32miter(+1)=52,time(ms)=0.239, collided, keep optimizing
[ego_planner_node-2] [0miter=97,time(ms)=0.48,rebound.
[ego_planner_node-2] [32miter(+1)=38,time(ms)=0.160,total_t(ms)=2.240,cost=13.449
[ego_planner_node-2] [0mtraj 3 success.
[ego_planner_node-2] iter=5,time(ms)=0.2,rebound.
[ego_planner_node-2] iter=17,time(ms)=0.055,rebound.
[ego_planner_node-2] iter=8,time(ms)=0.027,rebound.
[ego_planner_node-2] iter=31,time(ms)=0.48,rebound.
[ego_planner_node-2] iter=11,time(ms)=0.045,rebound.
[ego_planner_node-2] iter=51,time(ms)=0.18,rebound.
[ego_planner_node-2] [32miter(+1)=26,time(ms)=0.078, collided, keep optimizing
[ego_planner_node-2] [0m[32miter(+1)=83,time(ms)=0.294, collided, keep optimizing
[ego_planner_node-2] [0m[32miter(+1)=41,time(ms)=0.137, collided, keep optimizing
[ego_planner_node-2] [0mtraj 4 failed.
[ego_planner_node-2] plan_success=1
[ego_planner_node-2] total time:[42m0.0087[0m,optimize:0.0087,refine:1.7e-06,avg_time=0.0025
[ego_planner_node-2] refine_success=1
[ego_planner_node-2] [FSM]: from REPLAN_TRAJ to EXEC_TRAJ
[ego_planner_node-2] [FSM]: state: EXEC_TRAJ
[ego_planner_node-2] [FSM]: from EXEC_TRAJ to REPLAN_TRAJ
[ego_planner_node-2] [47;30m
[ego_planner_node-2] [drone 0 replan 31]==============================================[0m
[ego_planner_node-2] [1;33mmulti-trajs=1[1;0m
[ego_planner_node-2] iter=5,time(ms)=0.99,rebound.
[ego_planner_node-2] iter=8,time(ms)=0.08,rebound.
[ego_planner_node-2] iter=52,time(ms)=0.46,rebound.
[ego_planner_node-2] iter=32,time(ms)=0.27,rebound.
[ego_planner_node-2] [32miter(+1)=19,time(ms)=0.122, collided, keep optimizing
[ego_planner_node-2] [0m[32miter(+1)=8,time(ms)=0.046, collided, keep optimizing
[ego_planner_node-2] [0miter=20,time(ms)=0.16,rebound.
[ego_planner_node-2] iter=11,time(ms)=0.086,rebound.
[ego_planner_node-2] iter=42,time(ms)=0.37,rebound.
[ego_planner_node-2] [32miter(+1)=26,time(ms)=0.177,total_t(ms)=2.881,cost=1.126
[ego_planner_node-2] [0mtraj 1 success.
[ego_planner_node-2] plan_success=1
[ego_planner_node-2] total time:[42m0.0032[0m,optimize:0.0032,refine:3.4e-06,avg_time=0.0025
[ego_planner_node-2] refine_success=1
[ego_planner_node-2] [FSM]: from REPLAN_TRAJ to EXEC_TRAJ
[ego_planner_node-2] [47;30m
[ego_planner_node-2] [drone 0 replan 32]==============================================[0m
[ego_planner_node-2] [1;33mmulti-trajs=2[1;0m
[ego_planner_node-2] iter=12,time(ms)=0.055,rebound.
[ego_planner_node-2] iter=36,time(ms)=0.15,rebound.
[ego_planner_node-2] iter=13,time(ms)=0.096,rebound.
[ego_planner_node-2] iter=9,time(ms)=0.096,rebound.
[ego_planner_node-2] iter=18,time(ms)=0.076,rebound.
[ego_planner_node-2] iter=59,time(ms)=0.29,rebound.
[ego_planner_node-2] iter=8,time(ms)=0.039,rebound.
[ego_planner_node-2] [32miter(+1)=27,time(ms)=0.111, collided, keep optimizing
[ego_planner_node-2] [0m[32miter(+1)=14,time(ms)=0.048,total_t(ms)=1.012,cost=1.121
[ego_planner_node-2] [0mtraj 1 success.
[ego_planner_node-2] iter=11,time(ms)=0.04,rebound.
[ego_planner_node-2] iter=17,time(ms)=0.062,rebound.
[ego_planner_node-2] [32miter(+1)=17,time(ms)=0.050,total_t(ms)=0.158,cost=0.221
[ego_planner_node-2] [0mtraj 2 success.
[ego_planner_node-2] plan_success=1
[ego_planner_node-2] total time:[42m0.0013[0m,optimize:0.0013,refine:2.3e-06,avg_time=0.0025
[ego_planner_node-2] refine_success=1
[ego_planner_node-2] [SAFETY]: from EXEC_TRAJ to EXEC_TRAJ
[ego_planner_node-2] [FSM]: state: EXEC_TRAJ
[ego_planner_node-2] [FSM]: from EXEC_TRAJ to REPLAN_TRAJ
[ego_planner_node-2] [47;30m
[ego_planner_node-2] [drone 0 replan 33]==============================================[0m
[ego_planner_node-2] [1;33mmulti-trajs=1[1;0m
[ego_planner_node-2] [32miter(+1)=9,time(ms)=0.107,total_t(ms)=0.108,cost=0.021
[ego_planner_node-2] [0mtraj 1 success.
[ego_planner_node-2] plan_success=1
[ego_planner_node-2] total time:[42m0.0005[0m,optimize:0.00049,refine:7.3e-06,avg_time=0.0024
[ego_planner_node-2] refine_success=1
[ego_planner_node-2] [FSM]: from REPLAN_TRAJ to EXEC_TRAJ
[ego_planner_node-2] [FSM]: state: EXEC_TRAJ
[ego_planner_node-2] [FSM]: from EXEC_TRAJ to REPLAN_TRAJ
[ego_planner_node-2] [47;30m
[ego_planner_node-2] [drone 0 replan 34]==============================================[0m
[ego_planner_node-2] [1;33mmulti-trajs=1[1;0m
[ego_planner_node-2] [32miter(+1)=10,time(ms)=0.101,total_t(ms)=0.102,cost=0.026
[ego_planner_node-2] [0mtraj 1 success.
[ego_planner_node-2] plan_success=1
[ego_planner_node-2] total time:[42m0.00046[0m,optimize:0.00045,refine:6.2e-06,avg_time=0.0023
[ego_planner_node-2] refine_success=1
[ego_planner_node-2] [FSM]: from REPLAN_TRAJ to EXEC_TRAJ
[ego_planner_node-2] [FSM]: state: EXEC_TRAJ
[ego_planner_node-2] [47;30m
[ego_planner_node-2] [drone 0 replan 35]==============================================[0m
[ego_planner_node-2] [1;33mmulti-trajs=1[1;0m
[ego_planner_node-2] [32miter(+1)=10,time(ms)=0.050, collided, keep optimizing
[ego_planner_node-2] [0m[32miter(+1)=1,time(ms)=0.009, collided, keep optimizing
[ego_planner_node-2] [0m[32miter(+1)=1,time(ms)=0.007, collided, keep optimizing
[ego_planner_node-2] [0mtraj 1 failed.
[ego_planner_node-2] plan_success=0
[ego_planner_node-2] refine_success=0
[ego_planner_node-2] [47;30m
[ego_planner_node-2] [drone 0 replan 36]==============================================[0m
[ego_planner_node-2] [1;33mmulti-trajs=1[1;0m
[ego_planner_node-2] [32miter(+1)=15,time(ms)=0.073,total_t(ms)=0.073,cost=0.005
[ego_planner_node-2] [0mtraj 1 success.
[ego_planner_node-2] plan_success=1
[ego_planner_node-2] total time:[42m0.00021[0m,optimize:0.00021,refine:3.4e-06,avg_time=0.0022
[ego_planner_node-2] refine_success=1
[ego_planner_node-2] [SAFETY]: from EXEC_TRAJ to EXEC_TRAJ
[ego_planner_node-2] [FSM]: state: EXEC_TRAJ
[ego_planner_node-2] [FSM]: from EXEC_TRAJ to REPLAN_TRAJ
[ego_planner_node-2] [47;30m
[ego_planner_node-2] [drone 0 replan 37]==============================================[0m
[ego_planner_node-2] [1;33mmulti-trajs=1[1;0m
[ego_planner_node-2] [32miter(+1)=8,time(ms)=0.070,total_t(ms)=0.071,cost=0.019
[ego_planner_node-2] [0mtraj 1 success.
[ego_planner_node-2] plan_success=1
[ego_planner_node-2] total time:[42m0.00034[0m,optimize:0.00034,refine:4.4e-06,avg_time=0.0022
[ego_planner_node-2] refine_success=1
[ego_planner_node-2] [FSM]: from REPLAN_TRAJ to EXEC_TRAJ
[ego_planner_node-2] [47;30m
[ego_planner_node-2] [drone 0 replan 38]==============================================[0m
[ego_planner_node-2] [1;33mmulti-trajs=2[1;0m
[ego_planner_node-2] iter=16,time(ms)=0.2,rebound.
[ego_planner_node-2] iter=9,time(ms)=0.14,rebound.
[ego_planner_node-2] [32miter(+1)=16,time(ms)=0.161,total_t(ms)=0.537,cost=0.423
[ego_planner_node-2] [0mtraj 1 success.
[ego_planner_node-2] iter=9,time(ms)=0.13,rebound.
[ego_planner_node-2] iter=8,time(ms)=0.096,rebound.
[ego_planner_node-2] [32miter(+1)=30,time(ms)=0.286, collided, keep optimizing
[ego_planner_node-2] [0m[32miter(+1)=15,time(ms)=0.128,total_t(ms)=0.736,cost=0.802
[ego_planner_node-2] [0mtraj 2 success.
[ego_planner_node-2] plan_success=1
[ego_planner_node-2] total time:[42m0.002[0m,optimize:0.0019,refine:7.2e-06,avg_time=0.0022
[ego_planner_node-2] refine_success=1
[ego_planner_node-2] [SAFETY]: from EXEC_TRAJ to EXEC_TRAJ
[ego_planner_node-2] [47;30m
[ego_planner_node-2] [drone 0 replan 39]==============================================[0m
[ego_planner_node-2] [1;33mmulti-trajs=2[1;0m
[ego_planner_node-2] iter=16,time(ms)=0.12,rebound.
[ego_planner_node-2] iter=17,time(ms)=0.12,rebound.
[ego_planner_node-2] iter=9,time(ms)=0.061,rebound.
[ego_planner_node-2] [32miter(+1)=15,time(ms)=0.069,total_t(ms)=0.392,cost=0.452
[ego_planner_node-2] [0mtraj 1 success.
[ego_planner_node-2] iter=11,time(ms)=0.06,rebound.
[ego_planner_node-2] [32miter(+1)=10,time(ms)=0.042, collided, keep optimizing
[ego_planner_node-2] [0m[32miter(+1)=28,time(ms)=0.164, collided, keep optimizing
[ego_planner_node-2] [0miter=8,time(ms)=0.083,rebound.
[ego_planner_node-2] [32miter(+1)=14,time(ms)=0.063, collided, keep optimizing
[ego_planner_node-2] [0mtraj 2 failed.
[ego_planner_node-2] plan_success=1
[ego_planner_node-2] total time:[42m0.0013[0m,optimize:0.0013,refine:6.9e-06,avg_time=0.0021
[ego_planner_node-2] refine_success=1
[ego_planner_node-2] [SAFETY]: from EXEC_TRAJ to EXEC_TRAJ
[ego_planner_node-2] [FSM]: state: EXEC_TRAJ
[ego_planner_node-2] [FSM]: from EXEC_TRAJ to REPLAN_TRAJ
[ego_planner_node-2] [47;30m
[ego_planner_node-2] [drone 0 replan 40]==============================================[0m
[ego_planner_node-2] [1;33mmulti-trajs=4[1;0m
[ego_planner_node-2] iter=8,time(ms)=0.56,rebound.
[ego_planner_node-2] iter=20,time(ms)=0.26,rebound.
[ego_planner_node-2] iter=19,time(ms)=0.25,rebound.
[ego_planner_node-2] [32miter(+1)=18,time(ms)=0.169, collided, keep optimizing
[ego_planner_node-2] [0m[32miter(+1)=13,time(ms)=0.114, collided, keep optimizing
[ego_planner_node-2] [0m[32miter(+1)=22,time(ms)=0.267, collided, keep optimizing
[ego_planner_node-2] [0mtraj 1 failed.
[ego_planner_node-2] iter=8,time(ms)=0.083,rebound.
[ego_planner_node-2] iter=11,time(ms)=0.1,rebound.
[ego_planner_node-2] [32miter(+1)=9,time(ms)=0.064, collided, keep optimizing
[ego_planner_node-2] [0miter=23,time(ms)=0.24,rebound.
[ego_planner_node-2] [32miter(+1)=13,time(ms)=0.121, collided, keep optimizing
[ego_planner_node-2] [0m[32miter(+1)=13,time(ms)=0.114,total_t(ms)=0.894,cost=2.985
[ego_planner_node-2] [0mtraj 2 success.
[ego_planner_node-2] iter=8,time(ms)=0.31,rebound.
[ego_planner_node-2] iter=18,time(ms)=0.18,rebound.
[ego_planner_node-2] iter=18,time(ms)=0.19,rebound.
[ego_planner_node-2] [32miter(+1)=17,time(ms)=0.152, collided, keep optimizing
[ego_planner_node-2] [0miter=21,time(ms)=0.24,rebound.
[ego_planner_node-2] iter=11,time(ms)=0.12,rebound.
[ego_planner_node-2] [32miter(+1)=10,time(ms)=0.081,total_t(ms)=1.343,cost=3.464
[ego_planner_node-2] [0mtraj 3 success.
[ego_planner_node-2] iter=8,time(ms)=0.075,rebound.
[ego_planner_node-2] iter=8,time(ms)=0.076,rebound.
[ego_planner_node-2] [32miter(+1)=13,time(ms)=0.100, collided, keep optimizing
[ego_planner_node-2] [0m[32miter(+1)=14,time(ms)=0.124, collided, keep optimizing
[ego_planner_node-2] [0miter=7,time(ms)=0.071,rebound.
[ego_planner_node-2] [32miter(+1)=14,time(ms)=0.113,total_t(ms)=0.696,cost=1.912
[ego_planner_node-2] [0mtraj 4 success.
[ego_planner_node-2] plan_success=1
[ego_planner_node-2] total time:[42m0.0056[0m,optimize:0.0056,refine:5.6e-06,avg_time=0.0023
[ego_planner_node-2] refine_success=1
[ego_planner_node-2] [FSM]: from REPLAN_TRAJ to EXEC_TRAJ
[ego_planner_node-2] [47;30m
[ego_planner_node-2] [drone 0 replan 41]==============================================[0m
[ego_planner_node-2] [1;33mmulti-trajs=2[1;0m
[ego_planner_node-2] iter=5,time(ms)=0.13,rebound.
[ego_planner_node-2] iter=7,time(ms)=0.12,rebound.
[ego_planner_node-2] iter=12,time(ms)=0.19,rebound.
[ego_planner_node-2] iter=7,time(ms)=0.11,rebound.
[ego_planner_node-2] [32miter(+1)=11,time(ms)=0.127, collided, keep optimizing
[ego_planner_node-2] [0miter=17,time(ms)=0.29,rebound.
[ego_planner_node-2] iter=7,time(ms)=0.12,rebound.
[ego_planner_node-2] [32miter(+1)=20,time(ms)=0.275, collided, keep optimizing
[ego_planner_node-2] [0m[32miter(+1)=20,time(ms)=0.285,total_t(ms)=1.890,cost=3.337
[ego_planner_node-2] [0mtraj 1 success.
[ego_planner_node-2] iter=6,time(ms)=0.11,rebound.
[ego_planner_node-2] iter=8,time(ms)=0.092,rebound.
[ego_planner_node-2] [32miter(+1)=25,time(ms)=0.303,total_t(ms)=0.524,cost=0.321
[ego_planner_node-2] [0mtraj 2 success.
[ego_planner_node-2] plan_success=1
[ego_planner_node-2] total time:[42m0.003[0m,optimize:0.003,refine:6.2e-06,avg_time=0.0023
[ego_planner_node-2] refine_success=1
[ego_planner_node-2] [SAFETY]: from EXEC_TRAJ to EXEC_TRAJ
[ego_planner_node-2] [47;30m
[ego_planner_node-2] [drone 0 replan 42]==============================================[0m
[ego_planner_node-2] [1;33mmulti-trajs=2[1;0m
[ego_planner_node-2] iter=9,time(ms)=0.11,rebound.
[ego_planner_node-2] iter=10,time(ms)=0.075,rebound.
[ego_planner_node-2] iter=5,time(ms)=0.11,rebound.
[ego_planner_node-2] iter=12,time(ms)=0.069,rebound.
[ego_planner_node-2] iter=9,time(ms)=0.059,rebound.
[ego_planner_node-2] iter=8,time(ms)=0.052,rebound.
[ego_planner_node-2] [32miter(+1)=10,time(ms)=0.051, collided, keep optimizing
[ego_planner_node-2] [0miter=13,time(ms)=0.1,rebound.
[ego_planner_node-2] iter=22,time(ms)=0.15,rebound.
[ego_planner_node-2] [32miter(+1)=16,time(ms)=0.103, collided, keep optimizing
[ego_planner_node-2] [0m[32miter(+1)=18,time(ms)=0.105, collided, keep optimizing
[ego_planner_node-2] [0mtraj 1 failed.
[ego_planner_node-2] iter=10,time(ms)=0.052,rebound.
[ego_planner_node-2] iter=12,time(ms)=0.062,rebound.
[ego_planner_node-2] iter=7,time(ms)=0.038,rebound.
[ego_planner_node-2] iter=10,time(ms)=0.05,rebound.
[ego_planner_node-2] [32miter(+1)=9,time(ms)=0.035, collided, keep optimizing
[ego_planner_node-2] [0miter=14,time(ms)=0.076,rebound.
[ego_planner_node-2] iter=11,time(ms)=0.061,rebound.
[ego_planner_node-2] [32miter(+1)=11,time(ms)=0.048,total_t(ms)=0.471,cost=1.732
[ego_planner_node-2] [0mtraj 2 success.
[ego_planner_node-2] plan_success=1
[ego_planner_node-2] total time:[42m0.0019[0m,optimize:0.0019,refine:2.8e-06,avg_time=0.0023
[ego_planner_node-2] refine_success=1
[ego_planner_node-2] [SAFETY]: from EXEC_TRAJ to EXEC_TRAJ
[ego_planner_node-2] [47;30m
[ego_planner_node-2] [drone 0 replan 43]==============================================[0m
[ego_planner_node-2] [1;33mmulti-trajs=1[1;0m
[ego_planner_node-2] [32miter(+1)=15,time(ms)=0.179,total_t(ms)=0.180,cost=0.093
[ego_planner_node-2] [0mtraj 1 success.
[ego_planner_node-2] plan_success=1
[ego_planner_node-2] total time:[42m0.00061[0m,optimize:0.0006,refine:6.6e-06,avg_time=0.0022
[ego_planner_node-2] refine_success=1
[ego_planner_node-2] [SAFETY]: from EXEC_TRAJ to EXEC_TRAJ
[ego_planner_node-2] [47;30m
[ego_planner_node-2] [drone 0 replan 44]==============================================[0m
[ego_planner_node-2] [1;33mmulti-trajs=1[1;0m
[ego_planner_node-2] iter=11,time(ms)=0.19,rebound.
[ego_planner_node-2] iter=7,time(ms)=0.14,rebound.
[ego_planner_node-2] [WARN] [1773688159.194190690] [check_collision_and_rebound]: Failed to generate direction. It doesn't matter.
[ego_planner_node-2] iter=11,time(ms)=0.6,rebound.
[ego_planner_node-2] iter=7,time(ms)=0.11,rebound.
[ego_planner_node-2] iter=8,time(ms)=0.1,rebound.
[ego_planner_node-2] iter=12,time(ms)=0.13,rebound.
[ego_planner_node-2] [32miter(+1)=9,time(ms)=0.064,total_t(ms)=1.430,cost=1.020
[ego_planner_node-2] [0mtraj 1 success.
[ego_planner_node-2] plan_success=1
[ego_planner_node-2] total time:[42m0.0018[0m,optimize:0.0018,refine:5.3e-06,avg_time=0.0022
[ego_planner_node-2] refine_success=1
[ego_planner_node-2] [SAFETY]: from EXEC_TRAJ to EXEC_TRAJ
[ego_planner_node-2] [47;30m
[ego_planner_node-2] [drone 0 replan 45]==============================================[0m
[ego_planner_node-2] [1;33mmulti-trajs=1[1;0m
[ego_planner_node-2] iter=7,time(ms)=0.17,rebound.
[ego_planner_node-2] iter=7,time(ms)=0.14,rebound.
[ego_planner_node-2] [32miter(+1)=11,time(ms)=0.130,total_t(ms)=0.491,cost=0.561
[ego_planner_node-2] [0mtraj 1 success.
[ego_planner_node-2] plan_success=1
[ego_planner_node-2] total time:[42m0.001[0m,optimize:0.001,refine:8.4e-06,avg_time=0.0022
[ego_planner_node-2] refine_success=1
[ego_planner_node-2] [SAFETY]: from EXEC_TRAJ to EXEC_TRAJ
[ego_planner_node-2] [47;30m
[ego_planner_node-2] [drone 0 replan 46]==============================================[0m
[ego_planner_node-2] [1;33mmulti-trajs=1[1;0m
[ego_planner_node-2] [32miter(+1)=8,time(ms)=0.066, collided, keep optimizing
[ego_planner_node-2] [0m[32miter(+1)=1,time(ms)=0.014, collided, keep optimizing
[ego_planner_node-2] [0m[32miter(+1)=1,time(ms)=0.011, collided, keep optimizing
[ego_planner_node-2] [0mtraj 1 failed.
[ego_planner_node-2] plan_success=0
[ego_planner_node-2] refine_success=0
[ego_planner_node-2] [47;30m
[ego_planner_node-2] [drone 0 replan 47]==============================================[0m
[ego_planner_node-2] [1;33mmulti-trajs=8[1;0m
[ego_planner_node-2] iter=5,time(ms)=0.14,rebound.
[ego_planner_node-2] iter=46,time(ms)=0.47,rebound.
[ego_planner_node-2] [32miter(+1)=57,time(ms)=0.570, collided, keep optimizing
[ego_planner_node-2] [0m[32miter(+1)=20,time(ms)=0.164,total_t(ms)=1.420,cost=7.415
[ego_planner_node-2] [0mtraj 1 success.
[ego_planner_node-2] iter=5,time(ms)=0.11,rebound.
[ego_planner_node-2] iter=38,time(ms)=0.36,rebound.
[ego_planner_node-2] [32miter(+1)=50,time(ms)=0.393, collided, keep optimizing
[ego_planner_node-2] [0miter=51,time(ms)=0.47,rebound.
[ego_planner_node-2] [32miter(+1)=33,time(ms)=0.289, collided, keep optimizing
[ego_planner_node-2] [0miter=59,time(ms)=0.54,rebound.
[ego_planner_node-2] [32miter(+1)=32,time(ms)=0.256, collided, keep optimizing
[ego_planner_node-2] [0mtraj 2 failed.
[ego_planner_node-2] iter=5,time(ms)=0.068,rebound.
[ego_planner_node-2] iter=11,time(ms)=0.072,rebound.
[ego_planner_node-2] iter=16,time(ms)=0.13,rebound.
[ego_planner_node-2] [32miter(+1)=47,time(ms)=0.337, collided, keep optimizing
[ego_planner_node-2] [0m[32miter(+1)=32,time(ms)=0.228, collided, keep optimizing
[ego_planner_node-2] [0m[32miter(+1)=51,time(ms)=0.339,total_t(ms)=1.265,cost=4.499
[ego_planner_node-2] [0mtraj 3 success.
[ego_planner_node-2] iter=5,time(ms)=0.053,rebound.
[ego_planner_node-2] iter=15,time(ms)=0.22,rebound.
[ego_planner_node-2] [WARN] [1773688159.300537757] [check_collision_and_rebound]: Failed to generate direction. It doesn't matter.
[ego_planner_node-2] iter=5,time(ms)=0.053,rebound.
[ego_planner_node-2] iter=47,time(ms)=0.45,rebound.
[ego_planner_node-2] iter=69,time(ms)=0.44,rebound.
[ego_planner_node-2] [32miter(+1)=28,time(ms)=0.133, collided, keep optimizing
[ego_planner_node-2] [0m[32miter(+1)=48,time(ms)=0.242, collided, keep optimizing
[ego_planner_node-2] [0miter=74,time(ms)=0.4,rebound.
[ego_planner_node-2] [32miter(+1)=29,time(ms)=0.134, collided, keep optimizing
[ego_planner_node-2] [0mtraj 4 failed.
[ego_planner_node-2] iter=5,time(ms)=0.063,rebound.
[ego_planner_node-2] iter=13,time(ms)=0.055,rebound.
[ego_planner_node-2] iter=13,time(ms)=0.051,rebound.
[ego_planner_node-2] iter=23,time(ms)=0.098,rebound.
[ego_planner_node-2] iter=64,time(ms)=0.27,rebound.
[ego_planner_node-2] [32miter(+1)=33,time(ms)=0.123, collided, keep optimizing
[ego_planner_node-2] [0m[32miter(+1)=54,time(ms)=0.212, collided, keep optimizing
[ego_planner_node-2] [0m[32miter(+1)=75,time(ms)=0.286, collided, keep optimizing
[ego_planner_node-2] [0mtraj 5 failed.
[ego_planner_node-2] iter=5,time(ms)=0.053,rebound.
[ego_planner_node-2] iter=13,time(ms)=0.04,rebound.
[ego_planner_node-2] iter=16,time(ms)=0.048,rebound.
[ego_planner_node-2] [32miter(+1)=11,time(ms)=0.025, collided, keep optimizing
[ego_planner_node-2] [0m[32miter(+1)=44,time(ms)=0.125, collided, keep optimizing
[ego_planner_node-2] [0miter=85,time(ms)=0.77,rebound.
[ego_planner_node-2] [32miter(+1)=69,time(ms)=0.201, collided, keep optimizing
[ego_planner_node-2] [0mtraj 6 failed.
[ego_planner_node-2] iter=5,time(ms)=0.034,rebound.
[ego_planner_node-2] iter=11,time(ms)=0.024,rebound.
[ego_planner_node-2] iter=10,time(ms)=0.023,rebound.
[ego_planner_node-2] [32miter(+1)=12,time(ms)=0.021,total_t(ms)=0.105,cost=1.095
[ego_planner_node-2] [0mtraj 7 success.
[ego_planner_node-2] iter=5,time(ms)=0.032,rebound.
[ego_planner_node-2] iter=14,time(ms)=0.031,rebound.
[ego_planner_node-2] [32miter(+1)=13,time(ms)=0.023, collided, keep optimizing
[ego_planner_node-2] [0m[32miter(+1)=31,time(ms)=0.069, collided, keep optimizing
[ego_planner_node-2] [0miter=56,time(ms)=0.14,rebound.
[ego_planner_node-2] [32miter(+1)=29,time(ms)=0.068, collided, keep optimizing
[ego_planner_node-2] [0mtraj 8 failed.
[ego_planner_node-2] plan_success=1
[ego_planner_node-2] total time:[42m0.013[0m,optimize:0.013,refine:1.4e-06,avg_time=0.0025
[ego_planner_node-2] refine_success=1
[ego_planner_node-2] [SAFETY]: from EXEC_TRAJ to EXEC_TRAJ
[ego_planner_node-2] [FSM]: state: EXEC_TRAJ
[ego_planner_node-2] [47;30m
[ego_planner_node-2] [drone 0 replan 48]==============================================[0m
[ego_planner_node-2] [1;33mmulti-trajs=1[1;0m
[ego_planner_node-2] [32miter(+1)=6,time(ms)=0.021,total_t(ms)=0.022,cost=0.030
[ego_planner_node-2] [0mtraj 1 success.
[ego_planner_node-2] plan_success=1
[ego_planner_node-2] total time:[42m0.00011[0m,optimize:0.00011,refine:2e-06,avg_time=0.0024
[ego_planner_node-2] refine_success=1
[ego_planner_node-2] [SAFETY]: from EXEC_TRAJ to EXEC_TRAJ
[ego_planner_node-2] [47;30m
[ego_planner_node-2] [drone 0 replan 49]==============================================[0m
[ego_planner_node-2] [1;33mmulti-trajs=2[1;0m
[ego_planner_node-2] iter=7,time(ms)=1.3,rebound.
[ego_planner_node-2] iter=5,time(ms)=0.036,rebound.
[ego_planner_node-2] iter=7,time(ms)=0.05,rebound.
[ego_planner_node-2] iter=7,time(ms)=0.49,rebound.
[ego_planner_node-2] iter=9,time(ms)=0.081,rebound.
[ego_planner_node-2] iter=20,time(ms)=0.46,rebound.
[ego_planner_node-2] iter=28,time(ms)=0.13,rebound.
[ego_planner_node-2] [32miter(+1)=15,time(ms)=0.049, collided, keep optimizing
[ego_planner_node-2] [0m[32miter(+1)=21,time(ms)=0.079, collided, keep optimizing
[ego_planner_node-2] [0m[32miter(+1)=27,time(ms)=0.110, collided, keep optimizing
[ego_planner_node-2] [0mtraj 1 failed.
[ego_planner_node-2] iter=17,time(ms)=0.054,rebound.
[ego_planner_node-2] iter=8,time(ms)=0.035,rebound.
[ego_planner_node-2] iter=5,time(ms)=0.021,rebound.
[ego_planner_node-2] iter=10,time(ms)=0.21,rebound.
[ego_planner_node-2] [32miter(+1)=9,time(ms)=0.022, collided, keep optimizing
[ego_planner_node-2] [0miter=8,time(ms)=0.087,rebound.
[ego_planner_node-2] iter=5,time(ms)=0.045,rebound.
[ego_planner_node-2] iter=35,time(ms)=0.19,rebound.
[ego_planner_node-2] [32miter(+1)=19,time(ms)=0.057, collided, keep optimizing
[ego_planner_node-2] [0m[32miter(+1)=18,time(ms)=0.055, collided, keep optimizing
[ego_planner_node-2] [0mtraj 2 failed.
[ego_planner_node-2] plan_success=0
[ego_planner_node-2] refine_success=0
[ego_planner_node-2] [47;30m
[ego_planner_node-2] [drone 0 replan 50]==============================================[0m
[ego_planner_node-2] [1;33mmulti-trajs=8[1;0m
[ego_planner_node-2] iter=9,time(ms)=0.093,rebound.
[ego_planner_node-2] [32miter(+1)=66,time(ms)=0.191, collided, keep optimizing
[ego_planner_node-2] [0miter=25,time(ms)=0.07,rebound.
[ego_planner_node-2] [32miter(+1)=55,time(ms)=0.151, collided, keep optimizing
[ego_planner_node-2] [0miter=27,time(ms)=0.082,rebound.
[ego_planner_node-2] [32miter(+1)=41,time(ms)=0.114, collided, keep optimizing
[ego_planner_node-2] [0mtraj 1 failed.
[ego_planner_node-2] iter=9,time(ms)=0.034,rebound.
[ego_planner_node-2] iter=26,time(ms)=0.28,rebound.
[ego_planner_node-2] [32miter(+1)=70,time(ms)=0.171, collided, keep optimizing
[ego_planner_node-2] [0miter=19,time(ms)=0.048,rebound.
[ego_planner_node-2] iter=59,time(ms)=0.15,rebound.
[ego_planner_node-2] [32miter(+1)=15,time(ms)=0.028, collided, keep optimizing
[ego_planner_node-2] [0miter=14,time(ms)=0.046,rebound.
[ego_planner_node-2] [32miter(+1)=32,time(ms)=0.078, collided, keep optimizing
[ego_planner_node-2] [0mtraj 2 failed.
[ego_planner_node-2] iter=9,time(ms)=0.031,rebound.
[ego_planner_node-2] iter=15,time(ms)=0.032,rebound.
[ego_planner_node-2] iter=12,time(ms)=0.035,rebound.
[ego_planner_node-2] [32miter(+1)=51,time(ms)=0.118, collided, keep optimizing
[ego_planner_node-2] [0miter=38,time(ms)=0.18,rebound.
[ego_planner_node-2] [32miter(+1)=42,time(ms)=0.102, collided, keep optimizing
[ego_planner_node-2] [0m[32miter(+1)=54,time(ms)=0.141, collided, keep optimizing
[ego_planner_node-2] [0mtraj 3 failed.
[ego_planner_node-2] iter=9,time(ms)=0.038,rebound.
[ego_planner_node-2] iter=10,time(ms)=0.021,rebound.
[ego_planner_node-2] iter=19,time(ms)=0.042,rebound.
[ego_planner_node-2] iter=9,time(ms)=0.021,rebound.
[ego_planner_node-2] iter=25,time(ms)=0.06,rebound.
[ego_planner_node-2] [32miter(+1)=20,time(ms)=0.041, collided, keep optimizing
[ego_planner_node-2] [0m[32miter(+1)=20,time(ms)=0.043, collided, keep optimizing
[ego_planner_node-2] [0m[32miter(+1)=17,time(ms)=0.034,total_t(ms)=0.333,cost=3.803
[ego_planner_node-2] [0mtraj 4 success.
[ego_planner_node-2] iter=11,time(ms)=0.047,rebound.
[ego_planner_node-2] iter=15,time(ms)=0.037,rebound.
[ego_planner_node-2] iter=9,time(ms)=0.019,rebound.
[ego_planner_node-2] iter=41,time(ms)=0.16,rebound.
[ego_planner_node-2] iter=9,time(ms)=0.021,rebound.
[ego_planner_node-2] [32miter(+1)=42,time(ms)=0.096, collided, keep optimizing
[ego_planner_node-2] [0m[32miter(+1)=54,time(ms)=0.130, collided, keep optimizing
[ego_planner_node-2] [0m[32miter(+1)=46,time(ms)=0.116, collided, keep optimizing
[ego_planner_node-2] [0mtraj 5 failed.
[ego_planner_node-2] iter=10,time(ms)=0.057,rebound.
[ego_planner_node-2] iter=14,time(ms)=0.033,rebound.
[ego_planner_node-2] iter=5,time(ms)=0.021,rebound.
[ego_planner_node-2] iter=17,time(ms)=0.035,rebound.
[ego_planner_node-2] iter=11,time(ms)=0.024,rebound.
[ego_planner_node-2] iter=29,time(ms)=0.069,rebound.
[ego_planner_node-2] [32miter(+1)=24,time(ms)=0.051, collided, keep optimizing
[ego_planner_node-2] [0m[32miter(+1)=54,time(ms)=0.136, collided, keep optimizing
[ego_planner_node-2] [0miter=16,time(ms)=0.07,rebound.
[ego_planner_node-2] [32miter(+1)=53,time(ms)=0.142, collided, keep optimizing
[ego_planner_node-2] [0mtraj 6 failed.
[ego_planner_node-2] iter=11,time(ms)=0.05,rebound.
[ego_planner_node-2] iter=11,time(ms)=0.036,rebound.
[ego_planner_node-2] iter=5,time(ms)=0.014,rebound.
[ego_planner_node-2] [32miter(+1)=45,time(ms)=0.099, collided, keep optimizing
[ego_planner_node-2] [0m[32miter(+1)=65,time(ms)=0.150, collided, keep optimizing
[ego_planner_node-2] [0m[32miter(+1)=49,time(ms)=0.122, collided, keep optimizing
[ego_planner_node-2] [0mtraj 7 failed.
[ego_planner_node-2] iter=11,time(ms)=0.021,rebound.
[ego_planner_node-2] iter=9,time(ms)=0.02,rebound.
[ego_planner_node-2] iter=10,time(ms)=0.032,rebound.
[ego_planner_node-2] iter=30,time(ms)=0.069,rebound.
[ego_planner_node-2] [32miter(+1)=15,time(ms)=0.027, collided, keep optimizing
[ego_planner_node-2] [0miter=12,time(ms)=0.029,rebound.
[ego_planner_node-2] [32miter(+1)=50,time(ms)=0.117, collided, keep optimizing
[ego_planner_node-2] [0m[32miter(+1)=93,time(ms)=0.237, collided, keep optimizing
[ego_planner_node-2] [0mtraj 8 failed.
[ego_planner_node-2] plan_success=1
[ego_planner_node-2] total time:[42m0.0065[0m,optimize:0.0065,refine:1.3e-06,avg_time=0.0025
[ego_planner_node-2] refine_success=1
[ego_planner_node-2] [SAFETY]: from EXEC_TRAJ to EXEC_TRAJ
[ego_planner_node-2] [47;30m
[ego_planner_node-2] [drone 0 replan 51]==============================================[0m
[ego_planner_node-2] [1;33mmulti-trajs=2[1;0m
[ego_planner_node-2] iter=14,time(ms)=0.15,rebound.
[ego_planner_node-2] iter=9,time(ms)=0.087,rebound.
[ego_planner_node-2] iter=8,time(ms)=0.23,rebound.
[ego_planner_node-2] iter=16,time(ms)=0.15,rebound.
[ego_planner_node-2] [32miter(+1)=11,time(ms)=0.073,total_t(ms)=0.718,cost=0.694
[ego_planner_node-2] [0mtraj 1 success.
[ego_planner_node-2] iter=14,time(ms)=0.11,rebound.
[ego_planner_node-2] [32miter(+1)=14,time(ms)=0.093, collided, keep optimizing
[ego_planner_node-2] [0miter=5,time(ms)=0.06,rebound.
[ego_planner_node-2] iter=6,time(ms)=0.064,rebound.
[ego_planner_node-2] iter=17,time(ms)=0.16,rebound.
[ego_planner_node-2] [32miter(+1)=11,time(ms)=0.078, collided, keep optimizing
[ego_planner_node-2] [0m[32miter(+1)=5,time(ms)=0.035, collided, keep optimizing
[ego_planner_node-2] [0mtraj 2 failed.
[ego_planner_node-2] plan_success=1
[ego_planner_node-2] total time:[42m0.0018[0m,optimize:0.0018,refine:4.7e-06,avg_time=0.0025
[ego_planner_node-2] refine_success=1
[ego_planner_node-2] [SAFETY]: from EXEC_TRAJ to EXEC_TRAJ
[ego_planner_node-2] [47;30m
[ego_planner_node-2] [drone 0 replan 52]==============================================[0m
[ego_planner_node-2] [1;33mmulti-trajs=1[1;0m
[ego_planner_node-2] iter=11,time(ms)=0.19,rebound.
[ego_planner_node-2] iter=9,time(ms)=0.11,rebound.
[ego_planner_node-2] iter=9,time(ms)=0.13,rebound.
[ego_planner_node-2] iter=5,time(ms)=0.11,rebound.
[ego_planner_node-2] iter=6,time(ms)=0.079,rebound.
[ego_planner_node-2] iter=8,time(ms)=0.1,rebound.
[ego_planner_node-2] iter=11,time(ms)=0.2,rebound.
[ego_planner_node-2] [32miter(+1)=11,time(ms)=0.107, collided, keep optimizing
[ego_planner_node-2] [0m[32miter(+1)=23,time(ms)=0.283, collided, keep optimizing
[ego_planner_node-2] [0m[32miter(+1)=13,time(ms)=0.138, collided, keep optimizing
[ego_planner_node-2] [0mtraj 1 failed.
[ego_planner_node-2] plan_success=0
[ego_planner_node-2] refine_success=0
[ego_planner_node-2] [WARN] [1773688159.745539779] [distinctiveTrajs]: base_point and control point are too close!
[ego_planner_node-2] [47;30m
[ego_planner_node-2] [drone 0 replan 53]==============================================[0m
[ego_planner_node-2] base_point=  8.9 -0.68  0.93 control point=  8.9 -0.65  0.92
[ego_planner_node-2] [1;33mmulti-trajs=2[1;0m
[ego_planner_node-2] iter=12,time(ms)=2.5,rebound.
[ego_planner_node-2] iter=30,time(ms)=0.28,rebound.
[ego_planner_node-2] iter=100,time(ms)=0.46,rebound.
[ego_planner_node-2] [32miter(+1)=20,time(ms)=0.077, collided, keep optimizing
[ego_planner_node-2] [0miter=39,time(ms)=0.2,rebound.
[ego_planner_node-2] [32miter(+1)=30,time(ms)=0.133, collided, keep optimizing
[ego_planner_node-2] [0m[32miter(+1)=41,time(ms)=0.193, collided, keep optimizing
[ego_planner_node-2] [0mtraj 1 failed.
[ego_planner_node-2] iter=12,time(ms)=0.1,rebound.
[ego_planner_node-2] [32miter(+1)=43,time(ms)=0.203, collided, keep optimizing
[ego_planner_node-2] [0miter=24,time(ms)=0.11,rebound.
[ego_planner_node-2] [32miter(+1)=37,time(ms)=0.170, collided, keep optimizing
[ego_planner_node-2] [0m[32miter(+1)=30,time(ms)=0.133, collided, keep optimizing
[ego_planner_node-2] [0mtraj 2 failed.
[ego_planner_node-2] plan_success=0
[ego_planner_node-2] refine_success=0
[ego_planner_node-2] [47;30m
[ego_planner_node-2] [drone 0 replan 54]==============================================[0m
[ego_planner_node-2] [1;33mmulti-trajs=4[1;0m
[ego_planner_node-2] iter=9,time(ms)=3.2,rebound.
[ego_planner_node-2] iter=17,time(ms)=0.081,rebound.
[ego_planner_node-2] iter=10,time(ms)=0.49,rebound.
[ego_planner_node-2] [32miter(+1)=40,time(ms)=0.184, collided, keep optimizing
[ego_planner_node-2] [0miter=24,time(ms)=0.12,rebound.
[ego_planner_node-2] [32miter(+1)=57,time(ms)=0.307, collided, keep optimizing
[ego_planner_node-2] [0m[32miter(+1)=56,time(ms)=0.243, collided, keep optimizing
[ego_planner_node-2] [0mtraj 1 failed.
[ego_planner_node-2] iter=13,time(ms)=0.28,rebound.
[ego_planner_node-2] iter=27,time(ms)=0.07,rebound.
[ego_planner_node-2] iter=18,time(ms)=0.04,rebound.
[ego_planner_node-2] iter=21,time(ms)=0.051,rebound.
[ego_planner_node-2] iter=33,time(ms)=0.22,rebound.
[ego_planner_node-2] [32miter(+1)=28,time(ms)=0.062, collided, keep optimizing
[ego_planner_node-2] [0m[32miter(+1)=33,time(ms)=0.075, collided, keep optimizing
[ego_planner_node-2] [0m[32miter(+1)=42,time(ms)=0.104, collided, keep optimizing
[ego_planner_node-2] [0mtraj 2 failed.
[ego_planner_node-2] iter=9,time(ms)=1.1,rebound.
[ego_planner_node-2] iter=36,time(ms)=0.09,rebound.
[ego_planner_node-2] iter=39,time(ms)=0.38,rebound.
[ego_planner_node-2] [32miter(+1)=63,time(ms)=0.153, collided, keep optimizing
[ego_planner_node-2] [0miter=11,time(ms)=0.044,rebound.
[ego_planner_node-2] [32miter(+1)=29,time(ms)=0.068, collided, keep optimizing
[ego_planner_node-2] [0miter=45,time(ms)=0.2,rebound.
[ego_planner_node-2] [32miter(+1)=81,time(ms)=0.253, collided, keep optimizing
[ego_planner_node-2] [0mtraj 3 failed.
[ego_planner_node-2] iter=12,time(ms)=0.18,rebound.
[ego_planner_node-2] [32miter(+1)=42,time(ms)=0.096, collided, keep optimizing
[ego_planner_node-2] [0miter=29,time(ms)=0.099,rebound.
[ego_planner_node-2] [32miter(+1)=24,time(ms)=0.055, collided, keep optimizing
[ego_planner_node-2] [0m[32miter(+1)=46,time(ms)=0.116, collided, keep optimizing
[ego_planner_node-2] [0mtraj 4 failed.
[ego_planner_node-2] plan_success=0
[ego_planner_node-2] refine_success=0
[ego_planner_node-2] [WARN] [1773688159.764163589] [drone_0_ego_planner_node]: current traj in collision, replan.
[ego_planner_node-2] [SAFETY]: from EXEC_TRAJ to REPLAN_TRAJ
[ego_planner_node-2] [47;30m
[ego_planner_node-2] [drone 0 replan 55]==============================================[0m
[ego_planner_node-2] [1;33mmulti-trajs=2[1;0m
[ego_planner_node-2] iter=11,time(ms)=0.15,rebound.
[ego_planner_node-2] iter=8,time(ms)=0.02,rebound.
[ego_planner_node-2] iter=8,time(ms)=0.041,rebound.
[ego_planner_node-2] iter=19,time(ms)=0.088,rebound.
[ego_planner_node-2] iter=30,time(ms)=0.075,rebound.
[ego_planner_node-2] iter=17,time(ms)=0.048,rebound.
[ego_planner_node-2] [32miter(+1)=16,time(ms)=0.030, collided, keep optimizing
[ego_planner_node-2] [0miter=16,time(ms)=0.044,rebound.
[ego_planner_node-2] iter=22,time(ms)=0.063,rebound.
[ego_planner_node-2] iter=8,time(ms)=0.034,rebound.
[ego_planner_node-2] [32miter(+1)=17,time(ms)=0.039, collided, keep optimizing
[ego_planner_node-2] [0miter=11,time(ms)=0.038,rebound.
[ego_planner_node-2] iter=7,time(ms)=0.057,rebound.
[ego_planner_node-2] iter=27,time(ms)=0.095,rebound.
[ego_planner_node-2] [32miter(+1)=13,time(ms)=0.030, collided, keep optimizing
[ego_planner_node-2] [0mtraj 1 failed.
[ego_planner_node-2] iter=7,time(ms)=0.027,rebound.
[ego_planner_node-2] iter=8,time(ms)=0.031,rebound.
[ego_planner_node-2] iter=14,time(ms)=0.031,rebound.
[ego_planner_node-2] iter=8,time(ms)=0.15,rebound.
[ego_planner_node-2] [32miter(+1)=10,time(ms)=0.017, collided, keep optimizing
[ego_planner_node-2] [0miter=13,time(ms)=0.026,rebound.
[ego_planner_node-2] iter=8,time(ms)=0.025,rebound.
[ego_planner_node-2] [32miter(+1)=22,time(ms)=0.047, collided, keep optimizing
[ego_planner_node-2] [0m[32miter(+1)=19,time(ms)=0.045, collided, keep optimizing
[ego_planner_node-2] [0mtraj 2 failed.
[ego_planner_node-2] plan_success=0
[ego_planner_node-2] refine_success=0
[ego_planner_node-2] [WARN] [1773688159.766071846] [distinctiveTrajs]: base_point and control point are too close!
[ego_planner_node-2] [47;30m
[ego_planner_node-2] [drone 0 replan 56]==============================================[0m
[ego_planner_node-2] base_point=    9 -0.61  0.94 control point=    9 -0.67  0.93
[ego_planner_node-2] [1;33mmulti-trajs=2[1;0m
[ego_planner_node-2] iter=15,time(ms)=0.98,rebound.
[ego_planner_node-2] iter=12,time(ms)=0.03,rebound.
[ego_planner_node-2] iter=15,time(ms)=0.038,rebound.
[ego_planner_node-2] iter=11,time(ms)=0.03,rebound.
[ego_planner_node-2] iter=13,time(ms)=0.035,rebound.
[ego_planner_node-2] iter=14,time(ms)=0.067,rebound.
[ego_planner_node-2] iter=34,time(ms)=0.26,rebound.
[ego_planner_node-2] [ERROR] [1773688159.767569236] [Coord2Index]: Ran out of pool, index=-1 48 111, POOL_SIZE=160 160 160
[ego_planner_node-2] [ERROR] [1773688159.767587305] [AstarSearch]: Unable to handle the initial or end point, force return!
[ego_planner_node-2] [ERROR] [1773688159.767591246] [check_collision_and_rebound]: a star error
[ego_planner_node-2] iter=13,time(ms)=0.053,rebound.
[ego_planner_node-2] [ERROR] [1773688159.767607621] [Coord2Index]: Ran out of pool, index=-1 48 112, POOL_SIZE=160 160 160
[ego_planner_node-2] [ERROR] [1773688159.767611009] [AstarSearch]: Unable to handle the initial or end point, force return!
[ego_planner_node-2] [ERROR] [1773688159.767628160] [check_collision_and_rebound]: a star error
[ego_planner_node-2] [ERROR] [1773688159.767642551] [Coord2Index]: Ran out of pool, index=-1 49 112, POOL_SIZE=160 160 160
[ego_planner_node-2] [ERROR] [1773688159.767645295] [AstarSearch]: Unable to handle the initial or end point, force return!
[ego_planner_node-2] [ERROR] [1773688159.767647525] [check_collision_and_rebound]: a star error
[ego_planner_node-2] [ERROR] [1773688159.767661226] [Coord2Index]: Ran out of pool, index=-1 49 112, POOL_SIZE=160 160 160
[ego_planner_node-2] [ERROR] [1773688159.767663989] [AstarSearch]: Unable to handle the initial or end point, force return!
[ego_planner_node-2] [ERROR] [1773688159.767666111] [check_collision_and_rebound]: a star error
[ego_planner_node-2] [ERROR] [1773688159.767679732] [Coord2Index]: Ran out of pool, index=-1 50 112, POOL_SIZE=160 160 160
[ego_planner_node-2] [ERROR] [1773688159.767682407] [AstarSearch]: Unable to handle the initial or end point, force return!
[ego_planner_node-2] [ERROR] [1773688159.767684481] [check_collision_and_rebound]: a star error
[ego_planner_node-2] [ERROR] [1773688159.767698533] [Coord2Index]: Ran out of pool, index=-1 50 112, POOL_SIZE=160 160 160
[ego_planner_node-2] [ERROR] [1773688159.767701342] [AstarSearch]: Unable to handle the initial or end point, force return!
[ego_planner_node-2] [ERROR] [1773688159.767703443] [check_collision_and_rebound]: a star error
[ego_planner_node-2] [ERROR] [1773688159.767717497] [Coord2Index]: Ran out of pool, index=-1 51 112, POOL_SIZE=160 160 160
[ego_planner_node-2] [ERROR] [1773688159.767720233] [AstarSearch]: Unable to handle the initial or end point, force return!
[ego_planner_node-2] [ERROR] [1773688159.767722355] [check_collision_and_rebound]: a star error
[ego_planner_node-2] iter=5,time(ms)=0.034,rebound.
[ego_planner_node-2] iter=5,time(ms)=0.018,rebound.
[ego_planner_node-2] iter=5,time(ms)=0.018,rebound.
[ego_planner_node-2] iter=5,time(ms)=0.018,rebound.
[ego_planner_node-2] iter=5,time(ms)=0.018,rebound.
[ego_planner_node-2] iter=5,time(ms)=0.019,rebound.
[ego_planner_node-2] [ERROR] [1773688159.767737083] [Coord2Index]: Ran out of pool, index=-1 51 112, POOL_SIZE=160 160 160
[ego_planner_node-2] [ERROR] [1773688159.767740174] [AstarSearch]: Unable to handle the initial or end point, force return!
[ego_planner_node-2] [ERROR] [1773688159.767742352] [check_collision_and_rebound]: a star error
[ego_planner_node-2] [ERROR] [1773688159.767755941] [Coord2Index]: Ran out of pool, index=-1 52 112, POOL_SIZE=160 160 160
[ego_planner_node-2] [ERROR] [1773688159.767758649] [AstarSearch]: Unable to handle the initial or end point, force return!
[ego_planner_node-2] [ERROR] [1773688159.767760845] [check_collision_and_rebound]: a star error
[ego_planner_node-2] [ERROR] [1773688159.767774552] [Coord2Index]: Ran out of pool, index=-1 52 112, POOL_SIZE=160 160 160
[ego_planner_node-2] [ERROR] [1773688159.767777209] [AstarSearch]: Unable to handle the initial or end point, force return!
[ego_planner_node-2] [ERROR] [1773688159.767779339] [check_collision_and_rebound]: a star error
[ego_planner_node-2] [ERROR] [1773688159.767792992] [Coord2Index]: Ran out of pool, index=-1 52 112, POOL_SIZE=160 160 160
[ego_planner_node-2] [ERROR] [1773688159.767795645] [AstarSearch]: Unable to handle the initial or end point, force return!
[ego_planner_node-2] iter=5,time(ms)=0.018,rebound.
[ego_planner_node-2] iter=5,time(ms)=0.018,rebound.
[ego_planner_node-2] iter=5,time(ms)=0.018,rebound.
[ego_planner_node-2] [ERROR] [1773688159.767797756] [check_collision_and_rebound]: a star error
[ego_planner_node-2] [ERROR] [1773688159.767816503] [Coord2Index]: Ran out of pool, index=-1 52 112, POOL_SIZE=160 160 160
[ego_planner_node-2] [ERROR] [1773688159.767821667] [AstarSearch]: Unable to handle the initial or end point, force return!
[ego_planner_node-2] [ERROR] [1773688159.767825300] [check_collision_and_rebound]: a star error
[ego_planner_node-2] [ERROR] [1773688159.767839290] [Coord2Index]: Ran out of pool, index=-1 53 111, POOL_SIZE=160 160 160
[ego_planner_node-2] [ERROR] [1773688159.767842005] [AstarSearch]: Unable to handle the initial or end point, force return!
[ego_planner_node-2] [ERROR] [1773688159.767844124] [check_collision_and_rebound]: a star error
[ego_planner_node-2] [ERROR] [1773688159.767857551] [Coord2Index]: Ran out of pool, index=-1 53 111, POOL_SIZE=160 160 160
[ego_planner_node-2] [ERROR] [1773688159.767860195] [AstarSearch]: Unable to handle the initial or end point, force return!
[ego_planner_node-2] [ERROR] [1773688159.767862266] [check_collision_and_rebound]: a star error
[ego_planner_node-2] iter=5,time(ms)=0.018,rebound.
[ego_planner_node-2] iter=5,time(ms)=0.027,rebound.
[ego_planner_node-2] iter=5,time(ms)=0.018,rebound.
[ego_planner_node-2] iter=5,time(ms)=0.017,rebound.
[ego_planner_node-2] traj 1 failed.
[ego_planner_node-2] iter=14,time(ms)=0.035,rebound.
[ego_planner_node-2] iter=6,time(ms)=0.016,rebound.
[ego_planner_node-2] iter=7,time(ms)=0.029,rebound.
[ego_planner_node-2] [32miter(+1)=40,time(ms)=0.088, collided, keep optimizing
[ego_planner_node-2] [0m[32miter(+1)=20,time(ms)=0.039, collided, keep optimizing
[ego_planner_node-2] [0m[32miter(+1)=75,time(ms)=0.185, collided, keep optimizing
[ego_planner_node-2] [0mtraj 2 failed.
[ego_planner_node-2] plan_success=0
[ego_planner_node-2] refine_success=0
[ego_planner_node-2] [WARN] [1773688159.768934555] [distinctiveTrajs]: Can't find the new base points at the opposite within the threshold. i=1, j=0
[ego_planner_node-2] [47;30m
[ego_planner_node-2] [drone 0 replan 57]==============================================[0m
[ego_planner_node-2] [1;33mmulti-trajs=2[1;0m
[ego_planner_node-2] iter=15,time(ms)=0.21,rebound.
[ego_planner_node-2] iter=15,time(ms)=0.039,rebound.
[ego_planner_node-2] iter=16,time(ms)=0.036,rebound.
[ego_planner_node-2] [32miter(+1)=38,time(ms)=0.083, collided, keep optimizing
[ego_planner_node-2] [0m[32miter(+1)=37,time(ms)=0.087, collided, keep optimizing
[ego_planner_node-2] [0m[32miter(+1)=45,time(ms)=0.112, collided, keep optimizing
[ego_planner_node-2] [0mtraj 1 failed.
[ego_planner_node-2] iter=13,time(ms)=0.031,rebound.
[ego_planner_node-2] iter=13,time(ms)=0.28,rebound.
[ego_planner_node-2] iter=15,time(ms)=0.033,rebound.
[ego_planner_node-2] iter=5,time(ms)=0.017,rebound.
[ego_planner_node-2] iter=22,time(ms)=0.17,rebound.
[ego_planner_node-2] [32miter(+1)=47,time(ms)=0.114, collided, keep optimizing
[ego_planner_node-2] [0m[32miter(+1)=42,time(ms)=0.108, collided, keep optimizing
[ego_planner_node-2] [0miter=44,time(ms)=0.12,rebound.
[ego_planner_node-2] [32miter(+1)=21,time(ms)=0.052, collided, keep optimizing
[ego_planner_node-2] [0mtraj 2 failed.
[ego_planner_node-2] plan_success=0
[ego_planner_node-2] refine_success=0
[ego_planner_node-2] [FSM]: from REPLAN_TRAJ to REPLAN_TRAJ
[ego_planner_node-2] [47;30m
[ego_planner_node-2] [drone 0 replan 58]==============================================[0m
[ego_planner_node-2] [1;33mmulti-trajs=1[1;0m
[ego_planner_node-2] iter=5,time(ms)=0.025,rebound.
[ego_planner_node-2] iter=7,time(ms)=0.025,rebound.
[ego_planner_node-2] iter=9,time(ms)=0.043,rebound.
[ego_planner_node-2] iter=8,time(ms)=0.028,rebound.
[ego_planner_node-2] [32miter(+1)=10,time(ms)=0.017, collided, keep optimizing
[ego_planner_node-2] [0miter=21,time(ms)=0.052,rebound.
[ego_planner_node-2] [32miter(+1)=13,time(ms)=0.023, collided, keep optimizing
[ego_planner_node-2] [0m[32miter(+1)=15,time(ms)=0.029,total_t(ms)=0.273,cost=3.604
[ego_planner_node-2] [0mtraj 1 success.
[ego_planner_node-2] plan_success=1
[ego_planner_node-2] total time:[42m0.00034[0m,optimize:0.00034,refine:1.3e-06,avg_time=0.0024
[ego_planner_node-2] refine_success=1
[ego_planner_node-2] [FSM]: from REPLAN_TRAJ to EXEC_TRAJ
[ego_planner_node-2] [47;30m
[ego_planner_node-2] [drone 0 replan 59]==============================================[0m
[ego_planner_node-2] [1;33mmulti-trajs=1[1;0m
[ego_planner_node-2] [32miter(+1)=19,time(ms)=0.044, collided, keep optimizing
[ego_planner_node-2] [0miter=6,time(ms)=0.039,rebound.
[ego_planner_node-2] iter=21,time(ms)=0.078,rebound.
[ego_planner_node-2] [32miter(+1)=16,time(ms)=0.038, collided, keep optimizing
[ego_planner_node-2] [0m[32miter(+1)=22,time(ms)=0.059, collided, keep optimizing
[ego_planner_node-2] [0mtraj 1 failed.
[ego_planner_node-2] plan_success=0
[ego_planner_node-2] refine_success=0
[ego_planner_node-2] [WARN] [1773688159.793193886] [distinctiveTrajs]: base_point and control point are too close!
[ego_planner_node-2] [47;30m
[ego_planner_node-2] [drone 0 replan 60]==============================================[0m
[ego_planner_node-2] base_point=    9 -0.72  0.95 control point=    9 -0.68  0.94
[ego_planner_node-2] [1;33mmulti-trajs=2[1;0m
[ego_planner_node-2] iter=14,time(ms)=0.91,rebound.
[ego_planner_node-2] iter=39,time(ms)=0.14,rebound.
[ego_planner_node-2] iter=85,time(ms)=0.24,rebound.
[ego_planner_node-2] [32miter(+1)=33,time(ms)=0.072, collided, keep optimizing
[ego_planner_node-2] [0m[32miter(+1)=60,time(ms)=0.155, collided, keep optimizing
[ego_planner_node-2] [0m[32miter(+1)=73,time(ms)=0.206, collided, keep optimizing
[ego_planner_node-2] [0mtraj 1 failed.
[ego_planner_node-2] iter=14,time(ms)=0.044,rebound.
[ego_planner_node-2] iter=8,time(ms)=0.033,rebound.
[ego_planner_node-2] [32miter(+1)=51,time(ms)=0.115, collided, keep optimizing
[ego_planner_node-2] [0miter=40,time(ms)=0.11,rebound.
[ego_planner_node-2] [32miter(+1)=30,time(ms)=0.064, collided, keep optimizing
[ego_planner_node-2] [0m[32miter(+1)=48,time(ms)=0.113,total_t(ms)=0.527,cost=4.617
[ego_planner_node-2] [0mtraj 2 success.
[ego_planner_node-2] plan_success=1
[ego_planner_node-2] Need to reallocate time.
[ego_planner_node-2] [34mThis refined trajectory hits obstacles. It doesn't matter if appeares occasionally. But if continously appearing, Increase parameter "lambda_fitness".
[ego_planner_node-2] [0mrefine_success=0
[ego_planner_node-2] [WARN] [1773688159.795898606] [distinctiveTrajs]: base_point and control point are too close!
[ego_planner_node-2] [47;30m
[ego_planner_node-2] [drone 0 replan 61]==============================================[0m
[ego_planner_node-2] base_point=  11  0.4 0.92 control point=  11 0.34 0.91
[ego_planner_node-2] [1;33mmulti-trajs=1[1;0m
[ego_planner_node-2] iter=12,time(ms)=0.13,rebound.
[ego_planner_node-2] iter=39,time(ms)=0.091,rebound.
[ego_planner_node-2] [32miter(+1)=25,time(ms)=0.049, collided, keep optimizing
[ego_planner_node-2] [0miter=9,time(ms)=0.022,rebound.
[ego_planner_node-2] iter=12,time(ms)=0.027,rebound.
[ego_planner_node-2] iter=18,time(ms)=0.045,rebound.
[ego_planner_node-2] iter=12,time(ms)=0.028,rebound.
[ego_planner_node-2] [32miter(+1)=56,time(ms)=0.142, collided, keep optimizing
[ego_planner_node-2] [0m[32miter(+1)=58,time(ms)=0.151, collided, keep optimizing
[ego_planner_node-2] [0mtraj 1 failed.
[ego_planner_node-2] plan_success=0
[ego_planner_node-2] refine_success=0
[ego_planner_node-2] [SAFETY]: from EXEC_TRAJ to REPLAN_TRAJ
[ego_planner_node-2] [WARN] [1773688159.796835373] [drone_0_ego_planner_node]: current traj in collision, replan.
[ego_planner_node-2] [47;30m
[ego_planner_node-2] [drone 0 replan 62]==============================================[0m
[ego_planner_node-2] [1;33mmulti-trajs=1[1;0m
[ego_planner_node-2] [32miter(+1)=13,time(ms)=0.028, collided, keep optimizing
[ego_planner_node-2] [0m[32miter(+1)=1,time(ms)=0.003, collided, keep optimizing
[ego_planner_node-2] [0m[32miter(+1)=1,time(ms)=0.003, collided, keep optimizing
[ego_planner_node-2] [0mtraj 1 failed.
[ego_planner_node-2] plan_success=0
[ego_planner_node-2] refine_success=0
[ego_planner_node-2] [WARN] [1773688159.802072505] [distinctiveTrajs]: base_point and control point are too close!
[ego_planner_node-2] [47;30m
[ego_planner_node-2] [drone 0 replan 63]==============================================[0m
[ego_planner_node-2] base_point=    9 -0.61  0.95 control point=    9 -0.68  0.94
[ego_planner_node-2] [1;33mmulti-trajs=2[1;0m
[ego_planner_node-2] iter=14,time(ms)=0.75,rebound.
[ego_planner_node-2] iter=14,time(ms)=0.031,rebound.
[ego_planner_node-2] iter=18,time(ms)=0.039,rebound.
[ego_planner_node-2] iter=26,time(ms)=0.081,rebound.
[ego_planner_node-2] iter=11,time(ms)=0.028,rebound.
[ego_planner_node-2] [32miter(+1)=71,time(ms)=0.162, collided, keep optimizing
[ego_planner_node-2] [0m[32miter(+1)=60,time(ms)=0.140, collided, keep optimizing
[ego_planner_node-2] [0miter=64,time(ms)=0.15,rebound.
[ego_planner_node-2] [32miter(+1)=41,time(ms)=0.096, collided, keep optimizing
[ego_planner_node-2] [0mtraj 1 failed.
[ego_planner_node-2] iter=13,time(ms)=0.044,rebound.
[ego_planner_node-2] iter=5,time(ms)=0.17,rebound.
[ego_planner_node-2] iter=49,time(ms)=0.12,rebound.
[ego_planner_node-2] [32miter(+1)=22,time(ms)=0.044, collided, keep optimizing
[ego_planner_node-2] [0m[32miter(+1)=40,time(ms)=0.089, collided, keep optimizing
[ego_planner_node-2] [0m[32miter(+1)=31,time(ms)=0.073, collided, keep optimizing
[ego_planner_node-2] [0mtraj 2 failed.
[ego_planner_node-2] plan_success=0
[ego_planner_node-2] refine_success=0
[ego_planner_node-2] [WARN] [1773688159.805008334] [distinctiveTrajs]: Can't find the new base points at the opposite within the threshold. i=1, j=1
[ego_planner_node-2] [47;30m
[ego_planner_node-2] [drone 0 replan 64]==============================================[0m
[ego_planner_node-2] [1;33mmulti-trajs=2[1;0m
[ego_planner_node-2] iter=18,time(ms)=0.047,rebound.
[ego_planner_node-2] iter=7,time(ms)=0.02,rebound.
[ego_planner_node-2] iter=11,time(ms)=0.025,rebound.
[ego_planner_node-2] iter=13,time(ms)=0.03,rebound.
[ego_planner_node-2] [32miter(+1)=45,time(ms)=0.103, collided, keep optimizing
[ego_planner_node-2] [0m[32miter(+1)=32,time(ms)=0.076, collided, keep optimizing
[ego_planner_node-2] [0miter=42,time(ms)=0.14,rebound.
[ego_planner_node-2] iter=30,time(ms)=0.11,rebound.
[ego_planner_node-2] [ERROR] [1773688159.805779782] [Coord2Index]: Ran out of pool, index=160 46 136, POOL_SIZE=160 160 160
[ego_planner_node-2] [ERROR] [1773688159.805798004] [AstarSearch]: Unable to handle the initial or end point, force return!
[ego_planner_node-2] [ERROR] [1773688159.805801253] [initControlPoints]: a star error, force return!
[ego_planner_node-2] [32miter(+1)=32,time(ms)=0.083, collided, keep optimizing
[ego_planner_node-2] [0mtraj 1 failed.
[ego_planner_node-2] iter=20,time(ms)=0.11,rebound.
[ego_planner_node-2] iter=10,time(ms)=0.023,rebound.
[ego_planner_node-2] iter=21,time(ms)=0.048,rebound.
[ego_planner_node-2] iter=12,time(ms)=0.027,rebound.
[ego_planner_node-2] iter=14,time(ms)=0.56,rebound.
[ego_planner_node-2] [ERROR] [1773688159.806674514] [Coord2Index]: Ran out of pool, index=-1 38 112, POOL_SIZE=160 160 160
[ego_planner_node-2] [ERROR] [1773688159.806680503] [AstarSearch]: Unable to handle the initial or end point, force return!
[ego_planner_node-2] [ERROR] [1773688159.806683046] [initControlPoints]: a star error, force return!
[ego_planner_node-2] [32miter(+1)=34,time(ms)=0.081, collided, keep optimizing
[ego_planner_node-2] [0m[32miter(+1)=44,time(ms)=0.108, collided, keep optimizing
[ego_planner_node-2] [0m[32miter(+1)=39,time(ms)=0.096, collided, keep optimizing
[ego_planner_node-2] [0mtraj 2 failed.
[ego_planner_node-2] plan_success=0
[ego_planner_node-2] refine_success=0
[ego_planner_node-2] [FSM]: from REPLAN_TRAJ to REPLAN_TRAJ
[ego_planner_node-2] [47;30m
[ego_planner_node-2] [drone 0 replan 65]==============================================[0m
[ego_planner_node-2] [1;33mmulti-trajs=1[1;0m
[ego_planner_node-2] [32miter(+1)=13,time(ms)=0.026,total_t(ms)=0.027,cost=0.135
[ego_planner_node-2] [0mtraj 1 success.
[ego_planner_node-2] plan_success=1
[ego_planner_node-2] total time:[42m0.0001[0m,optimize:0.0001,refine:1.3e-06,avg_time=0.0024
[ego_planner_node-2] refine_success=1
[ego_planner_node-2] [FSM]: from REPLAN_TRAJ to EXEC_TRAJ
[ego_planner_node-2] [47;30m
[ego_planner_node-2] [drone 0 replan 66]==============================================[0m
[ego_planner_node-2] [1;33mmulti-trajs=1[1;0m
[ego_planner_node-2] [32miter(+1)=15,time(ms)=0.055, collided, keep optimizing
[ego_planner_node-2] [0miter=7,time(ms)=0.039,rebound.
[ego_planner_node-2] iter=5,time(ms)=0.027,rebound.
[ego_planner_node-2] iter=6,time(ms)=0.032,rebound.
[ego_planner_node-2] [32miter(+1)=10,time(ms)=0.029, collided, keep optimizing
[ego_planner_node-2] [0m[32miter(+1)=20,time(ms)=0.076, collided, keep optimizing
[ego_planner_node-2] [0mtraj 1 failed.
[ego_planner_node-2] plan_success=0
[ego_planner_node-2] refine_success=0
[ego_planner_node-2] [WARN] [1773688159.843311063] [distinctiveTrajs]: base_point and control point are too close!
[ego_planner_node-2] [47;30m
[ego_planner_node-2] [drone 0 replan 67]==============================================[0m
[ego_planner_node-2] base_point=  8.9 -0.69  0.96 control point=  8.9 -0.66  0.95
[ego_planner_node-2] [1;33mmulti-trajs=2[1;0m
[ego_planner_node-2] iter=15,time(ms)=1.8,rebound.
[ego_planner_node-2] iter=45,time(ms)=0.4,rebound.
[ego_planner_node-2] iter=20,time(ms)=0.097,rebound.
[ego_planner_node-2] iter=44,time(ms)=0.21,rebound.
[ego_planner_node-2] [32miter(+1)=36,time(ms)=0.097, collided, keep optimizing
[ego_planner_node-2] [0m[32miter(+1)=35,time(ms)=0.097, collided, keep optimizing
[ego_planner_node-2] [0m[32miter(+1)=22,time(ms)=0.056, collided, keep optimizing
[ego_planner_node-2] [0mtraj 1 failed.
[ego_planner_node-2] iter=14,time(ms)=0.051,rebound.
[ego_planner_node-2] [32miter(+1)=44,time(ms)=0.106, collided, keep optimizing
[ego_planner_node-2] [0m[32miter(+1)=45,time(ms)=0.115, collided, keep optimizing
[ego_planner_node-2] [0miter=14,time(ms)=0.036,rebound.
[ego_planner_node-2] iter=33,time(ms)=0.092,rebound.
[ego_planner_node-2] [32miter(+1)=20,time(ms)=0.044,total_t(ms)=0.489,cost=5.683
[ego_planner_node-2] [0mtraj 2 success.
[ego_planner_node-2] plan_success=1
[ego_planner_node-2] Need to reallocate time.
[ego_planner_node-2] total time:[42m0.004[0m,optimize:0.0038,refine:0.00013,avg_time=0.0024
[ego_planner_node-2] refine_success=1
[ego_planner_node-2] [SAFETY]: from EXEC_TRAJ to EXEC_TRAJ
[ego_planner_node-2] [47;30m
[ego_planner_node-2] [drone 0 replan 68]==============================================[0m
[ego_planner_node-2] [1;33mmulti-trajs=1[1;0m
[ego_planner_node-2] iter=13,time(ms)=0.12,rebound.
[ego_planner_node-2] iter=9,time(ms)=0.11,rebound.
[ego_planner_node-2] iter=15,time(ms)=0.12,rebound.
[ego_planner_node-2] iter=20,time(ms)=0.17,rebound.
[ego_planner_node-2] [32miter(+1)=14,time(ms)=0.087, collided, keep optimizing
[ego_planner_node-2] [0miter=16,time(ms)=0.17,rebound.
[ego_planner_node-2] iter=5,time(ms)=0.21,rebound.
[ego_planner_node-2] [32miter(+1)=22,time(ms)=0.149, collided, keep optimizing
[ego_planner_node-2] [0miter=6,time(ms)=0.071,rebound.
[ego_planner_node-2] iter=5,time(ms)=0.061,rebound.
[ego_planner_node-2] [32miter(+1)=14,time(ms)=0.095, collided, keep optimizing
[ego_planner_node-2] [0mtraj 1 failed.
[ego_planner_node-2] plan_success=0
[ego_planner_node-2] refine_success=0
[ego_planner_node-2] [47;30m
[ego_planner_node-2] [drone 0 replan 69]==============================================[0m
[ego_planner_node-2] [1;33mmulti-trajs=2[1;0m
[ego_planner_node-2] iter=21,time(ms)=3.2,rebound.
[ego_planner_node-2] iter=17,time(ms)=0.079,rebound.
[ego_planner_node-2] [ERROR] [1773688159.901654774] [Coord2Index]: Ran out of pool, index=160 113 140, POOL_SIZE=160 160 160
[ego_planner_node-2] [ERROR] [1773688159.901691821] [AstarSearch]: Unable to handle the initial or end point, force return!
[ego_planner_node-2] [ERROR] [1773688159.901697349] [initControlPoints]: a star error, force return!
[ego_planner_node-2] [32miter(+1)=24,time(ms)=0.091, collided, keep optimizing
[ego_planner_node-2] [0m[32miter(+1)=71,time(ms)=0.269, collided, keep optimizing
[ego_planner_node-2] [0m[32miter(+1)=47,time(ms)=0.181, collided, keep optimizing
[ego_planner_node-2] [0mtraj 1 failed.
[ego_planner_node-2] iter=12,time(ms)=0.15,rebound.
[ego_planner_node-2] iter=12,time(ms)=0.042,rebound.
[ego_planner_node-2] iter=17,time(ms)=0.056,rebound.
[ego_planner_node-2] [32miter(+1)=23,time(ms)=0.066, collided, keep optimizing
[ego_planner_node-2] [0m[32miter(+1)=34,time(ms)=0.101, collided, keep optimizing
[ego_planner_node-2] [0m[32miter(+1)=36,time(ms)=0.106, collided, keep optimizing
[ego_planner_node-2] [0mtraj 2 failed.
[ego_planner_node-2] plan_success=0
[ego_planner_node-2] refine_success=0
[ego_planner_node-2] [WARN] [1773688159.902554714] [distinctiveTrajs]: Can't find the new base points at the opposite within the threshold. i=1, j=0
[ego_planner_node-2] [47;30m
[ego_planner_node-2] [drone 0 replan 70]==============================================[0m
[ego_planner_node-2] [1;33mmulti-trajs=2[1;0m
[ego_planner_node-2] iter=17,time(ms)=0.044,rebound.
[ego_planner_node-2] iter=14,time(ms)=0.04,rebound.
[ego_planner_node-2] iter=12,time(ms)=0.036,rebound.
[ego_planner_node-2] [32miter(+1)=45,time(ms)=0.127, collided, keep optimizing
[ego_planner_node-2] [0m[32miter(+1)=34,time(ms)=0.094, collided, keep optimizing
[ego_planner_node-2] [0m[32miter(+1)=67,time(ms)=0.169, collided, keep optimizing
[ego_planner_node-2] [0mtraj 1 failed.
[ego_planner_node-2] iter=14,time(ms)=0.064,rebound.
[ego_planner_node-2] iter=16,time(ms)=0.12,rebound.
[ego_planner_node-2] iter=30,time(ms)=0.071,rebound.
[ego_planner_node-2] iter=47,time(ms)=0.11,rebound.
[ego_planner_node-2] [32miter(+1)=38,time(ms)=0.085, collided, keep optimizing
[ego_planner_node-2] [0m[32miter(+1)=31,time(ms)=0.070, collided, keep optimizing
[ego_planner_node-2] [0miter=30,time(ms)=0.077,rebound.
[ego_planner_node-2] [32miter(+1)=30,time(ms)=0.072, collided, keep optimizing
[ego_planner_node-2] [0mtraj 2 failed.
[ego_planner_node-2] plan_success=0
[ego_planner_node-2] refine_success=0
[ego_planner_node-2] [SAFETY]: from EXEC_TRAJ to REPLAN_TRAJ
[ego_planner_node-2] [47;30m
[ego_planner_node-2] [drone 0 replan 71]==============================================[0m
[ego_planner_node-2] [1;33mmulti-trajs=1[1;0m
[ego_planner_node-2] iter=12,time(ms)=0.026,rebound.
[ego_planner_node-2] [WARN] [1773688159.904494646] [drone_0_ego_planner_node]: current traj in collision, replan.
[ego_planner_node-2] iter=6,time(ms)=0.016,rebound.
[ego_planner_node-2] iter=9,time(ms)=0.02,rebound.
[ego_planner_node-2] iter=7,time(ms)=0.016,rebound.
[ego_planner_node-2] iter=13,time(ms)=0.027,rebound.
[ego_planner_node-2] [32miter(+1)=10,time(ms)=0.015, collided, keep optimizing
[ego_planner_node-2] [0miter=13,time(ms)=0.029,rebound.
[ego_planner_node-2] iter=5,time(ms)=0.014,rebound.
[ego_planner_node-2] iter=13,time(ms)=0.041,rebound.
[ego_planner_node-2] [ERROR] [1773688159.904772356] [Coord2Index]: Ran out of pool, index=-1 89 136, POOL_SIZE=160 160 160
[ego_planner_node-2] [ERROR] [1773688159.904779895] [AstarSearch]: Unable to handle the initial or end point, force return!
[ego_planner_node-2] [ERROR] [1773688159.904783325] [check_collision_and_rebound]: a star error
[ego_planner_node-2] [ERROR] [1773688159.904798290] [Coord2Index]: Ran out of pool, index=-1 88 134, POOL_SIZE=160 160 160
[ego_planner_node-2] [ERROR] [1773688159.904801079] [AstarSearch]: Unable to handle the initial or end point, force return!
[ego_planner_node-2] [ERROR] [1773688159.904803249] [check_collision_and_rebound]: a star error
[ego_planner_node-2] [ERROR] [1773688159.904820874] [Coord2Index]: Ran out of pool, index=-1 88 134, POOL_SIZE=160 160 160
[ego_planner_node-2] [ERROR] [1773688159.904824266] [AstarSearch]: Unable to handle the initial or end point, force return!
[ego_planner_node-2] [ERROR] [1773688159.904826779] [initControlPoints]: a star error, force return!
[ego_planner_node-2] [32miter(+1)=5,time(ms)=0.019, collided, keep optimizing
[ego_planner_node-2] [0miter=5,time(ms)=0.08,rebound.
[ego_planner_node-2] iter=14,time(ms)=0.034,rebound.
[ego_planner_node-2] iter=14,time(ms)=0.033,rebound.
[ego_planner_node-2] [32miter(+1)=11,time(ms)=0.024, collided, keep optimizing
[ego_planner_node-2] [0mtraj 1 failed.
[ego_planner_node-2] plan_success=0
[ego_planner_node-2] refine_success=0
[ego_planner_node-2] [47;30m
[ego_planner_node-2] [drone 0 replan 72]==============================================[0m
[ego_planner_node-2] i=0 RichInfoSegs.size()=2
[ego_planner_node-2] RichInfoSegs[i].first.size=1
[ego_planner_node-2] RichInfoSegs[i].first.direction.size()=1
[ego_planner_node-2] RichInfoSegs[i].first.direction[0].size()=1
[ego_planner_node-2] RichInfoSegs[i].first.points.cols()=1
[ego_planner_node-2] RichInfoSegs[i].first.base_point.size()=1
[ego_planner_node-2] RichInfoSegs[i].first.base_point[0].size()=1
[ego_planner_node-2] base_point=  8.6 -0.69   1.1 control point=  8.6 -0.69   1.1
[ego_planner_node-2] [1;33mmulti-trajs=1[1;0m
[ego_planner_node-2] [WARN] [1773688159.905447409] [distinctiveTrajs]: base_point and control point are too close!, 2
[ego_planner_node-2] [WARN] [1773688159.905462471] [distinctiveTrajs]: Can't find the new base points at the opposite within the threshold. i=0, j=3
[ego_planner_node-2] iter=5,time(ms)=0.47,rebound.
[ego_planner_node-2] iter=11,time(ms)=0.053,rebound.
[ego_planner_node-2] iter=13,time(ms)=0.051,rebound.
[ego_planner_node-2] iter=18,time(ms)=0.043,rebound.
[ego_planner_node-2] iter=35,time(ms)=0.085,rebound.
[ego_planner_node-2] [32miter(+1)=15,time(ms)=0.029, collided, keep optimizing
[ego_planner_node-2] [0miter=20,time(ms)=0.051,rebound.
[ego_planner_node-2] [32miter(+1)=18,time(ms)=0.038, collided, keep optimizing
[ego_planner_node-2] [0miter=5,time(ms)=0.015,rebound.
[ego_planner_node-2] [32miter(+1)=22,time(ms)=0.051, collided, keep optimizing
[ego_planner_node-2] [0mtraj 1 failed.
[ego_planner_node-2] plan_success=0
[ego_planner_node-2] refine_success=0
[ego_planner_node-2] [47;30m
[ego_planner_node-2] [drone 0 replan 73]==============================================[0m
[ego_planner_node-2] [1;33mmulti-trajs=8[1;0m
[ego_planner_node-2] iter=7,time(ms)=0.44,rebound.
[ego_planner_node-2] iter=10,time(ms)=0.023,rebound.
[ego_planner_node-2] iter=10,time(ms)=0.028,rebound.
[ego_planner_node-2] iter=21,time(ms)=0.049,rebound.
[ego_planner_node-2] iter=50,time(ms)=1.3,rebound.
[ego_planner_node-2] iter=34,time(ms)=0.37,rebound.
[ego_planner_node-2] [32miter(+1)=26,time(ms)=0.059, collided, keep optimizing
[ego_planner_node-2] [0m[32miter(+1)=60,time(ms)=0.149, collided, keep optimizing
[ego_planner_node-2] [0m[32miter(+1)=67,time(ms)=0.174, collided, keep optimizing
[ego_planner_node-2] [0mtraj 1 failed.
[ego_planner_node-2] iter=9,time(ms)=0.43,rebound.
[ego_planner_node-2] iter=13,time(ms)=0.029,rebound.
[ego_planner_node-2] iter=23,time(ms)=0.44,rebound.
[ego_planner_node-2] [32miter(+1)=40,time(ms)=0.090, collided, keep optimizing
[ego_planner_node-2] [0m[32miter(+1)=37,time(ms)=0.088, collided, keep optimizing
[ego_planner_node-2] [0m[32miter(+1)=47,time(ms)=0.118, collided, keep optimizing
[ego_planner_node-2] [0mtraj 2 failed.
[ego_planner_node-2] iter=5,time(ms)=0.34,rebound.
[ego_planner_node-2] iter=12,time(ms)=0.03,rebound.
[ego_planner_node-2] iter=8,time(ms)=0.09,rebound.
[ego_planner_node-2] iter=13,time(ms)=0.21,rebound.
[ego_planner_node-2] iter=28,time(ms)=0.077,rebound.
[ego_planner_node-2] iter=44,time(ms)=0.38,rebound.
[ego_planner_node-2] iter=48,time(ms)=0.13,rebound.
[ego_planner_node-2] [32miter(+1)=64,time(ms)=0.156, collided, keep optimizing
[ego_planner_node-2] [0miter=42,time(ms)=0.16,rebound.
[ego_planner_node-2] [32miter(+1)=44,time(ms)=0.113, collided, keep optimizing
[ego_planner_node-2] [0m[32miter(+1)=71,time(ms)=0.193, collided, keep optimizing
[ego_planner_node-2] [0mtraj 3 failed.
[ego_planner_node-2] iter=7,time(ms)=0.43,rebound.
[ego_planner_node-2] iter=15,time(ms)=0.03,rebound.
[ego_planner_node-2] iter=7,time(ms)=0.019,rebound.
[ego_planner_node-2] iter=17,time(ms)=0.094,rebound.
[ego_planner_node-2] iter=13,time(ms)=0.068,rebound.
[ego_planner_node-2] iter=39,time(ms)=0.19,rebound.
[ego_planner_node-2] [32miter(+1)=28,time(ms)=0.063, collided, keep optimizing
[ego_planner_node-2] [0miter=56,time(ms)=0.16,rebound.
[ego_planner_node-2] [32miter(+1)=34,time(ms)=0.081, collided, keep optimizing
[ego_planner_node-2] [0m[32miter(+1)=30,time(ms)=0.079, collided, keep optimizing
[ego_planner_node-2] [0mtraj 4 failed.
[ego_planner_node-2] iter=13,time(ms)=0.025,rebound.
[ego_planner_node-2] iter=10,time(ms)=0.033,rebound.
[ego_planner_node-2] iter=18,time(ms)=0.046,rebound.
[ego_planner_node-2] iter=19,time(ms)=0.043,rebound.
[ego_planner_node-2] iter=34,time(ms)=0.085,rebound.
[ego_planner_node-2] iter=18,time(ms)=0.049,rebound.
[ego_planner_node-2] [32miter(+1)=27,time(ms)=0.059, collided, keep optimizing
[ego_planner_node-2] [0m[32miter(+1)=36,time(ms)=0.086, collided, keep optimizing
[ego_planner_node-2] [0m[32miter(+1)=20,time(ms)=0.045, collided, keep optimizing
[ego_planner_node-2] [0mtraj 5 failed.
[ego_planner_node-2] iter=15,time(ms)=0.21,rebound.
[ego_planner_node-2] iter=45,time(ms)=0.11,rebound.
[ego_planner_node-2] [32miter(+1)=19,time(ms)=0.036, collided, keep optimizing
[ego_planner_node-2] [0miter=24,time(ms)=0.056,rebound.
[ego_planner_node-2] iter=44,time(ms)=0.11,rebound.
[ego_planner_node-2] iter=5,time(ms)=0.02,rebound.
[ego_planner_node-2] [32miter(+1)=26,time(ms)=0.057, collided, keep optimizing
[ego_planner_node-2] [0m[32miter(+1)=23,time(ms)=0.051,total_t(ms)=0.678,cost=3.717
[ego_planner_node-2] [0mtraj 6 success.
[ego_planner_node-2] iter=6,time(ms)=0.24,rebound.
[ego_planner_node-2] iter=10,time(ms)=0.024,rebound.
[ego_planner_node-2] iter=13,time(ms)=0.089,rebound.
[ego_planner_node-2] iter=44,time(ms)=0.48,rebound.
[ego_planner_node-2] [32miter(+1)=94,time(ms)=0.230, collided, keep optimizing
[ego_planner_node-2] [0m[32miter(+1)=114,time(ms)=0.282, collided, keep optimizing
[ego_planner_node-2] [0miter=25,time(ms)=0.072,rebound.
[ego_planner_node-2] [32miter(+1)=35,time(ms)=0.083, collided, keep optimizing
[ego_planner_node-2] [0mtraj 7 failed.
[ego_planner_node-2] iter=7,time(ms)=0.24,rebound.
[ego_planner_node-2] iter=15,time(ms)=0.031,rebound.
[ego_planner_node-2] iter=5,time(ms)=0.019,rebound.
[ego_planner_node-2] iter=16,time(ms)=0.035,rebound.
[ego_planner_node-2] [32miter(+1)=58,time(ms)=0.140, collided, keep optimizing
[ego_planner_node-2] [0m[32miter(+1)=33,time(ms)=0.077, collided, keep optimizing
[ego_planner_node-2] [0m[32miter(+1)=27,time(ms)=0.060, collided, keep optimizing
[ego_planner_node-2] [0mtraj 8 failed.
[ego_planner_node-2] plan_success=1
[ego_planner_node-2] total time:[42m0.013[0m,optimize:0.013,refine:1.5e-06,avg_time=0.0027
[ego_planner_node-2] refine_success=1
[ego_planner_node-2] [FSM]: from REPLAN_TRAJ to EXEC_TRAJ
[ego_planner_node-2] [47;30m
[ego_planner_node-2] [drone 0 replan 74]==============================================[0m
[ego_planner_node-2] [1;33mmulti-trajs=1[1;0m
[ego_planner_node-2] iter=11,time(ms)=0.042,rebound.
[ego_planner_node-2] iter=8,time(ms)=0.024,rebound.
[ego_planner_node-2] iter=9,time(ms)=0.041,rebound.
[ego_planner_node-2] [32miter(+1)=10,time(ms)=0.021, collided, keep optimizing
[ego_planner_node-2] [0miter=11,time(ms)=0.031,rebound.
[ego_planner_node-2] iter=7,time(ms)=0.028,rebound.
[ego_planner_node-2] [32miter(+1)=10,time(ms)=0.020,total_t(ms)=0.230,cost=2.123
[ego_planner_node-2] [0mtraj 1 success.
[ego_planner_node-2] plan_success=1
[ego_planner_node-2] total time:[42m0.00032[0m,optimize:0.00032,refine:1.6e-06,avg_time=0.0026
[ego_planner_node-2] refine_success=1
[ego_planner_node-2] [SAFETY]: from EXEC_TRAJ to EXEC_TRAJ
[ego_planner_node-2] [47;30m
[ego_planner_node-2] [drone 0 replan 75]==============================================[0m
[ego_planner_node-2] [1;33mmulti-trajs=1[1;0m
[ego_planner_node-2] iter=11,time(ms)=0.14,rebound.
[ego_planner_node-2] iter=7,time(ms)=0.24,rebound.
[ego_planner_node-2] [32miter(+1)=10,time(ms)=0.084, collided, keep optimizing
[ego_planner_node-2] [0miter=6,time(ms)=0.068,rebound.
[ego_planner_node-2] iter=5,time(ms)=0.057,rebound.
[ego_planner_node-2] [32miter(+1)=6,time(ms)=0.037, collided, keep optimizing
[ego_planner_node-2] [0m[32miter(+1)=5,time(ms)=0.033, collided, keep optimizing
[ego_planner_node-2] [0mtraj 1 failed.
[ego_planner_node-2] plan_success=0
[ego_planner_node-2] refine_success=0
[ego_planner_node-2] [WARN] [1773688159.995198146] [distinctiveTrajs]: Can't find the new base points at the opposite within the threshold. i=0, j=2
[ego_planner_node-2] [WARN] [1773688159.995253531] [distinctiveTrajs]: Can't find the new base points at the opposite within the threshold. i=0, j=0
[ego_planner_node-2] [47;30m
[ego_planner_node-2] [drone 0 replan 76]==============================================[0m
[ego_planner_node-2] [1;33mmulti-trajs=1[1;0m
[ego_planner_node-2] iter=14,time(ms)=0.16,rebound.
[ego_planner_node-2] iter=17,time(ms)=0.23,rebound.
[ego_planner_node-2] [32miter(+1)=29,time(ms)=0.327, collided, keep optimizing
[ego_planner_node-2] [0m[32miter(+1)=43,time(ms)=0.594, collided, keep optimizing
[ego_planner_node-2] [0miter=55,time(ms)=0.47,rebound.
[ego_planner_node-2] [32miter(+1)=29,time(ms)=0.220,total_t(ms)=2.266,cost=4.362
[ego_planner_node-2] [0mtraj 1 success.
[ego_planner_node-2] plan_success=1
[ego_planner_node-2] Need to reallocate time.
[ego_planner_node-2] [34mThis refined trajectory hits obstacles. It doesn't matter if appeares occasionally. But if continously appearing, Increase parameter "lambda_fitness".
[ego_planner_node-2] [0mrefine_success=0
[ego_planner_node-2] [WARN] [1773688160.000395678] [distinctiveTrajs]: Can't find the new base points at the opposite within the threshold. i=1, j=0
[ego_planner_node-2] [47;30m
[ego_planner_node-2] [drone 0 replan 77]==============================================[0m
[ego_planner_node-2] [1;33mmulti-trajs=2[1;0m
[ego_planner_node-2] iter=13,time(ms)=1.5,rebound.
[ego_planner_node-2] iter=15,time(ms)=0.12,rebound.
[ego_planner_node-2] iter=17,time(ms)=0.099,rebound.
[ego_planner_node-2] iter=17,time(ms)=0.12,rebound.
[ego_planner_node-2] [32miter(+1)=17,time(ms)=0.078, collided, keep optimizing
[ego_planner_node-2] [0m[32miter(+1)=36,time(ms)=0.190, collided, keep optimizing
[ego_planner_node-2] [0m[32miter(+1)=18,time(ms)=0.087, collided, keep optimizing
[ego_planner_node-2] [0mtraj 1 failed.
[ego_planner_node-2] iter=13,time(ms)=0.92,rebound.
[ego_planner_node-2] iter=11,time(ms)=0.074,rebound.
[ego_planner_node-2] iter=14,time(ms)=0.077,rebound.
[ego_planner_node-2] iter=14,time(ms)=0.059,rebound.
[ego_planner_node-2] [32miter(+1)=34,time(ms)=0.142, collided, keep optimizing
[ego_planner_node-2] [0miter=12,time(ms)=0.052,rebound.
[ego_planner_node-2] [32miter(+1)=23,time(ms)=0.093, collided, keep optimizing
[ego_planner_node-2] [0m[32miter(+1)=30,time(ms)=0.143, collided, keep optimizing
[ego_planner_node-2] [0mtraj 2 failed.
[ego_planner_node-2] plan_success=0
[ego_planner_node-2] refine_success=0
[ego_planner_node-2] [SAFETY]: from EXEC_TRAJ to REPLAN_TRAJ
[ego_planner_node-2] [WARN] [1773688160.004700060] [drone_0_ego_planner_node]: current traj in collision, replan.
[ego_planner_node-2] [47;30m
[ego_planner_node-2] [drone 0 replan 78]==============================================[0m
[ego_planner_node-2] [1;33mmulti-trajs=1[1;0m
[ego_planner_node-2] iter=13,time(ms)=0.055,rebound.
[ego_planner_node-2] iter=7,time(ms)=0.054,rebound.
[ego_planner_node-2] [32miter(+1)=11,time(ms)=0.034, collided, keep optimizing
[ego_planner_node-2] [0miter=7,time(ms)=0.035,rebound.
[ego_planner_node-2] iter=11,time(ms)=0.047,rebound.
[ego_planner_node-2] iter=6,time(ms)=0.032,rebound.
[ego_planner_node-2] iter=16,time(ms)=0.12,rebound.
[ego_planner_node-2] iter=7,time(ms)=0.037,rebound.
[ego_planner_node-2] iter=14,time(ms)=0.058,rebound.
[ego_planner_node-2] [32miter(+1)=13,time(ms)=0.047, collided, keep optimizing
[ego_planner_node-2] [0miter=18,time(ms)=0.11,rebound.
[ego_planner_node-2] [32miter(+1)=15,time(ms)=0.060, collided, keep optimizing
[ego_planner_node-2] [0mtraj 1 failed.
[ego_planner_node-2] plan_success=0
[ego_planner_node-2] refine_success=0
[ego_planner_node-2] [WARN] [1773688160.007572453] [distinctiveTrajs]: Can't find the new base points at the opposite within the threshold. i=0, j=4
[ego_planner_node-2] [47;30m
[ego_planner_node-2] [drone 0 replan 79]==============================================[0m
[ego_planner_node-2] [1;33mmulti-trajs=1[1;0m
[ego_planner_node-2] iter=16,time(ms)=0.14,rebound.
[ego_planner_node-2] iter=5,time(ms)=0.025,rebound.
[ego_planner_node-2] iter=9,time(ms)=0.051,rebound.
[ego_planner_node-2] iter=11,time(ms)=0.25,rebound.
[ego_planner_node-2] iter=29,time(ms)=0.084,rebound.
[ego_planner_node-2] [32miter(+1)=16,time(ms)=0.036, collided, keep optimizing
[ego_planner_node-2] [0m[32miter(+1)=18,time(ms)=0.046,total_t(ms)=0.762,cost=3.468
[ego_planner_node-2] [0mtraj 1 success.
[ego_planner_node-2] plan_success=1
[ego_planner_node-2] total time:[42m0.0027[0m,optimize:0.0027,refine:1.7e-06,avg_time=0.0026
[ego_planner_node-2] refine_success=1
[ego_planner_node-2] [FSM]: from REPLAN_TRAJ to EXEC_TRAJ
[ego_planner_node-2] [47;30m
[ego_planner_node-2] [drone 0 replan 80]==============================================[0m
[ego_planner_node-2] [1;33mmulti-trajs=1[1;0m
[ego_planner_node-2] iter=5,time(ms)=0.11,rebound.
[ego_planner_node-2] iter=7,time(ms)=0.097,rebound.
[ego_planner_node-2] iter=5,time(ms)=0.076,rebound.
[ego_planner_node-2] [32miter(+1)=13,time(ms)=0.095, collided, keep optimizing
[ego_planner_node-2] [0miter=8,time(ms)=0.11,rebound.
[ego_planner_node-2] iter=5,time(ms)=0.22,rebound.
[ego_planner_node-2] iter=5,time(ms)=0.1,rebound.
[ego_planner_node-2] [WARN] [1773688160.043679308] [check_collision_and_rebound]: Failed to generate direction. It doesn't matter.
[ego_planner_node-2] [32miter(+1)=16,time(ms)=0.140, collided, keep optimizing
[ego_planner_node-2] [0miter=16,time(ms)=0.24,rebound.
[ego_planner_node-2] iter=12,time(ms)=0.25,rebound.
[ego_planner_node-2] [32miter(+1)=19,time(ms)=0.187, collided, keep optimizing
[ego_planner_node-2] [0mtraj 1 failed.
[ego_planner_node-2] plan_success=0
[ego_planner_node-2] refine_success=0
[ego_planner_node-2] [WARN] [1773688160.046258286] [distinctiveTrajs]: Can't find the new base points at the opposite within the threshold. i=0, j=2
[ego_planner_node-2] [47;30m
[ego_planner_node-2] [drone 0 replan 81]==============================================[0m
[ego_planner_node-2] [1;33mmulti-trajs=2[1;0m
[ego_planner_node-2] iter=9,time(ms)=0.97,rebound.
[ego_planner_node-2] iter=21,time(ms)=0.18,rebound.
[ego_planner_node-2] iter=12,time(ms)=1,rebound.
[ego_planner_node-2] iter=42,time(ms)=0.29,rebound.
[ego_planner_node-2] iter=14,time(ms)=0.089,rebound.
[ego_planner_node-2] iter=34,time(ms)=0.54,rebound.
[ego_planner_node-2] [ERROR] [1773688160.050351801] [Coord2Index]: Ran out of pool, index=-1 65 109, POOL_SIZE=160 160 160
[ego_planner_node-2] [ERROR] [1773688160.050378999] [AstarSearch]: Unable to handle the initial or end point, force return!
[ego_planner_node-2] [ERROR] [1773688160.050384807] [initControlPoints]: a star error, force return!
[ego_planner_node-2] [32miter(+1)=31,time(ms)=0.171, collided, keep optimizing
[ego_planner_node-2] [0m[32miter(+1)=66,time(ms)=0.390, collided, keep optimizing
[ego_planner_node-2] [0m[32miter(+1)=30,time(ms)=0.157, collided, keep optimizing
[ego_planner_node-2] [0mtraj 1 failed.
[ego_planner_node-2] iter=13,time(ms)=0.58,rebound.
[ego_planner_node-2] [32miter(+1)=45,time(ms)=0.186, collided, keep optimizing
[ego_planner_node-2] [0m[32miter(+1)=26,time(ms)=0.095, collided, keep optimizing
[ego_planner_node-2] [0m[32miter(+1)=23,time(ms)=0.083, collided, keep optimizing
[ego_planner_node-2] [0mtraj 2 failed.
[ego_planner_node-2] plan_success=0
[ego_planner_node-2] refine_success=0
[ego_planner_node-2] [47;30m
[ego_planner_node-2] [drone 0 replan 82]==============================================[0m
[ego_planner_node-2] [1;33mmulti-trajs=4[1;0m
[ego_planner_node-2] iter=6,time(ms)=0.75,rebound.
[ego_planner_node-2] iter=28,time(ms)=0.37,rebound.
[ego_planner_node-2] iter=14,time(ms)=0.061,rebound.
[ego_planner_node-2] iter=14,time(ms)=0.066,rebound.
[ego_planner_node-2] [32miter(+1)=16,time(ms)=0.041, collided, keep optimizing
[ego_planner_node-2] [0m[32miter(+1)=22,time(ms)=0.059, collided, keep optimizing
[ego_planner_node-2] [0m[32miter(+1)=20,time(ms)=0.051, collided, keep optimizing
[ego_planner_node-2] [0mtraj 1 failed.
[ego_planner_node-2] iter=6,time(ms)=0.27,rebound.
[ego_planner_node-2] iter=13,time(ms)=0.11,rebound.
[ego_planner_node-2] iter=17,time(ms)=0.062,rebound.
[ego_planner_node-2] iter=16,time(ms)=0.046,rebound.
[ego_planner_node-2] [32miter(+1)=14,time(ms)=0.032, collided, keep optimizing
[ego_planner_node-2] [0m[32miter(+1)=12,time(ms)=0.028, collided, keep optimizing
[ego_planner_node-2] [0m[32miter(+1)=20,time(ms)=0.046, collided, keep optimizing
[ego_planner_node-2] [0mtraj 2 failed.
[ego_planner_node-2] iter=6,time(ms)=0.23,rebound.
[ego_planner_node-2] iter=12,time(ms)=0.026,rebound.
[ego_planner_node-2] iter=12,time(ms)=0.037,rebound.
[ego_planner_node-2] iter=32,time(ms)=0.2,rebound.
[ego_planner_node-2] iter=13,time(ms)=0.16,rebound.
[ego_planner_node-2] iter=11,time(ms)=0.028,rebound.
[ego_planner_node-2] iter=38,time(ms)=0.1,rebound.
[ego_planner_node-2] [ERROR] [1773688160.055489792] [Coord2Index]: Ran out of pool, index=-1 24 135, POOL_SIZE=160 160 160
[ego_planner_node-2] [ERROR] [1773688160.055498665] [AstarSearch]: Unable to handle the initial or end point, force return!
[ego_planner_node-2] [ERROR] [1773688160.055501549] [initControlPoints]: a star error, force return!
[ego_planner_node-2] [32miter(+1)=31,time(ms)=0.073, collided, keep optimizing
[ego_planner_node-2] [0m[32miter(+1)=43,time(ms)=0.109, collided, keep optimizing
[ego_planner_node-2] [0m[32miter(+1)=41,time(ms)=0.107, collided, keep optimizing
[ego_planner_node-2] [0mtraj 3 failed.
[ego_planner_node-2] iter=6,time(ms)=0.22,rebound.
[ego_planner_node-2] iter=13,time(ms)=0.062,rebound.
[ego_planner_node-2] iter=12,time(ms)=0.041,rebound.
[ego_planner_node-2] iter=12,time(ms)=0.045,rebound.
[ego_planner_node-2] iter=20,time(ms)=0.049,rebound.
[ego_planner_node-2] [32miter(+1)=19,time(ms)=0.041, collided, keep optimizing
[ego_planner_node-2] [0miter=23,time(ms)=0.059,rebound.
[ego_planner_node-2] [ERROR] [1773688160.056199622] [Coord2Index]: Ran out of pool, index=160 59 105, POOL_SIZE=160 160 160
[ego_planner_node-2] [ERROR] [1773688160.056205025] [AstarSearch]: Unable to handle the initial or end point, force return!
[ego_planner_node-2] [ERROR] [1773688160.056207588] [initControlPoints]: a star error, force return!
[ego_planner_node-2] [32miter(+1)=51,time(ms)=0.129, collided, keep optimizing
[ego_planner_node-2] [0miter=36,time(ms)=0.096,rebound.
[ego_planner_node-2] [32miter(+1)=41,time(ms)=0.109, collided, keep optimizing
[ego_planner_node-2] [0mtraj 4 failed.
[ego_planner_node-2] plan_success=0
[ego_planner_node-2] refine_success=0
[ego_planner_node-2] [WARN] [1773688160.056431991] [drone_0_ego_planner_node]: current traj in collision, replan.
[ego_planner_node-2] [SAFETY]: from EXEC_TRAJ to REPLAN_TRAJ
[ego_planner_node-2] [47;30m
[ego_planner_node-2] [drone 0 replan 83]==============================================[0m
[ego_planner_node-2] [1;33mmulti-trajs=2[1;0m
[ego_planner_node-2] iter=12,time(ms)=0.042,rebound.
[ego_planner_node-2] iter=12,time(ms)=0.028,rebound.
[ego_planner_node-2] iter=5,time(ms)=0.07,rebound.
[ego_planner_node-2] iter=14,time(ms)=0.039,rebound.
[ego_planner_node-2] iter=13,time(ms)=0.046,rebound.
[ego_planner_node-2] [ERROR] [1773688160.056819586] [Coord2Index]: Ran out of pool, index=-1 49 87, POOL_SIZE=160 160 160
[ego_planner_node-2] [ERROR] [1773688160.056840564] [AstarSearch]: Unable to handle the initial or end point, force return!
[ego_planner_node-2] [ERROR] [1773688160.056843302] [initControlPoints]: a star error, force return!
[ego_planner_node-2] [ERROR] [1773688160.056870547] [Coord2Index]: Ran out of pool, index=-1 47 91, POOL_SIZE=160 160 160
[ego_planner_node-2] [ERROR] [1773688160.056873497] [AstarSearch]: Unable to handle the initial or end point, force return!
[ego_planner_node-2] [ERROR] [1773688160.056875680] [initControlPoints]: a star error, force return!
[ego_planner_node-2] [32miter(+1)=15,time(ms)=0.026, collided, keep optimizing
[ego_planner_node-2] [0m[32miter(+1)=11,time(ms)=0.022, collided, keep optimizing
[ego_planner_node-2] [0m[32miter(+1)=8,time(ms)=0.014, collided, keep optimizing
[ego_planner_node-2] [0mtraj 1 failed.
[ego_planner_node-2] iter=11,time(ms)=0.085,rebound.
[ego_planner_node-2] iter=8,time(ms)=0.018,rebound.
[ego_planner_node-2] iter=13,time(ms)=0.027,rebound.
[ego_planner_node-2] [32miter(+1)=13,time(ms)=0.022, collided, keep optimizing
[ego_planner_node-2] [0miter=24,time(ms)=0.13,rebound.
[ego_planner_node-2] [32miter(+1)=22,time(ms)=0.047, collided, keep optimizing
[ego_planner_node-2] [0m[32miter(+1)=13,time(ms)=0.026, collided, keep optimizing
[ego_planner_node-2] [0mtraj 2 failed.
[ego_planner_node-2] plan_success=0
[ego_planner_node-2] refine_success=0
[ego_planner_node-2] [WARN] [1773688160.058030092] [distinctiveTrajs]: base_point and control point are too close!
[ego_planner_node-2] [47;30m
[ego_planner_node-2] [drone 0 replan 84]==============================================[0m
[ego_planner_node-2] base_point=  8.8 -0.68   1.2 control point=  8.8 -0.69   1.2
[ego_planner_node-2] [1;33mmulti-trajs=1[1;0m
[ego_planner_node-2] iter=20,time(ms)=0.046,rebound.
[ego_planner_node-2] iter=12,time(ms)=0.12,rebound.
[ego_planner_node-2] iter=12,time(ms)=0.028,rebound.
[ego_planner_node-2] iter=8,time(ms)=0.021,rebound.
[ego_planner_node-2] [ERROR] [1773688160.058353234] [Coord2Index]: Ran out of pool, index=-1 37 116, POOL_SIZE=160 160 160
[ego_planner_node-2] [ERROR] [1773688160.058360581] [AstarSearch]: Unable to handle the initial or end point, force return!
[ego_planner_node-2] [ERROR] [1773688160.058363534] [check_collision_and_rebound]: a star error
[ego_planner_node-2] [ERROR] [1773688160.058379177] [Coord2Index]: Ran out of pool, index=-1 37 116, POOL_SIZE=160 160 160
[ego_planner_node-2] [ERROR] [1773688160.058382109] [AstarSearch]: Unable to handle the initial or end point, force return!
[ego_planner_node-2] [ERROR] [1773688160.058384282] [check_collision_and_rebound]: a star error
[ego_planner_node-2] iter=36,time(ms)=0.098,rebound.
[ego_planner_node-2] iter=5,time(ms)=0.018,rebound.
[ego_planner_node-2] [ERROR] [1773688160.058405638] [Coord2Index]: Ran out of pool, index=-1 37 116, POOL_SIZE=160 160 160
[ego_planner_node-2] [ERROR] [1773688160.058408668] [AstarSearch]: Unable to handle the initial or end point, force return!
[ego_planner_node-2] [ERROR] [1773688160.058411076] [initControlPoints]: a star error, force return!
[ego_planner_node-2] [32miter(+1)=3,time(ms)=0.006, collided, keep optimizing
[ego_planner_node-2] [0miter=5,time(ms)=0.019,rebound.
[ego_planner_node-2] iter=14,time(ms)=0.17,rebound.
[ego_planner_node-2] [ERROR] [1773688160.058676308] [Coord2Index]: Ran out of pool, index=-1 23 103, POOL_SIZE=160 160 160
[ego_planner_node-2] [ERROR] [1773688160.058679441] [AstarSearch]: Unable to handle the initial or end point, force return!
[ego_planner_node-2] [ERROR] [1773688160.058681556] [initControlPoints]: a star error, force return!
[ego_planner_node-2] [32miter(+1)=28,time(ms)=0.064, collided, keep optimizing
[ego_planner_node-2] [0m[32miter(+1)=19,time(ms)=0.039,total_t(ms)=0.673,cost=6.633
[ego_planner_node-2] [0mtraj 1 success.
[ego_planner_node-2] plan_success=1
[ego_planner_node-2] Need to reallocate time.
[ego_planner_node-2] [34mThis refined trajectory hits obstacles. It doesn't matter if appeares occasionally. But if continously appearing, Increase parameter "lambda_fitness".
[ego_planner_node-2] [0mrefine_success=0
[ego_planner_node-2] [WARN] [1773688160.059184247] [distinctiveTrajs]: Can't find the new base points at the opposite within the threshold. i=0, j=2
[ego_planner_node-2] [WARN] [1773688160.059188515] [distinctiveTrajs]: Can't find the new base points at the opposite within the threshold. i=0, j=1
[ego_planner_node-2] [47;30m
[ego_planner_node-2] [drone 0 replan 85]==============================================[0m
[ego_planner_node-2] [1;33mmulti-trajs=1[1;0m
[ego_planner_node-2] iter=8,time(ms)=0.047,rebound.
[ego_planner_node-2] iter=79,time(ms)=0.23,rebound.
[ego_planner_node-2] iter=33,time(ms)=0.1,rebound.
[ego_planner_node-2] iter=117,time(ms)=0.42,rebound.
[ego_planner_node-2] iter=97,time(ms)=0.34,rebound.
[ego_planner_node-2] [32miter(+1)=99,time(ms)=0.336, collided, keep optimizing
[ego_planner_node-2] [0m[32miter(+1)=62,time(ms)=0.214, collided, keep optimizing
[ego_planner_node-2] [0miter=40,time(ms)=0.14,rebound.
[ego_planner_node-2] [32miter(+1)=71,time(ms)=0.252, collided, keep optimizing
[ego_planner_node-2] [0mtraj 1 failed.
[ego_planner_node-2] plan_success=0
[ego_planner_node-2] refine_success=0
[ego_planner_node-2] [FSM]: from REPLAN_TRAJ to REPLAN_TRAJ
[ego_planner_node-2] [47;30m
[ego_planner_node-2] [drone 0 replan 86]==============================================[0m
[ego_planner_node-2] [1;33mmulti-trajs=2[1;0m
[ego_planner_node-2] iter=13,time(ms)=0.087,rebound.
[ego_planner_node-2] iter=7,time(ms)=0.021,rebound.
[ego_planner_node-2] iter=7,time(ms)=0.02,rebound.
[ego_planner_node-2] iter=9,time(ms)=0.023,rebound.
[ego_planner_node-2] iter=14,time(ms)=0.041,rebound.
[ego_planner_node-2] [32miter(+1)=11,time(ms)=0.018, collided, keep optimizing
[ego_planner_node-2] [0m[32miter(+1)=18,time(ms)=0.034, collided, keep optimizing
[ego_planner_node-2] [0miter=6,time(ms)=0.019,rebound.
[ego_planner_node-2] [ERROR] [1773688160.072071028] [Coord2Index]: Ran out of pool, index=160 126 140, POOL_SIZE=160 160 160
[ego_planner_node-2] [ERROR] [1773688160.072091257] [AstarSearch]: Unable to handle the initial or end point, force return!
[ego_planner_node-2] [ERROR] [1773688160.072095031] [initControlPoints]: a star error, force return!
[ego_planner_node-2] [32miter(+1)=20,time(ms)=0.042, collided, keep optimizing
[ego_planner_node-2] [0mtraj 1 failed.
[ego_planner_node-2] iter=12,time(ms)=0.099,rebound.
[ego_planner_node-2] [32miter(+1)=13,time(ms)=0.021, collided, keep optimizing
[ego_planner_node-2] [0miter=11,time(ms)=0.12,rebound.
[ego_planner_node-2] iter=19,time(ms)=0.058,rebound.
[ego_planner_node-2] iter=11,time(ms)=0.076,rebound.
[ego_planner_node-2] iter=11,time(ms)=0.029,rebound.
[ego_planner_node-2] [ERROR] [1773688160.072547055] [Coord2Index]: Ran out of pool, index=160 9 116, POOL_SIZE=160 160 160
[ego_planner_node-2] [ERROR] [1773688160.072550964] [AstarSearch]: Unable to handle the initial or end point, force return!
[ego_planner_node-2] [ERROR] [1773688160.072553426] [initControlPoints]: a star error, force return!
[ego_planner_node-2] [32miter(+1)=10,time(ms)=0.017, collided, keep optimizing
[ego_planner_node-2] [0miter=13,time(ms)=0.77,rebound.
[ego_planner_node-2] [32miter(+1)=34,time(ms)=0.086, collided, keep optimizing
[ego_planner_node-2] [0mtraj 2 failed.
[ego_planner_node-2] plan_success=0
[ego_planner_node-2] refine_success=0
[ego_planner_node-2] [47;30m
[ego_planner_node-2] [drone 0 replan 87]==============================================[0m
[ego_planner_node-2] i=0 RichInfoSegs.size()=2
[ego_planner_node-2] RichInfoSegs[i].first.size=1
[ego_planner_node-2] RichInfoSegs[i].first.direction.size()=1
[ego_planner_node-2] RichInfoSegs[i].first.direction[0].size()=1
[ego_planner_node-2] RichInfoSegs[i].first.points.cols()=1
[ego_planner_node-2] RichInfoSegs[i].first.base_point.size()=1
[ego_planner_node-2] RichInfoSegs[i].first.base_point[0].size()=1
[ego_planner_node-2] base_point=  8.4 -0.67   1.1 control point=  8.4 -0.67   1.1
[ego_planner_node-2] [1;33mmulti-trajs=1[1;0m
[ego_planner_node-2] [WARN] [1773688160.073821089] [distinctiveTrajs]: base_point and control point are too close!, 2
[ego_planner_node-2] [WARN] [1773688160.073839367] [distinctiveTrajs]: Can't find the new base points at the opposite within the threshold. i=0, j=0
[ego_planner_node-2] iter=5,time(ms)=0.38,rebound.
[ego_planner_node-2] iter=19,time(ms)=0.045,rebound.
[ego_planner_node-2] iter=8,time(ms)=0.05,rebound.
[ego_planner_node-2] iter=20,time(ms)=0.047,rebound.
[ego_planner_node-2] iter=15,time(ms)=0.22,rebound.
[ego_planner_node-2] [32miter(+1)=33,time(ms)=0.076, collided, keep optimizing
[ego_planner_node-2] [0m[32miter(+1)=29,time(ms)=0.068, collided, keep optimizing
[ego_planner_node-2] [0m[32miter(+1)=27,time(ms)=0.065, collided, keep optimizing
[ego_planner_node-2] [0mtraj 1 failed.
[ego_planner_node-2] plan_success=0
[ego_planner_node-2] refine_success=0
[ego_planner_node-2] [47;30m
[ego_planner_node-2] [drone 0 replan 88]==============================================[0m
[ego_planner_node-2] [1;33mmulti-trajs=4[1;0m
[ego_planner_node-2] iter=16,time(ms)=0.049,rebound.
[ego_planner_node-2] iter=24,time(ms)=0.054,rebound.
[ego_planner_node-2] iter=22,time(ms)=0.053,rebound.
[ego_planner_node-2] iter=51,time(ms)=0.22,rebound.
[ego_planner_node-2] [32miter(+1)=72,time(ms)=0.172, collided, keep optimizing
[ego_planner_node-2] [0m[32miter(+1)=37,time(ms)=0.090, collided, keep optimizing
[ego_planner_node-2] [0m[32miter(+1)=41,time(ms)=0.103, collided, keep optimizing
[ego_planner_node-2] [0mtraj 1 failed.
[ego_planner_node-2] iter=27,time(ms)=0.071,rebound.
[ego_planner_node-2] iter=19,time(ms)=0.046,rebound.
[ego_planner_node-2] iter=16,time(ms)=0.035,rebound.
[ego_planner_node-2] [32miter(+1)=17,time(ms)=0.031, collided, keep optimizing
[ego_planner_node-2] [0miter=16,time(ms)=0.15,rebound.
[ego_planner_node-2] [32miter(+1)=23,time(ms)=0.052, collided, keep optimizing
[ego_planner_node-2] [0m[32miter(+1)=24,time(ms)=0.056, collided, keep optimizing
[ego_planner_node-2] [0mtraj 2 failed.
[ego_planner_node-2] iter=24,time(ms)=0.16,rebound.
[ego_planner_node-2] iter=17,time(ms)=0.039,rebound.
[ego_planner_node-2] iter=5,time(ms)=0.022,rebound.
[ego_planner_node-2] iter=30,time(ms)=0.076,rebound.
[ego_planner_node-2] iter=18,time(ms)=0.042,rebound.
[ego_planner_node-2] iter=76,time(ms)=0.22,rebound.
[ego_planner_node-2] iter=31,time(ms)=0.33,rebound.
[ego_planner_node-2] [32miter(+1)=62,time(ms)=0.153, collided, keep optimizing
[ego_planner_node-2] [0miter=61,time(ms)=0.17,rebound.
[ego_planner_node-2] [32miter(+1)=29,time(ms)=0.069, collided, keep optimizing
[ego_planner_node-2] [0miter=8,time(ms)=0.033,rebound.
[ego_planner_node-2] iter=10,time(ms)=0.042,rebound.
[ego_planner_node-2] iter=41,time(ms)=0.12,rebound.
[ego_planner_node-2] [32miter(+1)=57,time(ms)=0.159, collided, keep optimizing
[ego_planner_node-2] [0mtraj 3 failed.
[ego_planner_node-2] iter=25,time(ms)=0.061,rebound.
[ego_planner_node-2] iter=18,time(ms)=0.042,rebound.
[ego_planner_node-2] iter=12,time(ms)=0.025,rebound.
[ego_planner_node-2] [32miter(+1)=14,time(ms)=0.024, collided, keep optimizing
[ego_planner_node-2] [0m[32miter(+1)=20,time(ms)=0.041, collided, keep optimizing
[ego_planner_node-2] [0m[32miter(+1)=27,time(ms)=0.062, collided, keep optimizing
[ego_planner_node-2] [0mtraj 4 failed.
[ego_planner_node-2] plan_success=0
[ego_planner_node-2] refine_success=0
[ego_planner_node-2] [FSM]: from REPLAN_TRAJ to REPLAN_TRAJ
[ego_planner_node-2] [47;30m
[ego_planner_node-2] [drone 0 replan 89]==============================================[0m
[ego_planner_node-2] [1;33mmulti-trajs=1[1;0m
[ego_planner_node-2] iter=5,time(ms)=0.022,rebound.
[ego_planner_node-2] iter=5,time(ms)=0.016,rebound.
[ego_planner_node-2] iter=6,time(ms)=0.02,rebound.
[ego_planner_node-2] iter=8,time(ms)=0.22,rebound.
[ego_planner_node-2] iter=7,time(ms)=0.017,rebound.
[ego_planner_node-2] iter=8,time(ms)=0.021,rebound.
[ego_planner_node-2] iter=14,time(ms)=0.033,rebound.
[ego_planner_node-2] iter=17,time(ms)=0.073,rebound.
[ego_planner_node-2] iter=5,time(ms)=0.02,rebound.
[ego_planner_node-2] [32miter(+1)=20,time(ms)=0.045, collided, keep optimizing
[ego_planner_node-2] [0miter=5,time(ms)=0.021,rebound.
[ego_planner_node-2] iter=21,time(ms)=0.062,rebound.
[ego_planner_node-2] [32miter(+1)=9,time(ms)=0.019, collided, keep optimizing
[ego_planner_node-2] [0m[32miter(+1)=20,time(ms)=0.050, collided, keep optimizing
[ego_planner_node-2] [0mtraj 1 failed.
[ego_planner_node-2] plan_success=0
[ego_planner_node-2] refine_success=0
[ego_planner_node-2] [WARN] [1773688160.090079863] [distinctiveTrajs]: Can't find the new base points at the opposite within the threshold. i=0, j=3
[ego_planner_node-2] [47;30m
[ego_planner_node-2] [drone 0 replan 90]==============================================[0m
[ego_planner_node-2] [1;33mmulti-trajs=1[1;0m
[ego_planner_node-2] iter=16,time(ms)=0.037,rebound.
[ego_planner_node-2] iter=11,time(ms)=0.035,rebound.
[ego_planner_node-2] iter=13,time(ms)=0.03,rebound.
[ego_planner_node-2] iter=12,time(ms)=0.038,rebound.
[ego_planner_node-2] iter=5,time(ms)=0.017,rebound.
[ego_planner_node-2] iter=5,time(ms)=0.017,rebound.
[ego_planner_node-2] [ERROR] [1773688160.090219228] [Coord2Index]: Ran out of pool, index=-1 77 113, POOL_SIZE=160 160 160
[ego_planner_node-2] [ERROR] [1773688160.090228857] [AstarSearch]: Unable to handle the initial or end point, force return!
[ego_planner_node-2] [ERROR] [1773688160.090231881] [check_collision_and_rebound]: a star error
[ego_planner_node-2] [ERROR] [1773688160.090245182] [Coord2Index]: Ran out of pool, index=-1 77 114, POOL_SIZE=160 160 160
[ego_planner_node-2] [ERROR] [1773688160.090248046] [AstarSearch]: Unable to handle the initial or end point, force return!
[ego_planner_node-2] [ERROR] [1773688160.090250257] [check_collision_and_rebound]: a star error
[ego_planner_node-2] [ERROR] [1773688160.090263213] [Coord2Index]: Ran out of pool, index=-1 77 114, POOL_SIZE=160 160 160
[ego_planner_node-2] [ERROR] [1773688160.090265860] [AstarSearch]: Unable to handle the initial or end point, force return!
[ego_planner_node-2] [ERROR] [1773688160.090267981] [check_collision_and_rebound]: a star error
[ego_planner_node-2] [ERROR] [1773688160.090280928] [Coord2Index]: Ran out of pool, index=-1 77 115, POOL_SIZE=160 160 160
[ego_planner_node-2] [ERROR] [1773688160.090283752] [AstarSearch]: Unable to handle the initial or end point, force return!
[ego_planner_node-2] [ERROR] [1773688160.090285967] [check_collision_and_rebound]: a star error
[ego_planner_node-2] iter=5,time(ms)=0.017,rebound.
[ego_planner_node-2] iter=5,time(ms)=0.12,rebound.
[ego_planner_node-2] [32miter(+1)=36,time(ms)=0.081, collided, keep optimizing
[ego_planner_node-2] [0miter=8,time(ms)=0.023,rebound.
[ego_planner_node-2] [32miter(+1)=33,time(ms)=0.078, collided, keep optimizing
[ego_planner_node-2] [0m[32miter(+1)=20,time(ms)=0.047, collided, keep optimizing
[ego_planner_node-2] [0mtraj 1 failed.
[ego_planner_node-2] plan_success=0
[ego_planner_node-2] refine_success=0
[ego_planner_node-2] [WARN] [1773688160.090877288] [distinctiveTrajs]: Can't find the new base points at the opposite within the threshold. i=1, j=0
[ego_planner_node-2] [47;30m
[ego_planner_node-2] [drone 0 replan 91]==============================================[0m
[ego_planner_node-2] [1;33mmulti-trajs=2[1;0m
[ego_planner_node-2] iter=38,time(ms)=0.1,rebound.
[ego_planner_node-2] iter=37,time(ms)=0.1,rebound.
[ego_planner_node-2] iter=49,time(ms)=0.16,rebound.
[ego_planner_node-2] iter=35,time(ms)=0.11,rebound.
[ego_planner_node-2] iter=57,time(ms)=0.19,rebound.
[ego_planner_node-2] iter=35,time(ms)=0.11,rebound.
[ego_planner_node-2] iter=68,time(ms)=0.24,rebound.
[ego_planner_node-2] iter=56,time(ms)=0.19,rebound.
[ego_planner_node-2] [32miter(+1)=147,time(ms)=0.493, collided, keep optimizing
[ego_planner_node-2] [0m[32miter(+1)=217,time(ms)=0.797, collided, keep optimizing
[ego_planner_node-2] [0miter=35,time(ms)=0.12,rebound.
[ego_planner_node-2] iter=45,time(ms)=0.16,rebound.
[ego_planner_node-2] iter=68,time(ms)=0.27,rebound.
[ego_planner_node-2] [32miter(+1)=63,time(ms)=0.237,total_t(ms)=3.327,cost=7.939
[ego_planner_node-2] [0mtraj 1 success.
[ego_planner_node-2] iter=42,time(ms)=0.11,rebound.
[ego_planner_node-2] iter=36,time(ms)=0.1,rebound.
[ego_planner_node-2] iter=40,time(ms)=0.11,rebound.
[ego_planner_node-2] iter=42,time(ms)=0.12,rebound.
[ego_planner_node-2] iter=75,time(ms)=0.25,rebound.
[ego_planner_node-2] iter=160,time(ms)=0.54,rebound.
[ego_planner_node-2] iter=37,time(ms)=0.12,rebound.
[ego_planner_node-2] iter=65,time(ms)=0.22,rebound.
[ego_planner_node-2] [32miter(+1)=116,time(ms)=0.403, collided, keep optimizing
[ego_planner_node-2] [0m[32miter(+1)=122,time(ms)=0.444,total_t(ms)=2.460,cost=3.187
[ego_planner_node-2] [0mtraj 2 success.
[ego_planner_node-2] plan_success=1
[ego_planner_node-2] total time:[42m0.006[0m,optimize:0.006,refine:1.4e-06,avg_time=0.0027
[ego_planner_node-2] refine_success=1
[ego_planner_node-2] [FSM]: from REPLAN_TRAJ to EXEC_TRAJ
[ego_planner_node-2] [FSM]: state: EXEC_TRAJ
[ego_planner_node-2] [FSM]: from EXEC_TRAJ to REPLAN_TRAJ
[ego_planner_node-2] [47;30m
[ego_planner_node-2] [drone 0 replan 92]==============================================[0m
[ego_planner_node-2] [1;33mmulti-trajs=2[1;0m
[ego_planner_node-2] iter=7,time(ms)=0.11,rebound.
[ego_planner_node-2] iter=8,time(ms)=0.12,rebound.
[ego_planner_node-2] iter=7,time(ms)=0.12,rebound.
[ego_planner_node-2] [32miter(+1)=11,time(ms)=0.081,total_t(ms)=0.471,cost=1.198
[ego_planner_node-2] [0mtraj 1 success.
[ego_planner_node-2] iter=7,time(ms)=0.075,rebound.
[ego_planner_node-2] iter=8,time(ms)=0.12,rebound.
[ego_planner_node-2] iter=11,time(ms)=0.24,rebound.
[ego_planner_node-2] [32miter(+1)=11,time(ms)=0.078,total_t(ms)=0.523,cost=1.229
[ego_planner_node-2] [0mtraj 2 success.
[ego_planner_node-2] plan_success=1
[ego_planner_node-2] total time:[42m0.0016[0m,optimize:0.0015,refine:4.9e-06,avg_time=0.0027
[ego_planner_node-2] refine_success=1
[ego_planner_node-2] [FSM]: from REPLAN_TRAJ to EXEC_TRAJ
[ego_planner_node-2] [47;30m
[ego_planner_node-2] [drone 0 replan 93]==============================================[0m
[ego_planner_node-2] [1;33mmulti-trajs=1[1;0m
[ego_planner_node-2] iter=5,time(ms)=0.098,rebound.
[ego_planner_node-2] iter=10,time(ms)=0.11,rebound.
[ego_planner_node-2] iter=5,time(ms)=0.22,rebound.
[ego_planner_node-2] iter=6,time(ms)=0.16,rebound.
[ego_planner_node-2] iter=11,time(ms)=0.67,rebound.
[ego_planner_node-2] [32miter(+1)=10,time(ms)=0.074, collided, keep optimizing
[ego_planner_node-2] [0miter=15,time(ms)=0.14,rebound.
[ego_planner_node-2] [32miter(+1)=8,time(ms)=0.062,total_t(ms)=1.652,cost=3.173
[ego_planner_node-2] [0mtraj 1 success.
[ego_planner_node-2] plan_success=1
[ego_planner_node-2] total time:[42m0.002[0m,optimize:0.002,refine:4.7e-06,avg_time=0.0027
[ego_planner_node-2] refine_success=1
[ego_planner_node-2] [SAFETY]: from EXEC_TRAJ to EXEC_TRAJ
[ego_planner_node-2] [47;30m
[ego_planner_node-2] [drone 0 replan 94]==============================================[0m
[ego_planner_node-2] [1;33mmulti-trajs=2[1;0m
[ego_planner_node-2] iter=11,time(ms)=0.098,rebound.
[ego_planner_node-2] iter=8,time(ms)=0.057,rebound.
[ego_planner_node-2] [ERROR] [1773688161.192942791] [Coord2Index]: Ran out of pool, index=160 72 92, POOL_SIZE=160 160 160
[ego_planner_node-2] [ERROR] [1773688161.193025699] [AstarSearch]: Unable to handle the initial or end point, force return!
[ego_planner_node-2] [ERROR] [1773688161.193035206] [check_collision_and_rebound]: a star error
[ego_planner_node-2] [ERROR] [1773688161.193073172] [Coord2Index]: Ran out of pool, index=160 72 92, POOL_SIZE=160 160 160
[ego_planner_node-2] [ERROR] [1773688161.193080974] [AstarSearch]: Unable to handle the initial or end point, force return!
[ego_planner_node-2] [ERROR] [1773688161.193086964] [check_collision_and_rebound]: a star error
[ego_planner_node-2] iter=9,time(ms)=0.15,rebound.
[ego_planner_node-2] iter=5,time(ms)=0.046,rebound.
[ego_planner_node-2] [32miter(+1)=5,time(ms)=0.020, collided, keep optimizing
[ego_planner_node-2] [0miter=5,time(ms)=0.075,rebound.
[ego_planner_node-2] iter=12,time(ms)=0.067,rebound.
[ego_planner_node-2] [32miter(+1)=8,time(ms)=0.035, collided, keep optimizing
[ego_planner_node-2] [0miter=8,time(ms)=0.061,rebound.
[ego_planner_node-2] [ERROR] [1773688161.193574087] [Coord2Index]: Ran out of pool, index=160 65 116, POOL_SIZE=160 160 160
[ego_planner_node-2] [ERROR] [1773688161.193583272] [AstarSearch]: Unable to handle the initial or end point, force return!
[ego_planner_node-2] [ERROR] [1773688161.193589324] [check_collision_and_rebound]: a star error
[ego_planner_node-2] [ERROR] [1773688161.193628345] [Coord2Index]: Ran out of pool, index=160 66 116, POOL_SIZE=160 160 160
[ego_planner_node-2] [ERROR] [1773688161.193635327] [AstarSearch]: Unable to handle the initial or end point, force return!
[ego_planner_node-2] [ERROR] [1773688161.193640869] [check_collision_and_rebound]: a star error
[ego_planner_node-2] iter=16,time(ms)=0.11,rebound.
[ego_planner_node-2] iter=5,time(ms)=0.046,rebound.
[ego_planner_node-2] iter=5,time(ms)=0.044,rebound.
[ego_planner_node-2] [32miter(+1)=20,time(ms)=0.125, collided, keep optimizing
[ego_planner_node-2] [0mtraj 1 failed.
[ego_planner_node-2] iter=11,time(ms)=0.075,rebound.
[ego_planner_node-2] iter=8,time(ms)=0.067,rebound.
[ego_planner_node-2] iter=8,time(ms)=0.087,rebound.
[ego_planner_node-2] [32miter(+1)=17,time(ms)=0.112, collided, keep optimizing
[ego_planner_node-2] [0miter=8,time(ms)=0.066,rebound.
[ego_planner_node-2] iter=10,time(ms)=0.089,rebound.
[ego_planner_node-2] traj 2 failed.
[ego_planner_node-2] plan_success=0
[ego_planner_node-2] refine_success=0
[ego_planner_node-2] [WARN] [1773688161.194511757] [rebound_optimize]: First 3 control points in obstacles! return false, t=0.276816
[ego_planner_node-2] [47;30m
[ego_planner_node-2] [drone 0 replan 95]==============================================[0m
[ego_planner_node-2] i=1 RichInfoSegs.size()=3
[ego_planner_node-2] RichInfoSegs[i].first.size=1
[ego_planner_node-2] RichInfoSegs[i].first.direction.size()=1
[ego_planner_node-2] RichInfoSegs[i].first.direction[0].size()=1
[ego_planner_node-2] RichInfoSegs[i].first.points.cols()=1
[ego_planner_node-2] RichInfoSegs[i].first.base_point.size()=1
[ego_planner_node-2] RichInfoSegs[i].first.base_point[0].size()=1
[ego_planner_node-2] [1;33mmulti-trajs=8[1;0m
[ego_planner_node-2] iter=13,time(ms)=0.093,rebound.
[ego_planner_node-2] iter=12,time(ms)=0.1,rebound.
[ego_planner_node-2] iter=16,time(ms)=0.067,rebound.
[ego_planner_node-2] iter=27,time(ms)=0.28,rebound.
[ego_planner_node-2] [32miter(+1)=60,time(ms)=0.266, collided, keep optimizing
[ego_planner_node-2] [0m[32miter(+1)=27,time(ms)=0.111, collided, keep optimizing
[ego_planner_node-2] [0miter=39,time(ms)=0.18,rebound.
[ego_planner_node-2] iter=40,time(ms)=0.2,rebound.
[ego_planner_node-2] iter=23,time(ms)=0.14,rebound.
[ego_planner_node-2] [32miter(+1)=35,time(ms)=0.146, collided, keep optimizing
[ego_planner_node-2] [0mtraj 1 failed.
[ego_planner_node-2] iter=14,time(ms)=0.13,rebound.
[ego_planner_node-2] iter=30,time(ms)=0.1,rebound.
[ego_planner_node-2] iter=31,time(ms)=0.11,rebound.
[ego_planner_node-2] [32miter(+1)=16,time(ms)=0.041, collided, keep optimizing
[ego_planner_node-2] [0m[32miter(+1)=64,time(ms)=0.194, collided, keep optimizing
[ego_planner_node-2] [0miter=40,time(ms)=0.14,rebound.
[ego_planner_node-2] [32miter(+1)=37,time(ms)=0.150, collided, keep optimizing
[ego_planner_node-2] [0mtraj 2 failed.
[ego_planner_node-2] iter=14,time(ms)=0.1,rebound.
[ego_planner_node-2] [32miter(+1)=49,time(ms)=0.137, collided, keep optimizing
[ego_planner_node-2] [0m[32miter(+1)=77,time(ms)=0.211, collided, keep optimizing
[ego_planner_node-2] [0m[32miter(+1)=29,time(ms)=0.067, collided, keep optimizing
[ego_planner_node-2] [0mtraj 3 failed.
[ego_planner_node-2] iter=14,time(ms)=0.071,rebound.
[ego_planner_node-2] iter=37,time(ms)=0.094,rebound.
[ego_planner_node-2] iter=15,time(ms)=0.038,rebound.
[ego_planner_node-2] iter=9,time(ms)=0.052,rebound.
[ego_planner_node-2] iter=13,time(ms)=0.038,rebound.
[ego_planner_node-2] [32miter(+1)=20,time(ms)=0.048, collided, keep optimizing
[ego_planner_node-2] [0m[32miter(+1)=12,time(ms)=0.025, collided, keep optimizing
[ego_planner_node-2] [0m[32miter(+1)=20,time(ms)=0.049, collided, keep optimizing
[ego_planner_node-2] [0mtraj 4 failed.
[ego_planner_node-2] iter=15,time(ms)=0.079,rebound.
[ego_planner_node-2] iter=11,time(ms)=0.035,rebound.
[ego_planner_node-2] iter=19,time(ms)=0.081,rebound.
[ego_planner_node-2] iter=60,time(ms)=0.16,rebound.
[ego_planner_node-2] [32miter(+1)=92,time(ms)=0.215, collided, keep optimizing
[ego_planner_node-2] [0miter=11,time(ms)=0.028,rebound.
[ego_planner_node-2] [ERROR] [1773688161.199684687] [Coord2Index]: Ran out of pool, index=160 37 101, POOL_SIZE=160 160 160
[ego_planner_node-2] [ERROR] [1773688161.199704155] [AstarSearch]: Unable to handle the initial or end point, force return!
[ego_planner_node-2] [ERROR] [1773688161.199707690] [check_collision_and_rebound]: a star error
[ego_planner_node-2] [ERROR] [1773688161.199724875] [Coord2Index]: Ran out of pool, index=160 37 101, POOL_SIZE=160 160 160
[ego_planner_node-2] [ERROR] [1773688161.199730377] [AstarSearch]: Unable to handle the initial or end point, force return!
[ego_planner_node-2] [ERROR] [1773688161.199732549] [check_collision_and_rebound]: a star error
[ego_planner_node-2] [ERROR] [1773688161.199746141] [Coord2Index]: Ran out of pool, index=160 37 101, POOL_SIZE=160 160 160
[ego_planner_node-2] [ERROR] [1773688161.199748746] [AstarSearch]: Unable to handle the initial or end point, force return!
[ego_planner_node-2] [ERROR] [1773688161.199750882] [check_collision_and_rebound]: a star error
[ego_planner_node-2] [32miter(+1)=35,time(ms)=0.081, collided, keep optimizing
[ego_planner_node-2] [0miter=24,time(ms)=0.085,rebound.
[ego_planner_node-2] iter=5,time(ms)=0.022,rebound.
[ego_planner_node-2] iter=5,time(ms)=0.017,rebound.
[ego_planner_node-2] [32miter(+1)=4,time(ms)=0.007, collided, keep optimizing
[ego_planner_node-2] [0mtraj 5 failed.
[ego_planner_node-2] [ERROR] [1773688161.199768551] [Coord2Index]: Ran out of pool, index=160 79 106, POOL_SIZE=160 160 160
[ego_planner_node-2] [ERROR] [1773688161.199771937] [AstarSearch]: Unable to handle the initial or end point, force return!
[ego_planner_node-2] [ERROR] [1773688161.199774487] [initControlPoints]: a star error, force return!
[ego_planner_node-2] iter=14,time(ms)=0.045,rebound.
[ego_planner_node-2] iter=14,time(ms)=0.027,rebound.
[ego_planner_node-2] iter=38,time(ms)=0.079,rebound.
[ego_planner_node-2] [32miter(+1)=13,time(ms)=0.020, collided, keep optimizing
[ego_planner_node-2] [0m[32miter(+1)=28,time(ms)=0.055, collided, keep optimizing
[ego_planner_node-2] [0miter=46,time(ms)=0.1,rebound.
[ego_planner_node-2] iter=7,time(ms)=0.018,rebound.
[ego_planner_node-2] [32miter(+1)=19,time(ms)=0.035, collided, keep optimizing
[ego_planner_node-2] [0mtraj 6 failed.
[ego_planner_node-2] iter=16,time(ms)=0.033,rebound.
[ego_planner_node-2] iter=21,time(ms)=0.042,rebound.
[ego_planner_node-2] iter=34,time(ms)=0.074,rebound.
[ego_planner_node-2] iter=24,time(ms)=0.051,rebound.
[ego_planner_node-2] [32miter(+1)=30,time(ms)=0.059, collided, keep optimizing
[ego_planner_node-2] [0miter=64,time(ms)=0.16,rebound.
[ego_planner_node-2] iter=5,time(ms)=0.017,rebound.
[ego_planner_node-2] [32miter(+1)=32,time(ms)=0.070, collided, keep optimizing
[ego_planner_node-2] [0m[32miter(+1)=30,time(ms)=0.069, collided, keep optimizing
[ego_planner_node-2] [0mtraj 7 failed.
[ego_planner_node-2] iter=14,time(ms)=0.04,rebound.
[ego_planner_node-2] iter=12,time(ms)=0.023,rebound.
[ego_planner_node-2] iter=28,time(ms)=0.055,rebound.
[ego_planner_node-2] iter=22,time(ms)=0.045,rebound.
[ego_planner_node-2] iter=16,time(ms)=0.033,rebound.
[ego_planner_node-2] [32miter(+1)=19,time(ms)=0.033, collided, keep optimizing
[ego_planner_node-2] [0miter=13,time(ms)=0.03,rebound.
[ego_planner_node-2] [32miter(+1)=35,time(ms)=0.076, collided, keep optimizing
[ego_planner_node-2] [0m[32miter(+1)=63,time(ms)=0.150, collided, keep optimizing
[ego_planner_node-2] [0mtraj 8 failed.
[ego_planner_node-2] plan_success=0
[ego_planner_node-2] refine_success=0
[ego_planner_node-2] [47;30m
[ego_planner_node-2] [drone 0 replan 96]==============================================[0m
[ego_planner_node-2] [1;33mmulti-trajs=8[1;0m
[ego_planner_node-2] iter=5,time(ms)=0.033,rebound.
[ego_planner_node-2] iter=44,time(ms)=0.1,rebound.
[ego_planner_node-2] iter=42,time(ms)=0.091,rebound.
[ego_planner_node-2] iter=10,time(ms)=0.026,rebound.
[ego_planner_node-2] iter=17,time(ms)=0.052,rebound.
[ego_planner_node-2] iter=59,time(ms)=0.15,rebound.
[ego_planner_node-2] [32miter(+1)=97,time(ms)=0.281, collided, keep optimizing
[ego_planner_node-2] [0m[32miter(+1)=209,time(ms)=0.614, collided, keep optimizing
[ego_planner_node-2] [0m[32miter(+1)=100,time(ms)=0.308, collided, keep optimizing
[ego_planner_node-2] [0mtraj 1 failed.
[ego_planner_node-2] iter=5,time(ms)=0.03,rebound.
[ego_planner_node-2] iter=28,time(ms)=0.077,rebound.
[ego_planner_node-2] iter=34,time(ms)=0.086,rebound.
[ego_planner_node-2] iter=5,time(ms)=0.015,rebound.
[ego_planner_node-2] iter=11,time(ms)=0.026,rebound.
[ego_planner_node-2] iter=34,time(ms)=0.079,rebound.
[ego_planner_node-2] iter=6,time(ms)=0.023,rebound.
[ego_planner_node-2] [32miter(+1)=113,time(ms)=0.329, collided, keep optimizing
[ego_planner_node-2] [0miter=93,time(ms)=0.27,rebound.
[ego_planner_node-2] [32miter(+1)=66,time(ms)=0.193, collided, keep optimizing
[ego_planner_node-2] [0miter=197,time(ms)=0.63,rebound.
[ego_planner_node-2] iter=129,time(ms)=0.39,rebound.
[ego_planner_node-2] iter=78,time(ms)=0.24,rebound.
[ego_planner_node-2] [32miter(+1)=126,time(ms)=0.414,total_t(ms)=2.833,cost=11.393
[ego_planner_node-2] [0mtraj 2 success.
[ego_planner_node-2] iter=5,time(ms)=0.03,rebound.
[ego_planner_node-2] iter=216,time(ms)=0.53,rebound.
[ego_planner_node-2] [32miter(+1)=48,time(ms)=0.114, collided, keep optimizing
[ego_planner_node-2] [0m[32miter(+1)=190,time(ms)=0.494, collided, keep optimizing
[ego_planner_node-2] [0miter=42,time(ms)=0.12,rebound.
[ego_planner_node-2] [32miter(+1)=111,time(ms)=0.342, collided, keep optimizing
[ego_planner_node-2] [0mtraj 3 failed.
[ego_planner_node-2] iter=5,time(ms)=0.029,rebound.
[ego_planner_node-2] [32miter(+1)=69,time(ms)=0.153, collided, keep optimizing
[ego_planner_node-2] [0miter=39,time(ms)=0.12,rebound.
[ego_planner_node-2] [32miter(+1)=227,time(ms)=0.621, collided, keep optimizing
[ego_planner_node-2] [0m[32miter(+1)=112,time(ms)=0.316, collided, keep optimizing
[ego_planner_node-2] [0mtraj 4 failed.
[ego_planner_node-2] iter=5,time(ms)=0.029,rebound.
[ego_planner_node-2] iter=32,time(ms)=0.08,rebound.
[ego_planner_node-2] iter=10,time(ms)=0.023,rebound.
[ego_planner_node-2] iter=21,time(ms)=0.054,rebound.
[ego_planner_node-2] iter=11,time(ms)=0.025,rebound.
[ego_planner_node-2] iter=27,time(ms)=0.073,rebound.
[ego_planner_node-2] iter=84,time(ms)=0.24,rebound.
[ego_planner_node-2] [ERROR] [1773688161.210207800] [Coord2Index]: Ran out of pool, index=160 122 133, POOL_SIZE=160 160 160
[ego_planner_node-2] [ERROR] [1773688161.210221884] [AstarSearch]: Unable to handle the initial or end point, force return!
[ego_planner_node-2] [ERROR] [1773688161.210225549] [check_collision_and_rebound]: a star error
[ego_planner_node-2] [ERROR] [1773688161.210243123] [Coord2Index]: Ran out of pool, index=160 122 133, POOL_SIZE=160 160 160
[ego_planner_node-2] [ERROR] [1773688161.210246049] [AstarSearch]: Unable to handle the initial or end point, force return!
[ego_planner_node-2] [ERROR] [1773688161.210248279] [check_collision_and_rebound]: a star error
[ego_planner_node-2] [ERROR] [1773688161.210263937] [Coord2Index]: Ran out of pool, index=160 122 133, POOL_SIZE=160 160 160
[ego_planner_node-2] [ERROR] [1773688161.210266560] [AstarSearch]: Unable to handle the initial or end point, force return!
[ego_planner_node-2] [ERROR] [1773688161.210268637] [check_collision_and_rebound]: a star error
[ego_planner_node-2] [ERROR] [1773688161.210284226] [Coord2Index]: Ran out of pool, index=160 122 133, POOL_SIZE=160 160 160
[ego_planner_node-2] [ERROR] [1773688161.210286839] [AstarSearch]: Unable to handle the initial or end point, force return!
[ego_planner_node-2] [ERROR] [1773688161.210288908] [check_collision_and_rebound]: a star error
[ego_planner_node-2] [ERROR] [1773688161.210303927] [Coord2Index]: Ran out of pool, index=160 122 133, POOL_SIZE=160 160 160
[ego_planner_node-2] [ERROR] [1773688161.210306547] [AstarSearch]: Unable to handle the initial or end point, force return!
[ego_planner_node-2] [ERROR] [1773688161.210308602] [check_collision_and_rebound]: a star error
[ego_planner_node-2] [ERROR] [1773688161.210331359] [Coord2Index]: Ran out of pool, index=160 122 133, POOL_SIZE=160 160 160
[ego_planner_node-2] [ERROR] [1773688161.210334286] [AstarSearch]: Unable to handle the initial or end point, force return!
[ego_planner_node-2] [ERROR] [1773688161.210336657] [initControlPoints]: a star error, force return!
[ego_planner_node-2] iter=182,time(ms)=0.55,rebound.
[ego_planner_node-2] iter=5,time(ms)=0.02,rebound.
[ego_planner_node-2] iter=5,time(ms)=0.02,rebound.
[ego_planner_node-2] iter=5,time(ms)=0.02,rebound.
[ego_planner_node-2] iter=5,time(ms)=0.019,rebound.
[ego_planner_node-2] [ERROR] [1773688161.210357610] [Coord2Index]: Ran out of pool, index=160 121 133, POOL_SIZE=160 160 160
[ego_planner_node-2] [ERROR] [1773688161.210360595] [AstarSearch]: Unable to handle the initial or end point, force return!
[ego_planner_node-2] [ERROR] [1773688161.210362704] [check_collision_and_rebound]: a star error
[ego_planner_node-2] [ERROR] [1773688161.210378375] [Coord2Index]: Ran out of pool, index=160 121 133, POOL_SIZE=160 160 160
[ego_planner_node-2] [ERROR] [1773688161.210381128] [AstarSearch]: Unable to handle the initial or end point, force return!
[ego_planner_node-2] [ERROR] [1773688161.210383234] [check_collision_and_rebound]: a star error
[ego_planner_node-2] [ERROR] [1773688161.210398457] [Coord2Index]: Ran out of pool, index=160 121 133, POOL_SIZE=160 160 160
[ego_planner_node-2] [ERROR] [1773688161.210401047] [AstarSearch]: Unable to handle the initial or end point, force return!
[ego_planner_node-2] [ERROR] [1773688161.210403126] [check_collision_and_rebound]: a star error
[ego_planner_node-2] [ERROR] [1773688161.210418092] [Coord2Index]: Ran out of pool, index=160 121 133, POOL_SIZE=160 160 160
[ego_planner_node-2] [ERROR] [1773688161.210420737] [AstarSearch]: Unable to handle the initial or end point, force return!
[ego_planner_node-2] [ERROR] [1773688161.210422833] [check_collision_and_rebound]: a star error
[ego_planner_node-2] [ERROR] [1773688161.210437863] [Coord2Index]: Ran out of pool, index=160 121 133, POOL_SIZE=160 160 160
[ego_planner_node-2] [ERROR] [1773688161.210440500] [AstarSearch]: Unable to handle the initial or end point, force return!
[ego_planner_node-2] [ERROR] [1773688161.210442604] [check_collision_and_rebound]: a star error
[ego_planner_node-2] [ERROR] [1773688161.210457520] [Coord2Index]: Ran out of pool, index=160 121 133, POOL_SIZE=160 160 160
[ego_planner_node-2] [ERROR] [1773688161.210460126] [AstarSearch]: Unable to handle the initial or end point, force return!
[ego_planner_node-2] [ERROR] [1773688161.210462194] [check_collision_and_rebound]: a star error
[ego_planner_node-2] [ERROR] [1773688161.210476955] [Coord2Index]: Ran out of pool, index=160 121 133, POOL_SIZE=160 160 160
[ego_planner_node-2] [ERROR] [1773688161.210479543] [AstarSearch]: Unable to handle the initial or end point, force return!
[ego_planner_node-2] [ERROR] [1773688161.210481647] [check_collision_and_rebound]: a star error
[ego_planner_node-2] [ERROR] [1773688161.210496341] [Coord2Index]: Ran out of pool, index=160 121 133, POOL_SIZE=160 160 160
[ego_planner_node-2] [ERROR] [1773688161.210498913] [AstarSearch]: Unable to handle the initial or end point, force return!
[ego_planner_node-2] [ERROR] [1773688161.210501079] [check_collision_and_rebound]: a star error
[ego_planner_node-2] [ERROR] [1773688161.210515618] [Coord2Index]: Ran out of pool, index=160 121 133, POOL_SIZE=160 160 160
[ego_planner_node-2] [ERROR] [1773688161.210518208] [AstarSearch]: Unable to handle the initial or end point, force return!
[ego_planner_node-2] [ERROR] [1773688161.210520288] [check_collision_and_rebound]: a star error
[ego_planner_node-2] [32miter(+1)=4,time(ms)=0.008, collided, keep optimizing
[ego_planner_node-2] [0miter=5,time(ms)=0.02,rebound.
[ego_planner_node-2] iter=5,time(ms)=0.02,rebound.
[ego_planner_node-2] iter=5,time(ms)=0.019,rebound.
[ego_planner_node-2] iter=5,time(ms)=0.019,rebound.
[ego_planner_node-2] iter=5,time(ms)=0.019,rebound.
[ego_planner_node-2] iter=5,time(ms)=0.019,rebound.
[ego_planner_node-2] iter=5,time(ms)=0.019,rebound.
[ego_planner_node-2] iter=5,time(ms)=0.019,rebound.
[ego_planner_node-2] iter=5,time(ms)=0.018,rebound.
[ego_planner_node-2] traj 5 failed.
[ego_planner_node-2] iter=5,time(ms)=0.029,rebound.
[ego_planner_node-2] iter=27,time(ms)=0.072,rebound.
[ego_planner_node-2] iter=21,time(ms)=0.046,rebound.
[ego_planner_node-2] iter=25,time(ms)=0.062,rebound.
[ego_planner_node-2] iter=26,time(ms)=0.065,rebound.
[ego_planner_node-2] iter=5,time(ms)=0.019,rebound.
[ego_planner_node-2] iter=43,time(ms)=0.12,rebound.
[ego_planner_node-2] iter=124,time(ms)=0.37,rebound.
[ego_planner_node-2] [32miter(+1)=47,time(ms)=0.138, collided, keep optimizing
[ego_planner_node-2] [0miter=127,time(ms)=0.4,rebound.
[ego_planner_node-2] iter=114,time(ms)=0.35,rebound.
[ego_planner_node-2] iter=44,time(ms)=0.13,rebound.
[ego_planner_node-2] iter=25,time(ms)=0.074,rebound.
[ego_planner_node-2] iter=71,time(ms)=0.21,rebound.
[ego_planner_node-2] [32miter(+1)=52,time(ms)=0.160, collided, keep optimizing
[ego_planner_node-2] [0m[32miter(+1)=72,time(ms)=0.229,total_t(ms)=2.501,cost=4.608
[ego_planner_node-2] [0mtraj 6 success.
[ego_planner_node-2] iter=5,time(ms)=0.026,rebound.
[ego_planner_node-2] iter=61,time(ms)=0.15,rebound.
[ego_planner_node-2] iter=48,time(ms)=0.11,rebound.
[ego_planner_node-2] iter=154,time(ms)=0.42,rebound.
[ego_planner_node-2] [32miter(+1)=87,time(ms)=0.238, collided, keep optimizing
[ego_planner_node-2] [0miter=103,time(ms)=0.3,rebound.
[ego_planner_node-2] iter=67,time(ms)=0.2,rebound.
[ego_planner_node-2] iter=72,time(ms)=0.21,rebound.
[ego_planner_node-2] [WARN] [1773688161.215142317] [check_collision_and_rebound]: Failed to generate direction. It doesn't matter.
[ego_planner_node-2] [WARN] [1773688161.215163348] [check_collision_and_rebound]: Failed to generate direction. It doesn't matter.
[ego_planner_node-2] [WARN] [1773688161.215179487] [check_collision_and_rebound]: Failed to generate direction. It doesn't matter.
[ego_planner_node-2] [32miter(+1)=75,time(ms)=0.244, collided, keep optimizing
[ego_planner_node-2] [0miter=60,time(ms)=0.18,rebound.
[ego_planner_node-2] iter=5,time(ms)=0.015,rebound.
[ego_planner_node-2] iter=5,time(ms)=0.014,rebound.
[ego_planner_node-2] [WARN] [1773688161.215193953] [check_collision_and_rebound]: Failed to generate direction. It doesn't matter.
[ego_planner_node-2] iter=5,time(ms)=0.014,rebound.
[ego_planner_node-2] [32miter(+1)=3,time(ms)=0.007, collided, keep optimizing
[ego_planner_node-2] [0mtraj 7 failed.
[ego_planner_node-2] iter=5,time(ms)=0.029,rebound.
[ego_planner_node-2] iter=62,time(ms)=0.15,rebound.
[ego_planner_node-2] iter=53,time(ms)=0.13,rebound.
[ego_planner_node-2] iter=14,time(ms)=0.04,rebound.
[ego_planner_node-2] iter=58,time(ms)=0.17,rebound.
[ego_planner_node-2] iter=189,time(ms)=0.56,rebound.
[ego_planner_node-2] iter=69,time(ms)=0.2,rebound.
[ego_planner_node-2] [32miter(+1)=94,time(ms)=0.269, collided, keep optimizing
[ego_planner_node-2] [0miter=50,time(ms)=0.15,rebound.
[ego_planner_node-2] [32miter(+1)=123,time(ms)=0.376, collided, keep optimizing
[ego_planner_node-2] [0m[32miter(+1)=225,time(ms)=0.750,total_t(ms)=2.865,cost=6.007
[ego_planner_node-2] [0mtraj 8 success.
[ego_planner_node-2] plan_success=1
[ego_planner_node-2] total time:[42m0.017[0m,optimize:0.017,refine:1.5e-06,avg_time=0.0029
[ego_planner_node-2] refine_success=1
[ego_planner_node-2] [SAFETY]: from EXEC_TRAJ to EXEC_TRAJ
[ego_planner_node-2] [FSM]: state: EXEC_TRAJ
[ego_planner_node-2] [FSM]: from EXEC_TRAJ to REPLAN_TRAJ
[ego_planner_node-2] [47;30m
[ego_planner_node-2] [drone 0 replan 97]==============================================[0m
[ego_planner_node-2] [1;33mmulti-trajs=1[1;0m
[ego_planner_node-2] iter=16,time(ms)=0.18,rebound.
[ego_planner_node-2] [32miter(+1)=11,time(ms)=0.048,total_t(ms)=0.248,cost=0.755
[ego_planner_node-2] [0mtraj 1 success.
[ego_planner_node-2] plan_success=1
[ego_planner_node-2] Need to reallocate time.
[ego_planner_node-2] [34mThis refined trajectory hits obstacles. It doesn't matter if appeares occasionally. But if continously appearing, Increase parameter "lambda_fitness".
[ego_planner_node-2] [0mrefine_success=0
[ego_planner_node-2] [47;30m
[ego_planner_node-2] [drone 0 replan 98]==============================================[0m
[ego_planner_node-2] [1;33mmulti-trajs=1[1;0m
[ego_planner_node-2] [WARN] [1773688162.236662095] [distinctiveTrajs]: Can't find the new base points at the opposite within the threshold. i=0, j=2
[ego_planner_node-2] iter=30,time(ms)=0.27,rebound.
[ego_planner_node-2] iter=8,time(ms)=0.066,rebound.
[ego_planner_node-2] [32miter(+1)=15,time(ms)=0.097,total_t(ms)=0.442,cost=0.661
[ego_planner_node-2] [0mtraj 1 success.
[ego_planner_node-2] plan_success=1
[ego_planner_node-2] total time:[42m0.00075[0m,optimize:0.00075,refine:3.7e-06,avg_time=0.0029
[ego_planner_node-2] refine_success=1
[ego_planner_node-2] [FSM]: from REPLAN_TRAJ to EXEC_TRAJ
[ego_planner_node-2] [FSM]: state: EXEC_TRAJ
[ego_planner_node-2] [FSM]: from EXEC_TRAJ to REPLAN_TRAJ
[ego_planner_node-2] [47;30m
[ego_planner_node-2] [drone 0 replan 99]==============================================[0m
[ego_planner_node-2] [1;33mmulti-trajs=1[1;0m
[ego_planner_node-2] [32miter(+1)=12,time(ms)=0.075,total_t(ms)=0.076,cost=0.080
[ego_planner_node-2] [0mtraj 1 success.
[ego_planner_node-2] plan_success=1
[ego_planner_node-2] total time:[42m0.00022[0m,optimize:0.00022,refine:4.2e-06,avg_time=0.0028
[ego_planner_node-2] refine_success=1
[ego_planner_node-2] [FSM]: from REPLAN_TRAJ to EXEC_TRAJ
[ego_planner_node-2] [FSM]: state: EXEC_TRAJ
[ego_planner_node-2] [TRIG]: from EXEC_TRAJ to REPLAN_TRAJ
[ego_planner_node-2] [47;30m
[ego_planner_node-2] [drone 0 replan 100]==============================================[0m
[ego_planner_node-2] [1;33mmulti-trajs=2[1;0m
[ego_planner_node-2] iter=14,time(ms)=0.13,rebound.
[ego_planner_node-2] [32miter(+1)=240,time(ms)=2.435,total_t(ms)=2.578,cost=0.632
[ego_planner_node-2] [0mtraj 1 success.
[ego_planner_node-2] iter=14,time(ms)=0.13,rebound.
[ego_planner_node-2] [32miter(+1)=107,time(ms)=1.061,total_t(ms)=1.191,cost=0.375
[ego_planner_node-2] [0mtraj 2 success.
[ego_planner_node-2] plan_success=1
[ego_planner_node-2] total time:[42m0.0041[0m,optimize:0.0041,refine:5.2e-06,avg_time=0.0029
[ego_planner_node-2] refine_success=1
[ego_planner_node-2] [FSM]: from REPLAN_TRAJ to EXEC_TRAJ
[ego_planner_node-2] [FSM]: state: EXEC_TRAJ
[ego_planner_node-2] [47;30m
[ego_planner_node-2] [drone 0 replan 101]==============================================[0m
[ego_planner_node-2] [1;33mmulti-trajs=2[1;0m
[ego_planner_node-2] iter=18,time(ms)=0.13,rebound.
[ego_planner_node-2] [32miter(+1)=10,time(ms)=0.046, collided, keep optimizing
[ego_planner_node-2] [0m[32miter(+1)=13,time(ms)=0.058, collided, keep optimizing
[ego_planner_node-2] [0m[32miter(+1)=12,time(ms)=0.062, collided, keep optimizing
[ego_planner_node-2] [0mtraj 1 failed.
[ego_planner_node-2] [32miter(+1)=20,time(ms)=0.115,total_t(ms)=0.115,cost=0.113
[ego_planner_node-2] [0mtraj 2 success.
[ego_planner_node-2] plan_success=1
[ego_planner_node-2] total time:[42m0.00085[0m,optimize:0.00084,refine:4.1e-06,avg_time=0.0028
[ego_planner_node-2] refine_success=1
[ego_planner_node-2] [SAFETY]: from EXEC_TRAJ to EXEC_TRAJ
[ego_planner_node-2] [47;30m
[ego_planner_node-2] [drone 0 replan 102]==============================================[0m
[ego_planner_node-2] [1;33mmulti-trajs=2[1;0m
[ego_planner_node-2] [32miter(+1)=17,time(ms)=0.116, collided, keep optimizing
[ego_planner_node-2] [0m[32miter(+1)=14,time(ms)=0.086, collided, keep optimizing
[ego_planner_node-2] [0m[32miter(+1)=14,time(ms)=0.088,total_t(ms)=0.463,cost=4.678
[ego_planner_node-2] [0mtraj 1 success.
[ego_planner_node-2] [32miter(+1)=21,time(ms)=0.135,total_t(ms)=0.136,cost=0.274
[ego_planner_node-2] [0mtraj 2 success.
[ego_planner_node-2] plan_success=1
[ego_planner_node-2] total time:[42m0.001[0m,optimize:0.001,refine:4.1e-06,avg_time=0.0028
[ego_planner_node-2] refine_success=1
[ego_planner_node-2] [SAFETY]: from EXEC_TRAJ to EXEC_TRAJ
[ego_planner_node-2] [47;30m
[ego_planner_node-2] [drone 0 replan 103]==============================================[0m
[ego_planner_node-2] [1;33mmulti-trajs=4[1;0m
[ego_planner_node-2] iter=7,time(ms)=0.48,rebound.
[ego_planner_node-2] iter=12,time(ms)=0.54,rebound.
[ego_planner_node-2] iter=5,time(ms)=0.066,rebound.
[ego_planner_node-2] iter=17,time(ms)=0.66,rebound.
[ego_planner_node-2] iter=9,time(ms)=1,rebound.
[ego_planner_node-2] [32miter(+1)=33,time(ms)=0.270, collided, keep optimizing
[ego_planner_node-2] [0miter=23,time(ms)=0.66,rebound.
[ego_planner_node-2] iter=15,time(ms)=0.15,rebound.
[ego_planner_node-2] iter=19,time(ms)=0.19,rebound.
[ego_planner_node-2] iter=27,time(ms)=0.22,rebound.
[ego_planner_node-2] [ERROR] [1773688164.947637595] [Coord2Index]: Ran out of pool, index=160 22 99, POOL_SIZE=160 160 160
[ego_planner_node-2] [ERROR] [1773688164.947700897] [AstarSearch]: Unable to handle the initial or end point, force return!
[ego_planner_node-2] [ERROR] [1773688164.947712576] [initControlPoints]: a star error, force return!
[ego_planner_node-2] [32miter(+1)=18,time(ms)=0.117, collided, keep optimizing
[ego_planner_node-2] [0miter=27,time(ms)=0.22,rebound.
[ego_planner_node-2] [32miter(+1)=17,time(ms)=0.104, collided, keep optimizing
[ego_planner_node-2] [0mtraj 1 failed.
[ego_planner_node-2] iter=10,time(ms)=0.059,rebound.
[ego_planner_node-2] [32miter(+1)=19,time(ms)=0.123, collided, keep optimizing
[ego_planner_node-2] [0miter=19,time(ms)=0.2,rebound.
[ego_planner_node-2] [32miter(+1)=20,time(ms)=0.090, collided, keep optimizing
[ego_planner_node-2] [0miter=7,time(ms)=0.31,rebound.
[ego_planner_node-2] [32miter(+1)=76,time(ms)=0.395, collided, keep optimizing
[ego_planner_node-2] [0mtraj 2 failed.
[ego_planner_node-2] iter=15,time(ms)=0.066,rebound.
[ego_planner_node-2] [32miter(+1)=11,time(ms)=0.036, collided, keep optimizing
[ego_planner_node-2] [0m[32miter(+1)=21,time(ms)=0.075, collided, keep optimizing
[ego_planner_node-2] [0m[32miter(+1)=13,time(ms)=0.041, collided, keep optimizing
[ego_planner_node-2] [0mtraj 3 failed.
[ego_planner_node-2] [32miter(+1)=22,time(ms)=0.077, collided, keep optimizing
[ego_planner_node-2] [0m[32miter(+1)=9,time(ms)=0.025,total_t(ms)=0.120,cost=0.694
[ego_planner_node-2] [0mtraj 4 success.
[ego_planner_node-2] plan_success=1
[ego_planner_node-2] total time:[42m0.0081[0m,optimize:0.0081,refine:2.3e-06,avg_time=0.0029
[ego_planner_node-2] refine_success=1
[ego_planner_node-2] [SAFETY]: from EXEC_TRAJ to EXEC_TRAJ
[ego_planner_node-2] [47;30m
[ego_planner_node-2] [drone 0 replan 104]==============================================[0m
[ego_planner_node-2] [1;33mmulti-trajs=1[1;0m
[ego_planner_node-2] [32miter(+1)=8,time(ms)=0.042, collided, keep optimizing
[ego_planner_node-2] [0m[32miter(+1)=15,time(ms)=0.065,total_t(ms)=0.135,cost=0.743
[ego_planner_node-2] [0mtraj 1 success.
[ego_planner_node-2] plan_success=1
[ego_planner_node-2] total time:[42m0.00035[0m,optimize:0.00034,refine:3.1e-06,avg_time=0.0029
[ego_planner_node-2] refine_success=1
[ego_planner_node-2] [SAFETY]: from EXEC_TRAJ to EXEC_TRAJ
[ego_planner_node-2] [47;30m
[ego_planner_node-2] [drone 0 replan 105]==============================================[0m
[ego_planner_node-2] [1;33mmulti-trajs=4[1;0m
[ego_planner_node-2] iter=5,time(ms)=0.52,rebound.
[ego_planner_node-2] iter=5,time(ms)=0.064,rebound.
[ego_planner_node-2] iter=7,time(ms)=0.13,rebound.
[ego_planner_node-2] iter=11,time(ms)=0.17,rebound.
[ego_planner_node-2] iter=21,time(ms)=0.47,rebound.
[ego_planner_node-2] iter=25,time(ms)=0.3,rebound.
[ego_planner_node-2] [32miter(+1)=28,time(ms)=0.265, collided, keep optimizing
[ego_planner_node-2] [0miter=25,time(ms)=0.29,rebound.
[ego_planner_node-2] iter=24,time(ms)=0.55,rebound.
[ego_planner_node-2] [ERROR] [1773688165.046473558] [Coord2Index]: Ran out of pool, index=160 111 137, POOL_SIZE=160 160 160
[ego_planner_node-2] [ERROR] [1773688165.046548150] [AstarSearch]: Unable to handle the initial or end point, force return!
[ego_planner_node-2] [ERROR] [1773688165.046564594] [initControlPoints]: a star error, force return!
[ego_planner_node-2] [32miter(+1)=31,time(ms)=0.316, collided, keep optimizing
[ego_planner_node-2] [0m[32miter(+1)=38,time(ms)=0.382, collided, keep optimizing
[ego_planner_node-2] [0mtraj 1 failed.
[ego_planner_node-2] iter=5,time(ms)=0.3,rebound.
[ego_planner_node-2] iter=5,time(ms)=0.043,rebound.
[ego_planner_node-2] iter=16,time(ms)=0.12,rebound.
[ego_planner_node-2] [32miter(+1)=12,time(ms)=0.058, collided, keep optimizing
[ego_planner_node-2] [0miter=14,time(ms)=0.15,rebound.
[ego_planner_node-2] iter=20,time(ms)=0.12,rebound.
[ego_planner_node-2] [32miter(+1)=14,time(ms)=0.072,total_t(ms)=0.918,cost=1.012
[ego_planner_node-2] [0mtraj 2 success.
[ego_planner_node-2] iter=5,time(ms)=0.43,rebound.
[ego_planner_node-2] iter=5,time(ms)=0.034,rebound.
[ego_planner_node-2] iter=9,time(ms)=0.13,rebound.
[ego_planner_node-2] [32miter(+1)=21,time(ms)=0.102, collided, keep optimizing
[ego_planner_node-2] [0miter=12,time(ms)=0.17,rebound.
[ego_planner_node-2] iter=21,time(ms)=0.13,rebound.
[ego_planner_node-2] [32miter(+1)=15,time(ms)=0.063, collided, keep optimizing
[ego_planner_node-2] [0m[32miter(+1)=31,time(ms)=0.152, collided, keep optimizing
[ego_planner_node-2] [0mtraj 3 failed.
[ego_planner_node-2] iter=5,time(ms)=0.34,rebound.
[ego_planner_node-2] iter=5,time(ms)=0.027,rebound.
[ego_planner_node-2] iter=15,time(ms)=0.06,rebound.
[ego_planner_node-2] [32miter(+1)=10,time(ms)=0.031, collided, keep optimizing
[ego_planner_node-2] [0m[32miter(+1)=27,time(ms)=0.106, collided, keep optimizing
[ego_planner_node-2] [0m[32miter(+1)=35,time(ms)=0.150, collided, keep optimizing
[ego_planner_node-2] [0mtraj 4 failed.
[ego_planner_node-2] plan_success=1
[ego_planner_node-2] total time:[42m0.0089[0m,optimize:0.0089,refine:2.3e-06,avg_time=0.003
[ego_planner_node-2] refine_success=1
[ego_planner_node-2] [SAFETY]: from EXEC_TRAJ to EXEC_TRAJ
[ego_planner_node-2] [47;30m
[ego_planner_node-2] [drone 0 replan 106]==============================================[0m
[ego_planner_node-2] [1;33mmulti-trajs=2[1;0m
[ego_planner_node-2] iter=5,time(ms)=0.24,rebound.
[ego_planner_node-2] iter=5,time(ms)=0.05,rebound.
[ego_planner_node-2] iter=8,time(ms)=0.06,rebound.
[ego_planner_node-2] iter=14,time(ms)=0.091,rebound.
[ego_planner_node-2] [32miter(+1)=10,time(ms)=0.048, collided, keep optimizing
[ego_planner_node-2] [0m[32miter(+1)=19,time(ms)=0.122, collided, keep optimizing
[ego_planner_node-2] [0miter=9,time(ms)=0.065,rebound.
[ego_planner_node-2] [32miter(+1)=21,time(ms)=0.130, collided, keep optimizing
[ego_planner_node-2] [0mtraj 1 failed.
[ego_planner_node-2] iter=5,time(ms)=0.21,rebound.
[ego_planner_node-2] iter=5,time(ms)=0.047,rebound.
[ego_planner_node-2] iter=8,time(ms)=0.072,rebound.
[ego_planner_node-2] iter=6,time(ms)=0.11,rebound.
[ego_planner_node-2] [32miter(+1)=10,time(ms)=0.068, collided, keep optimizing
[ego_planner_node-2] [0m[32miter(+1)=19,time(ms)=0.108, collided, keep optimizing
[ego_planner_node-2] [0m[32miter(+1)=19,time(ms)=0.105, collided, keep optimizing
[ego_planner_node-2] [0mtraj 2 failed.
[ego_planner_node-2] plan_success=0
[ego_planner_node-2] refine_success=0
[ego_planner_node-2] [47;30m
[ego_planner_node-2] [drone 0 replan 107]==============================================[0m
[ego_planner_node-2] [1;33mmulti-trajs=4[1;0m
[ego_planner_node-2] iter=5,time(ms)=0.17,rebound.
[ego_planner_node-2] iter=13,time(ms)=0.47,rebound.
[ego_planner_node-2] iter=17,time(ms)=0.23,rebound.
[ego_planner_node-2] iter=18,time(ms)=0.73,rebound.
[ego_planner_node-2] [32miter(+1)=46,time(ms)=0.104, collided, keep optimizing
[ego_planner_node-2] [0m[32miter(+1)=22,time(ms)=0.065, collided, keep optimizing
[ego_planner_node-2] [0m[32miter(+1)=20,time(ms)=0.037, collided, keep optimizing
[ego_planner_node-2] [0mtraj 1 failed.
[ego_planner_node-2] iter=10,time(ms)=0.4,rebound.
[ego_planner_node-2] iter=22,time(ms)=0.15,rebound.
[ego_planner_node-2] iter=14,time(ms)=0.036,rebound.
[ego_planner_node-2] [32miter(+1)=35,time(ms)=0.059, collided, keep optimizing
[ego_planner_node-2] [0m[32miter(+1)=21,time(ms)=0.032, collided, keep optimizing
[ego_planner_node-2] [0m[32miter(+1)=21,time(ms)=0.034,total_t(ms)=0.728,cost=0.971
[ego_planner_node-2] [0mtraj 2 success.
[ego_planner_node-2] iter=6,time(ms)=0.12,rebound.
[ego_planner_node-2] iter=13,time(ms)=0.25,rebound.
[ego_planner_node-2] iter=8,time(ms)=0.081,rebound.
[ego_planner_node-2] [ERROR] [1773688165.101572358] [Coord2Index]: Ran out of pool, index=-1 86 89, POOL_SIZE=160 160 160
[ego_planner_node-2] [ERROR] [1773688165.101595727] [AstarSearch]: Unable to handle the initial or end point, force return!
[ego_planner_node-2] [ERROR] [1773688165.101599950] [initControlPoints]: a star error, force return!
[ego_planner_node-2] [32miter(+1)=20,time(ms)=0.032, collided, keep optimizing
[ego_planner_node-2] [0miter=8,time(ms)=0.036,rebound.
[ego_planner_node-2] iter=16,time(ms)=0.052,rebound.
[ego_planner_node-2] [ERROR] [1773688165.101668451] [Coord2Index]: Ran out of pool, index=-1 66 99, POOL_SIZE=160 160 160
[ego_planner_node-2] [ERROR] [1773688165.101672182] [AstarSearch]: Unable to handle the initial or end point, force return!
[ego_planner_node-2] [ERROR] [1773688165.101688956] [check_collision_and_rebound]: a star error
[ego_planner_node-2] [ERROR] [1773688165.101706097] [Coord2Index]: Ran out of pool, index=7 19 160, POOL_SIZE=160 160 160
[ego_planner_node-2] [ERROR] [1773688165.101709193] [AstarSearch]: Unable to handle the initial or end point, force return!
[ego_planner_node-2] [ERROR] [1773688165.101711437] [initControlPoints]: a star error, force return!
[ego_planner_node-2] [32miter(+1)=4,time(ms)=0.006, collided, keep optimizing
[ego_planner_node-2] [0m[32miter(+1)=10,time(ms)=0.015, collided, keep optimizing
[ego_planner_node-2] [0mtraj 3 failed.
[ego_planner_node-2] iter=5,time(ms)=0.014,rebound.
[ego_planner_node-2] iter=13,time(ms)=0.063,rebound.
[ego_planner_node-2] iter=36,time(ms)=0.58,rebound.
[ego_planner_node-2] [32miter(+1)=26,time(ms)=0.047, collided, keep optimizing
[ego_planner_node-2] [0m[32miter(+1)=26,time(ms)=0.049, collided, keep optimizing
[ego_planner_node-2] [0miter=10,time(ms)=0.032,rebound.
[ego_planner_node-2] [32miter(+1)=18,time(ms)=0.030, collided, keep optimizing
[ego_planner_node-2] [0mtraj 4 failed.
[ego_planner_node-2] plan_success=1
[ego_planner_node-2] Need to reallocate time.
[ego_planner_node-2] [34mThis refined trajectory hits obstacles. It doesn't matter if appeares occasionally. But if continously appearing, Increase parameter "lambda_fitness".
[ego_planner_node-2] [0mrefine_success=0
[ego_planner_node-2] [47;30m
[ego_planner_node-2] [drone 0 replan 108]==============================================[0m
[ego_planner_node-2] i=1 RichInfoSegs.size()=3
[ego_planner_node-2] RichInfoSegs[i].first.size=1
[ego_planner_node-2] RichInfoSegs[i].first.direction.size()=1
[ego_planner_node-2] RichInfoSegs[i].first.direction[0].size()=1
[ego_planner_node-2] RichInfoSegs[i].first.points.cols()=1
[ego_planner_node-2] RichInfoSegs[i].first.base_point.size()=1
[ego_planner_node-2] RichInfoSegs[i].first.base_point[0].size()=1
[ego_planner_node-2] i=2 RichInfoSegs.size()=3
[ego_planner_node-2] RichInfoSegs[i].first.size=1
[ego_planner_node-2] RichInfoSegs[i].first.direction.size()=1
[ego_planner_node-2] RichInfoSegs[i].first.direction[0].size()=1
[ego_planner_node-2] RichInfoSegs[i].first.points.cols()=1
[ego_planner_node-2] RichInfoSegs[i].first.base_point.size()=1
[ego_planner_node-2] RichInfoSegs[i].first.base_point[0].size()=1
[ego_planner_node-2] [1;33mmulti-trajs=8[1;0m
[ego_planner_node-2] iter=7,time(ms)=0.86,rebound.
[ego_planner_node-2] iter=14,time(ms)=0.037,rebound.
[ego_planner_node-2] iter=13,time(ms)=0.14,rebound.
[ego_planner_node-2] [32miter(+1)=30,time(ms)=0.059, collided, keep optimizing
[ego_planner_node-2] [0miter=38,time(ms)=0.2,rebound.
[ego_planner_node-2] [32miter(+1)=22,time(ms)=0.047, collided, keep optimizing
[ego_planner_node-2] [0m[32miter(+1)=42,time(ms)=0.101, collided, keep optimizing
[ego_planner_node-2] [0mtraj 1 failed.
[ego_planner_node-2] iter=12,time(ms)=0.053,rebound.
[ego_planner_node-2] iter=12,time(ms)=0.025,rebound.
[ego_planner_node-2] iter=65,time(ms)=1.1,rebound.
[ego_planner_node-2] [32miter(+1)=51,time(ms)=0.124, collided, keep optimizing
[ego_planner_node-2] [0m[32miter(+1)=61,time(ms)=0.144, collided, keep optimizing
[ego_planner_node-2] [0m[32miter(+1)=59,time(ms)=0.147, collided, keep optimizing
[ego_planner_node-2] [0mtraj 2 failed.
[ego_planner_node-2] iter=10,time(ms)=0.18,rebound.
[ego_planner_node-2] iter=26,time(ms)=0.052,rebound.
[ego_planner_node-2] iter=23,time(ms)=0.15,rebound.
[ego_planner_node-2] [32miter(+1)=36,time(ms)=0.076, collided, keep optimizing
[ego_planner_node-2] [0miter=87,time(ms)=0.23,rebound.
[ego_planner_node-2] iter=28,time(ms)=0.076,rebound.
[ego_planner_node-2] iter=8,time(ms)=0.039,rebound.
[ego_planner_node-2] iter=25,time(ms)=0.065,rebound.
[ego_planner_node-2] iter=11,time(ms)=0.027,rebound.
[ego_planner_node-2] [32miter(+1)=46,time(ms)=0.117, collided, keep optimizing
[ego_planner_node-2] [0m[32miter(+1)=22,time(ms)=0.051, collided, keep optimizing
[ego_planner_node-2] [0mtraj 3 failed.
[ego_planner_node-2] iter=17,time(ms)=0.032,rebound.
[ego_planner_node-2] iter=16,time(ms)=0.037,rebound.
[ego_planner_node-2] iter=30,time(ms)=0.23,rebound.
[ego_planner_node-2] [32miter(+1)=53,time(ms)=0.127, collided, keep optimizing
[ego_planner_node-2] [0m[32miter(+1)=44,time(ms)=0.102, collided, keep optimizing
[ego_planner_node-2] [0m[32miter(+1)=35,time(ms)=0.083, collided, keep optimizing
[ego_planner_node-2] [0mtraj 4 failed.
[ego_planner_node-2] iter=5,time(ms)=0.24,rebound.
[ego_planner_node-2] iter=7,time(ms)=0.11,rebound.
[ego_planner_node-2] iter=12,time(ms)=0.024,rebound.
[ego_planner_node-2] iter=27,time(ms)=0.34,rebound.
[ego_planner_node-2] [32miter(+1)=23,time(ms)=0.047, collided, keep optimizing
[ego_planner_node-2] [0m[32miter(+1)=37,time(ms)=0.083, collided, keep optimizing
[ego_planner_node-2] [0m[32miter(+1)=32,time(ms)=0.074, collided, keep optimizing
[ego_planner_node-2] [0mtraj 5 failed.
[ego_planner_node-2] iter=9,time(ms)=0.14,rebound.
[ego_planner_node-2] iter=10,time(ms)=0.023,rebound.
[ego_planner_node-2] [32miter(+1)=18,time(ms)=0.034, collided, keep optimizing
[ego_planner_node-2] [0m[32miter(+1)=27,time(ms)=0.058, collided, keep optimizing
[ego_planner_node-2] [0m[32miter(+1)=49,time(ms)=0.117, collided, keep optimizing
[ego_planner_node-2] [0mtraj 6 failed.
[ego_planner_node-2] iter=6,time(ms)=0.16,rebound.
[ego_planner_node-2] iter=16,time(ms)=0.062,rebound.
[ego_planner_node-2] iter=5,time(ms)=0.014,rebound.
[ego_planner_node-2] iter=8,time(ms)=0.02,rebound.
[ego_planner_node-2] iter=26,time(ms)=0.065,rebound.
[ego_planner_node-2] iter=5,time(ms)=0.021,rebound.
[ego_planner_node-2] [32miter(+1)=44,time(ms)=0.101, collided, keep optimizing
[ego_planner_node-2] [0m[32miter(+1)=41,time(ms)=0.104, collided, keep optimizing
[ego_planner_node-2] [0m[32miter(+1)=35,time(ms)=0.090, collided, keep optimizing
[ego_planner_node-2] [0mtraj 7 failed.
[ego_planner_node-2] iter=11,time(ms)=0.021,rebound.
[ego_planner_node-2] iter=6,time(ms)=0.015,rebound.
[ego_planner_node-2] iter=5,time(ms)=0.016,rebound.
[ego_planner_node-2] iter=16,time(ms)=0.039,rebound.
[ego_planner_node-2] iter=19,time(ms)=0.083,rebound.
[ego_planner_node-2] [32miter(+1)=18,time(ms)=0.033, collided, keep optimizing
[ego_planner_node-2] [0m[32miter(+1)=18,time(ms)=0.034, collided, keep optimizing
[ego_planner_node-2] [0m[32miter(+1)=71,time(ms)=0.182, collided, keep optimizing
[ego_planner_node-2] [0mtraj 8 failed.
[ego_planner_node-2] plan_success=0
[ego_planner_node-2] refine_success=0
[ego_planner_node-2] [WARN] [1773688165.112641822] [drone_0_ego_planner_node]: Suddenly discovered obstacles. emergency stop! time=0.420000
[ego_planner_node-2] [SAFETY]: from EXEC_TRAJ to EMERGENCY_STOP
[ego_planner_node-2] [FSM]: from EMERGENCY_STOP to GEN_NEW_TRAJ
[ego_planner_node-2] [47;30m
[ego_planner_node-2] [drone 0 replan 109]==============================================[0m
[ego_planner_node-2] [1;33mmulti-trajs=4[1;0m
[ego_planner_node-2] iter=15,time(ms)=0.25,rebound.
[ego_planner_node-2] iter=8,time(ms)=0.056,rebound.
[ego_planner_node-2] iter=26,time(ms)=0.23,rebound.
[ego_planner_node-2] iter=36,time(ms)=2.7,rebound.
[ego_planner_node-2] iter=39,time(ms)=0.65,rebound.
[ego_planner_node-2] iter=7,time(ms)=0.23,rebound.
[ego_planner_node-2] iter=60,time(ms)=0.45,rebound.
[ego_planner_node-2] [32miter(+1)=49,time(ms)=0.334, collided, keep optimizing
[ego_planner_node-2] [0miter=44,time(ms)=0.27,rebound.
[ego_planner_node-2] iter=21,time(ms)=0.19,rebound.
[ego_planner_node-2] [WARN] [1773688165.152584112] [check_collision_and_rebound]: Failed to generate direction. It doesn't matter.
[ego_planner_node-2] [WARN] [1773688165.152632220] [check_collision_and_rebound]: Failed to generate direction. It doesn't matter.
[ego_planner_node-2] [WARN] [1773688165.152660363] [check_collision_and_rebound]: Failed to generate direction. It doesn't matter.
[ego_planner_node-2] [WARN] [1773688165.152686934] [check_collision_and_rebound]: Failed to generate direction. It doesn't matter.
[ego_planner_node-2] [WARN] [1773688165.152711951] [check_collision_and_rebound]: Failed to generate direction. It doesn't matter.
[ego_planner_node-2] [32miter(+1)=25,time(ms)=0.125, collided, keep optimizing
[ego_planner_node-2] [0miter=27,time(ms)=0.16,rebound.
[ego_planner_node-2] iter=5,time(ms)=0.028,rebound.
[ego_planner_node-2] iter=5,time(ms)=0.026,rebound.
[ego_planner_node-2] iter=5,time(ms)=0.026,rebound.
[ego_planner_node-2] iter=5,time(ms)=0.022,rebound.
[ego_planner_node-2] iter=5,time(ms)=0.022,rebound.
[ego_planner_node-2] [WARN] [1773688165.152734673] [check_collision_and_rebound]: Failed to generate direction. It doesn't matter.
[ego_planner_node-2] [WARN] [1773688165.152757844] [check_collision_and_rebound]: Failed to generate direction. It doesn't matter.
[ego_planner_node-2] [WARN] [1773688165.152780692] [check_collision_and_rebound]: Failed to generate direction. It doesn't matter.
[ego_planner_node-2] iter=5,time(ms)=0.022,rebound.
[ego_planner_node-2] iter=5,time(ms)=0.021,rebound.
[ego_planner_node-2] iter=5,time(ms)=0.025,rebound.
[ego_planner_node-2] iter=5,time(ms)=0.021,rebound.
[ego_planner_node-2] iter=5,time(ms)=0.02,rebound.
[ego_planner_node-2] iter=5,time(ms)=0.02,rebound.
[ego_planner_node-2] traj 1 failed.
[ego_planner_node-2] [WARN] [1773688165.152802439] [check_collision_and_rebound]: Failed to generate direction. It doesn't matter.
[ego_planner_node-2] [WARN] [1773688165.152829647] [check_collision_and_rebound]: Failed to generate direction. It doesn't matter.
[ego_planner_node-2] [WARN] [1773688165.152851084] [check_collision_and_rebound]: Failed to generate direction. It doesn't matter.
[ego_planner_node-2] [WARN] [1773688165.152871822] [check_collision_and_rebound]: Failed to generate direction. It doesn't matter.
[ego_planner_node-2] iter=15,time(ms)=0.87,rebound.
[ego_planner_node-2] iter=7,time(ms)=0.034,rebound.
[ego_planner_node-2] iter=17,time(ms)=0.06,rebound.
[ego_planner_node-2] iter=43,time(ms)=0.29,rebound.
[ego_planner_node-2] [32miter(+1)=41,time(ms)=0.132, collided, keep optimizing
[ego_planner_node-2] [0m[32miter(+1)=58,time(ms)=0.162, collided, keep optimizing
[ego_planner_node-2] [0m[32miter(+1)=64,time(ms)=0.182, collided, keep optimizing
[ego_planner_node-2] [0mtraj 2 failed.
[ego_planner_node-2] iter=15,time(ms)=0.1,rebound.
[ego_planner_node-2] iter=6,time(ms)=0.26,rebound.
[ego_planner_node-2] iter=6,time(ms)=0.14,rebound.
[ego_planner_node-2] [ERROR] [1773688165.155600832] [Coord2Index]: Ran out of pool, index=-1 56 119, POOL_SIZE=160 160 160
[ego_planner_node-2] [ERROR] [1773688165.155615100] [AstarSearch]: Unable to handle the initial or end point, force return!
[ego_planner_node-2] [ERROR] [1773688165.155618788] [check_collision_and_rebound]: a star error
[ego_planner_node-2] iter=9,time(ms)=0.041,rebound.
[ego_planner_node-2] iter=5,time(ms)=0.17,rebound.
[ego_planner_node-2] iter=8,time(ms)=0.037,rebound.
[ego_planner_node-2] iter=18,time(ms)=0.12,rebound.
[ego_planner_node-2] iter=32,time(ms)=0.19,rebound.
[ego_planner_node-2] [32miter(+1)=59,time(ms)=0.159, collided, keep optimizing
[ego_planner_node-2] [0m[32miter(+1)=59,time(ms)=0.167, collided, keep optimizing
[ego_planner_node-2] [0m[32miter(+1)=38,time(ms)=0.110, collided, keep optimizing
[ego_planner_node-2] [0mtraj 3 failed.
[ego_planner_node-2] iter=17,time(ms)=0.64,rebound.
[ego_planner_node-2] iter=20,time(ms)=0.12,rebound.
[ego_planner_node-2] iter=71,time(ms)=0.18,rebound.
[ego_planner_node-2] [ERROR] [1773688165.157852573] [Coord2Index]: Ran out of pool, index=160 59 88, POOL_SIZE=160 160 160
[ego_planner_node-2] [ERROR] [1773688165.157860482] [AstarSearch]: Unable to handle the initial or end point, force return!
[ego_planner_node-2] [ERROR] [1773688165.157863656] [initControlPoints]: a star error, force return!
[ego_planner_node-2] [32miter(+1)=48,time(ms)=0.118, collided, keep optimizing
[ego_planner_node-2] [0miter=24,time(ms)=0.1,rebound.
[ego_planner_node-2] [ERROR] [1773688165.158119190] [Coord2Index]: Ran out of pool, index=-1 78 92, POOL_SIZE=160 160 160
[ego_planner_node-2] [ERROR] [1773688165.158123340] [AstarSearch]: Unable to handle the initial or end point, force return!
[ego_planner_node-2] [ERROR] [1773688165.158125827] [initControlPoints]: a star error, force return!
[ego_planner_node-2] [32miter(+1)=51,time(ms)=0.128, collided, keep optimizing
[ego_planner_node-2] [0miter=21,time(ms)=0.07,rebound.
[ego_planner_node-2] iter=54,time(ms)=0.16,rebound.
[ego_planner_node-2] iter=7,time(ms)=0.02,rebound.
[ego_planner_node-2] [32miter(+1)=33,time(ms)=0.083, collided, keep optimizing
[ego_planner_node-2] [0mtraj 4 failed.
[ego_planner_node-2] plan_success=0
[ego_planner_node-2] refine_success=0
[ego_planner_node-2] [47;30m
[ego_planner_node-2] [drone 0 replan 110]==============================================[0m
[ego_planner_node-2] [1;33mmulti-trajs=4[1;0m
[ego_planner_node-2] iter=15,time(ms)=0.11,rebound.
[ego_planner_node-2] iter=8,time(ms)=0.023,rebound.
[ego_planner_node-2] iter=26,time(ms)=0.097,rebound.
[ego_planner_node-2] iter=36,time(ms)=1.1,rebound.
[ego_planner_node-2] iter=39,time(ms)=0.23,rebound.
[ego_planner_node-2] iter=7,time(ms)=0.083,rebound.
[ego_planner_node-2] iter=60,time(ms)=0.16,rebound.
[ego_planner_node-2] [32miter(+1)=49,time(ms)=0.122, collided, keep optimizing
[ego_planner_node-2] [0miter=44,time(ms)=0.12,rebound.
[ego_planner_node-2] iter=21,time(ms)=0.096,rebound.
[ego_planner_node-2] [WARN] [1773688165.162531994] [check_collision_and_rebound]: Failed to generate direction. It doesn't matter.
[ego_planner_node-2] [WARN] [1773688165.162555986] [check_collision_and_rebound]: Failed to generate direction. It doesn't matter.
[ego_planner_node-2] [WARN] [1773688165.162572364] [check_collision_and_rebound]: Failed to generate direction. It doesn't matter.
[ego_planner_node-2] [32miter(+1)=25,time(ms)=0.063, collided, keep optimizing
[ego_planner_node-2] [0miter=27,time(ms)=0.086,rebound.
[ego_planner_node-2] iter=5,time(ms)=0.016,rebound.
[ego_planner_node-2] iter=5,time(ms)=0.015,rebound.
[ego_planner_node-2] [WARN] [1773688165.162587333] [check_collision_and_rebound]: Failed to generate direction. It doesn't matter.
[ego_planner_node-2] [WARN] [1773688165.162602506] [check_collision_and_rebound]: Failed to generate direction. It doesn't matter.
[ego_planner_node-2] [WARN] [1773688165.162617070] [check_collision_and_rebound]: Failed to generate direction. It doesn't matter.
[ego_planner_node-2] [WARN] [1773688165.162631729] [check_collision_and_rebound]: Failed to generate direction. It doesn't matter.
[ego_planner_node-2] iter=5,time(ms)=0.014,rebound.
[ego_planner_node-2] iter=5,time(ms)=0.014,rebound.
[ego_planner_node-2] iter=5,time(ms)=0.014,rebound.
[ego_planner_node-2] iter=5,time(ms)=0.014,rebound.
[ego_planner_node-2] iter=5,time(ms)=0.013,rebound.
[ego_planner_node-2] [WARN] [1773688165.162678322] [check_collision_and_rebound]: Failed to generate direction. It doesn't matter.
[ego_planner_node-2] [WARN] [1773688165.162695540] [check_collision_and_rebound]: Failed to generate direction. It doesn't matter.
[ego_planner_node-2] iter=12,time(ms)=0.034,rebound.
[ego_planner_node-2] iter=5,time(ms)=0.016,rebound.
[ego_planner_node-2] [WARN] [1773688165.162711362] [check_collision_and_rebound]: Failed to generate direction. It doesn't matter.
[ego_planner_node-2] [WARN] [1773688165.162727313] [check_collision_and_rebound]: Failed to generate direction. It doesn't matter.
[ego_planner_node-2] iter=5,time(ms)=0.015,rebound.
[ego_planner_node-2] iter=5,time(ms)=0.015,rebound.
[ego_planner_node-2] traj 1 failed.
[ego_planner_node-2] iter=15,time(ms)=0.58,rebound.
[ego_planner_node-2] iter=7,time(ms)=0.021,rebound.
[ego_planner_node-2] iter=17,time(ms)=0.042,rebound.
[ego_planner_node-2] iter=43,time(ms)=0.21,rebound.
[ego_planner_node-2] [32miter(+1)=41,time(ms)=0.098, collided, keep optimizing
[ego_planner_node-2] [0m[32miter(+1)=58,time(ms)=0.140, collided, keep optimizing
[ego_planner_node-2] [0m[32miter(+1)=64,time(ms)=0.164, collided, keep optimizing
[ego_planner_node-2] [0mtraj 2 failed.
[ego_planner_node-2] iter=15,time(ms)=0.097,rebound.
[ego_planner_node-2] iter=6,time(ms)=0.26,rebound.
[ego_planner_node-2] iter=6,time(ms)=0.14,rebound.
[ego_planner_node-2] [ERROR] [1773688165.164869940] [Coord2Index]: Ran out of pool, index=-1 56 119, POOL_SIZE=160 160 160
[ego_planner_node-2] [ERROR] [1773688165.164880118] [AstarSearch]: Unable to handle the initial or end point, force return!
[ego_planner_node-2] [ERROR] [1773688165.164893271] [check_collision_and_rebound]: a star error
[ego_planner_node-2] iter=9,time(ms)=0.046,rebound.
[ego_planner_node-2] iter=5,time(ms)=0.16,rebound.
[ego_planner_node-2] iter=8,time(ms)=0.034,rebound.
[ego_planner_node-2] iter=18,time(ms)=0.12,rebound.
[ego_planner_node-2] iter=32,time(ms)=0.19,rebound.
[ego_planner_node-2] [32miter(+1)=59,time(ms)=0.157, collided, keep optimizing
[ego_planner_node-2] [0m[32miter(+1)=59,time(ms)=0.167, collided, keep optimizing
[ego_planner_node-2] [0m[32miter(+1)=38,time(ms)=0.110, collided, keep optimizing
[ego_planner_node-2] [0mtraj 3 failed.
[ego_planner_node-2] iter=17,time(ms)=0.62,rebound.
[ego_planner_node-2] iter=20,time(ms)=0.12,rebound.
[ego_planner_node-2] iter=71,time(ms)=0.19,rebound.
[ego_planner_node-2] [ERROR] [1773688165.167083619] [Coord2Index]: Ran out of pool, index=160 59 88, POOL_SIZE=160 160 160
[ego_planner_node-2] [ERROR] [1773688165.167090630] [AstarSearch]: Unable to handle the initial or end point, force return!
[ego_planner_node-2] [ERROR] [1773688165.167093628] [initControlPoints]: a star error, force return!
[ego_planner_node-2] [32miter(+1)=48,time(ms)=0.116, collided, keep optimizing
[ego_planner_node-2] [0miter=24,time(ms)=0.1,rebound.
[ego_planner_node-2] [ERROR] [1773688165.167350912] [Coord2Index]: Ran out of pool, index=-1 78 92, POOL_SIZE=160 160 160
[ego_planner_node-2] [ERROR] [1773688165.167354699] [AstarSearch]: Unable to handle the initial or end point, force return!
[ego_planner_node-2] [ERROR] [1773688165.167357194] [initControlPoints]: a star error, force return!
[ego_planner_node-2] [32miter(+1)=51,time(ms)=0.128, collided, keep optimizing
[ego_planner_node-2] [0miter=21,time(ms)=0.069,rebound.
[ego_planner_node-2] iter=54,time(ms)=0.16,rebound.
[ego_planner_node-2] iter=7,time(ms)=0.021,rebound.
[ego_planner_node-2] [32miter(+1)=33,time(ms)=0.083, collided, keep optimizing
[ego_planner_node-2] [0mtraj 4 failed.
[ego_planner_node-2] plan_success=0
[ego_planner_node-2] refine_success=0
[ego_planner_node-2] [47;30m
[ego_planner_node-2] [drone 0 replan 111]==============================================[0m
[ego_planner_node-2] [1;33mmulti-trajs=4[1;0m
[ego_planner_node-2] iter=15,time(ms)=0.11,rebound.
[ego_planner_node-2] iter=8,time(ms)=0.023,rebound.
[ego_planner_node-2] iter=26,time(ms)=0.097,rebound.
[ego_planner_node-2] iter=36,time(ms)=1.1,rebound.
[ego_planner_node-2] iter=39,time(ms)=0.24,rebound.
[ego_planner_node-2] iter=7,time(ms)=0.08,rebound.
[ego_planner_node-2] iter=60,time(ms)=0.16,rebound.
[ego_planner_node-2] [32miter(+1)=49,time(ms)=0.121, collided, keep optimizing
[ego_planner_node-2] [0miter=44,time(ms)=0.12,rebound.
[ego_planner_node-2] iter=20,time(ms)=0.09,rebound.
[ego_planner_node-2] [WARN] [1773688165.171763186] [check_collision_and_rebound]: Failed to generate direction. It doesn't matter.
[ego_planner_node-2] [WARN] [1773688165.171785591] [check_collision_and_rebound]: Failed to generate direction. It doesn't matter.
[ego_planner_node-2] [WARN] [1773688165.171801313] [check_collision_and_rebound]: Failed to generate direction. It doesn't matter.
[ego_planner_node-2] [32miter(+1)=23,time(ms)=0.056, collided, keep optimizing
[ego_planner_node-2] [0miter=33,time(ms)=0.1,rebound.
[ego_planner_node-2] iter=5,time(ms)=0.015,rebound.
[ego_planner_node-2] iter=5,time(ms)=0.014,rebound.
[ego_planner_node-2] [WARN] [1773688165.171817258] [check_collision_and_rebound]: Failed to generate direction. It doesn't matter.
[ego_planner_node-2] [WARN] [1773688165.171831547] [check_collision_and_rebound]: Failed to generate direction. It doesn't matter.
[ego_planner_node-2] iter=5,time(ms)=0.015,rebound.
[ego_planner_node-2] iter=5,time(ms)=0.014,rebound.
[ego_planner_node-2] [WARN] [1773688165.171846026] [check_collision_and_rebound]: Failed to generate direction. It doesn't matter.
[ego_planner_node-2] [WARN] [1773688165.171860256] [check_collision_and_rebound]: Failed to generate direction. It doesn't matter.
[ego_planner_node-2] [WARN] [1773688165.171874206] [check_collision_and_rebound]: Failed to generate direction. It doesn't matter.
[ego_planner_node-2] [WARN] [1773688165.171887897] [check_collision_and_rebound]: Failed to generate direction. It doesn't matter.
[ego_planner_node-2] [WARN] [1773688165.171901562] [check_collision_and_rebound]: Failed to generate direction. It doesn't matter.
[ego_planner_node-2] [WARN] [1773688165.171915036] [check_collision_and_rebound]: Failed to generate direction. It doesn't matter.
[ego_planner_node-2] [WARN] [1773688165.171928547] [check_collision_and_rebound]: Failed to generate direction. It doesn't matter.
[ego_planner_node-2] iter=5,time(ms)=0.014,rebound.
[ego_planner_node-2] iter=5,time(ms)=0.013,rebound.
[ego_planner_node-2] iter=5,time(ms)=0.013,rebound.
[ego_planner_node-2] iter=5,time(ms)=0.013,rebound.
[ego_planner_node-2] iter=5,time(ms)=0.013,rebound.
[ego_planner_node-2] iter=5,time(ms)=0.013,rebound.
[ego_planner_node-2] iter=5,time(ms)=0.013,rebound.
[ego_planner_node-2] traj 1 failed.
[ego_planner_node-2] iter=15,time(ms)=0.57,rebound.
[ego_planner_node-2] iter=7,time(ms)=0.022,rebound.
[ego_planner_node-2] iter=17,time(ms)=0.043,rebound.
[ego_planner_node-2] iter=43,time(ms)=0.21,rebound.
[ego_planner_node-2] [32miter(+1)=41,time(ms)=0.099, collided, keep optimizing
[ego_planner_node-2] [0m[32miter(+1)=58,time(ms)=0.139, collided, keep optimizing
[ego_planner_node-2] [0m[32miter(+1)=64,time(ms)=0.163, collided, keep optimizing
[ego_planner_node-2] [0mtraj 2 failed.
[ego_planner_node-2] iter=15,time(ms)=0.098,rebound.
[ego_planner_node-2] iter=6,time(ms)=0.26,rebound.
[ego_planner_node-2] iter=6,time(ms)=0.14,rebound.
[ego_planner_node-2] [ERROR] [1773688165.174053946] [Coord2Index]: Ran out of pool, index=-1 56 119, POOL_SIZE=160 160 160
[ego_planner_node-2] [ERROR] [1773688165.174060948] [AstarSearch]: Unable to handle the initial or end point, force return!
[ego_planner_node-2] [ERROR] [1773688165.174064156] [check_collision_and_rebound]: a star error
[ego_planner_node-2] iter=9,time(ms)=0.032,rebound.
[ego_planner_node-2] iter=5,time(ms)=0.16,rebound.
[ego_planner_node-2] iter=8,time(ms)=0.032,rebound.
[ego_planner_node-2] iter=18,time(ms)=0.12,rebound.
[ego_planner_node-2] iter=32,time(ms)=0.19,rebound.
[ego_planner_node-2] [32miter(+1)=59,time(ms)=0.156, collided, keep optimizing
[ego_planner_node-2] [0m[32miter(+1)=59,time(ms)=0.168, collided, keep optimizing
[ego_planner_node-2] [0m[32miter(+1)=38,time(ms)=0.110, collided, keep optimizing
[ego_planner_node-2] [0mtraj 3 failed.
[ego_planner_node-2] iter=17,time(ms)=0.62,rebound.
[ego_planner_node-2] iter=20,time(ms)=0.12,rebound.
[ego_planner_node-2] iter=71,time(ms)=0.18,rebound.
[ego_planner_node-2] [ERROR] [1773688165.176241152] [Coord2Index]: Ran out of pool, index=160 59 88, POOL_SIZE=160 160 160
[ego_planner_node-2] [ERROR] [1773688165.176246971] [AstarSearch]: Unable to handle the initial or end point, force return!
[ego_planner_node-2] [ERROR] [1773688165.176249831] [initControlPoints]: a star error, force return!
[ego_planner_node-2] [32miter(+1)=48,time(ms)=0.115, collided, keep optimizing
[ego_planner_node-2] [0miter=24,time(ms)=0.1,rebound.
[ego_planner_node-2] [ERROR] [1773688165.176505457] [Coord2Index]: Ran out of pool, index=-1 78 92, POOL_SIZE=160 160 160
[ego_planner_node-2] [ERROR] [1773688165.176508933] [AstarSearch]: Unable to handle the initial or end point, force return!
[ego_planner_node-2] [ERROR] [1773688165.176511359] [initControlPoints]: a star error, force return!
[ego_planner_node-2] [32miter(+1)=51,time(ms)=0.128, collided, keep optimizing
[ego_planner_node-2] [0miter=21,time(ms)=0.069,rebound.
[ego_planner_node-2] iter=54,time(ms)=0.16,rebound.
[ego_planner_node-2] iter=7,time(ms)=0.02,rebound.
[ego_planner_node-2] [32miter(+1)=33,time(ms)=0.084, collided, keep optimizing
[ego_planner_node-2] [0mtraj 4 failed.
[ego_planner_node-2] plan_success=0
[ego_planner_node-2] refine_success=0
[ego_planner_node-2] [47;30m
[ego_planner_node-2] [drone 0 replan 112]==============================================[0m
[ego_planner_node-2] [1;33mmulti-trajs=4[1;0m
[ego_planner_node-2] iter=15,time(ms)=0.1,rebound.
[ego_planner_node-2] iter=8,time(ms)=0.023,rebound.
[ego_planner_node-2] iter=26,time(ms)=0.097,rebound.
[ego_planner_node-2] iter=36,time(ms)=1.1,rebound.
[ego_planner_node-2] iter=39,time(ms)=0.24,rebound.
[ego_planner_node-2] iter=7,time(ms)=0.08,rebound.
[ego_planner_node-2] iter=60,time(ms)=0.16,rebound.
[ego_planner_node-2] [32miter(+1)=49,time(ms)=0.122, collided, keep optimizing
[ego_planner_node-2] [0miter=44,time(ms)=0.13,rebound.
[ego_planner_node-2] iter=21,time(ms)=0.094,rebound.
[ego_planner_node-2] [WARN] [1773688165.180854746] [check_collision_and_rebound]: Failed to generate direction. It doesn't matter.
[ego_planner_node-2] [WARN] [1773688165.180877076] [check_collision_and_rebound]: Failed to generate direction. It doesn't matter.
[ego_planner_node-2] [32miter(+1)=25,time(ms)=0.063, collided, keep optimizing
[ego_planner_node-2] [0miter=27,time(ms)=0.086,rebound.
[ego_planner_node-2] iter=5,time(ms)=0.016,rebound.
[ego_planner_node-2] [WARN] [1773688165.180893540] [check_collision_and_rebound]: Failed to generate direction. It doesn't matter.
[ego_planner_node-2] [WARN] [1773688165.180908833] [check_collision_and_rebound]: Failed to generate direction. It doesn't matter.
[ego_planner_node-2] [WARN] [1773688165.180923794] [check_collision_and_rebound]: Failed to generate direction. It doesn't matter.
[ego_planner_node-2] [WARN] [1773688165.180938391] [check_collision_and_rebound]: Failed to generate direction. It doesn't matter.
[ego_planner_node-2] [WARN] [1773688165.180953126] [check_collision_and_rebound]: Failed to generate direction. It doesn't matter.
[ego_planner_node-2] iter=5,time(ms)=0.015,rebound.
[ego_planner_node-2] iter=5,time(ms)=0.014,rebound.
[ego_planner_node-2] iter=5,time(ms)=0.014,rebound.
[ego_planner_node-2] iter=5,time(ms)=0.014,rebound.
[ego_planner_node-2] iter=5,time(ms)=0.014,rebound.
[ego_planner_node-2] [WARN] [1773688165.180967574] [check_collision_and_rebound]: Failed to generate direction. It doesn't matter.
[ego_planner_node-2] [WARN] [1773688165.180981784] [check_collision_and_rebound]: Failed to generate direction. It doesn't matter.
[ego_planner_node-2] iter=5,time(ms)=0.014,rebound.
[ego_planner_node-2] iter=5,time(ms)=0.013,rebound.
[ego_planner_node-2] [WARN] [1773688165.180995899] [check_collision_and_rebound]: Failed to generate direction. It doesn't matter.
[ego_planner_node-2] [WARN] [1773688165.181009971] [check_collision_and_rebound]: Failed to generate direction. It doesn't matter.
[ego_planner_node-2] [WARN] [1773688165.181023598] [check_collision_and_rebound]: Failed to generate direction. It doesn't matter.
[ego_planner_node-2] iter=5,time(ms)=0.014,rebound.
[ego_planner_node-2] iter=5,time(ms)=0.013,rebound.
[ego_planner_node-2] iter=5,time(ms)=0.013,rebound.
[ego_planner_node-2] traj 1 failed.
[ego_planner_node-2] iter=15,time(ms)=0.57,rebound.
[ego_planner_node-2] iter=7,time(ms)=0.021,rebound.
[ego_planner_node-2] iter=17,time(ms)=0.042,rebound.
[ego_planner_node-2] iter=43,time(ms)=0.21,rebound.
[ego_planner_node-2] [32miter(+1)=41,time(ms)=0.097, collided, keep optimizing
[ego_planner_node-2] [0m[32miter(+1)=58,time(ms)=0.143, collided, keep optimizing
[ego_planner_node-2] [0m[32miter(+1)=64,time(ms)=0.164, collided, keep optimizing
[ego_planner_node-2] [0mtraj 2 failed.
[ego_planner_node-2] iter=15,time(ms)=0.096,rebound.
[ego_planner_node-2] iter=6,time(ms)=0.26,rebound.
[ego_planner_node-2] iter=6,time(ms)=0.14,rebound.
[ego_planner_node-2] [ERROR] [1773688165.183157765] [Coord2Index]: Ran out of pool, index=-1 56 119, POOL_SIZE=160 160 160
[ego_planner_node-2] [ERROR] [1773688165.183168418] [AstarSearch]: Unable to handle the initial or end point, force return!
[ego_planner_node-2] [ERROR] [1773688165.183171804] [check_collision_and_rebound]: a star error
[ego_planner_node-2] iter=9,time(ms)=0.036,rebound.
[ego_planner_node-2] iter=5,time(ms)=0.16,rebound.
[ego_planner_node-2] iter=8,time(ms)=0.034,rebound.
[ego_planner_node-2] iter=18,time(ms)=0.12,rebound.
[ego_planner_node-2] iter=32,time(ms)=0.19,rebound.
[ego_planner_node-2] [32miter(+1)=59,time(ms)=0.158, collided, keep optimizing
[ego_planner_node-2] [0m[32miter(+1)=59,time(ms)=0.167, collided, keep optimizing
[ego_planner_node-2] [0m[32miter(+1)=38,time(ms)=0.110, collided, keep optimizing
[ego_planner_node-2] [0mtraj 3 failed.
[ego_planner_node-2] iter=17,time(ms)=0.62,rebound.
[ego_planner_node-2] iter=20,time(ms)=0.12,rebound.
[ego_planner_node-2] iter=71,time(ms)=0.19,rebound.
[ego_planner_node-2] [ERROR] [1773688165.185348868] [Coord2Index]: Ran out of pool, index=160 59 88, POOL_SIZE=160 160 160
[ego_planner_node-2] [ERROR] [1773688165.185354982] [AstarSearch]: Unable to handle the initial or end point, force return!
[ego_planner_node-2] [ERROR] [1773688165.185357773] [initControlPoints]: a star error, force return!
[ego_planner_node-2] [32miter(+1)=48,time(ms)=0.116, collided, keep optimizing
[ego_planner_node-2] [0miter=24,time(ms)=0.1,rebound.
[ego_planner_node-2] [ERROR] [1773688165.185614101] [Coord2Index]: Ran out of pool, index=-1 78 92, POOL_SIZE=160 160 160
[ego_planner_node-2] [ERROR] [1773688165.185618017] [AstarSearch]: Unable to handle the initial or end point, force return!
[ego_planner_node-2] [ERROR] [1773688165.185620566] [initControlPoints]: a star error, force return!
[ego_planner_node-2] [32miter(+1)=51,time(ms)=0.129, collided, keep optimizing
[ego_planner_node-2] [0miter=21,time(ms)=0.069,rebound.
[ego_planner_node-2] iter=54,time(ms)=0.16,rebound.
[ego_planner_node-2] iter=7,time(ms)=0.02,rebound.
[ego_planner_node-2] [32miter(+1)=33,time(ms)=0.084, collided, keep optimizing
[ego_planner_node-2] [0mtraj 4 failed.
[ego_planner_node-2] plan_success=0
[ego_planner_node-2] refine_success=0
[ego_planner_node-2] [47;30m
[ego_planner_node-2] [drone 0 replan 113]==============================================[0m
[ego_planner_node-2] [1;33mmulti-trajs=4[1;0m
[ego_planner_node-2] iter=15,time(ms)=0.11,rebound.
[ego_planner_node-2] iter=8,time(ms)=0.023,rebound.
[ego_planner_node-2] iter=26,time(ms)=0.097,rebound.
[ego_planner_node-2] iter=36,time(ms)=1.1,rebound.
[ego_planner_node-2] iter=39,time(ms)=0.23,rebound.
[ego_planner_node-2] iter=7,time(ms)=0.081,rebound.
[ego_planner_node-2] iter=60,time(ms)=0.16,rebound.
[ego_planner_node-2] [32miter(+1)=49,time(ms)=0.122, collided, keep optimizing
[ego_planner_node-2] [0miter=44,time(ms)=0.12,rebound.
[ego_planner_node-2] iter=21,time(ms)=0.094,rebound.
[ego_planner_node-2] [WARN] [1773688165.190030027] [check_collision_and_rebound]: Failed to generate direction. It doesn't matter.
[ego_planner_node-2] [32miter(+1)=25,time(ms)=0.063, collided, keep optimizing
[ego_planner_node-2] [0miter=27,time(ms)=0.083,rebound.
[ego_planner_node-2] [WARN] [1773688165.190051130] [check_collision_and_rebound]: Failed to generate direction. It doesn't matter.
[ego_planner_node-2] [WARN] [1773688165.190067056] [check_collision_and_rebound]: Failed to generate direction. It doesn't matter.
[ego_planner_node-2] [WARN] [1773688165.190082199] [check_collision_and_rebound]: Failed to generate direction. It doesn't matter.
[ego_planner_node-2] [WARN] [1773688165.190096995] [check_collision_and_rebound]: Failed to generate direction. It doesn't matter.
[ego_planner_node-2] iter=5,time(ms)=0.016,rebound.
[ego_planner_node-2] iter=5,time(ms)=0.015,rebound.
[ego_planner_node-2] iter=5,time(ms)=0.014,rebound.
[ego_planner_node-2] iter=5,time(ms)=0.014,rebound.
[ego_planner_node-2] iter=5,time(ms)=0.014,rebound.
[ego_planner_node-2] iter=5,time(ms)=0.014,rebound.
[ego_planner_node-2] [WARN] [1773688165.190111615] [check_collision_and_rebound]: Failed to generate direction. It doesn't matter.
[ego_planner_node-2] [WARN] [1773688165.190126675] [check_collision_and_rebound]: Failed to generate direction. It doesn't matter.
[ego_planner_node-2] [WARN] [1773688165.190141352] [check_collision_and_rebound]: Failed to generate direction. It doesn't matter.
[ego_planner_node-2] [WARN] [1773688165.190155359] [check_collision_and_rebound]: Failed to generate direction. It doesn't matter.
[ego_planner_node-2] [WARN] [1773688165.190169356] [check_collision_and_rebound]: Failed to generate direction. It doesn't matter.
[ego_planner_node-2] [WARN] [1773688165.190183037] [check_collision_and_rebound]: Failed to generate direction. It doesn't matter.
[ego_planner_node-2] [WARN] [1773688165.190196359] [check_collision_and_rebound]: Failed to generate direction. It doesn't matter.
[ego_planner_node-2] iter=5,time(ms)=0.014,rebound.
[ego_planner_node-2] iter=5,time(ms)=0.013,rebound.
[ego_planner_node-2] iter=5,time(ms)=0.013,rebound.
[ego_planner_node-2] iter=5,time(ms)=0.013,rebound.
[ego_planner_node-2] iter=5,time(ms)=0.013,rebound.
[ego_planner_node-2] traj 1 failed.
[ego_planner_node-2] iter=15,time(ms)=0.58,rebound.
[ego_planner_node-2] iter=7,time(ms)=0.021,rebound.
[ego_planner_node-2] iter=17,time(ms)=0.044,rebound.
[ego_planner_node-2] iter=43,time(ms)=0.21,rebound.
[ego_planner_node-2] [32miter(+1)=41,time(ms)=0.098, collided, keep optimizing
[ego_planner_node-2] [0m[32miter(+1)=58,time(ms)=0.140, collided, keep optimizing
[ego_planner_node-2] [0m[32miter(+1)=64,time(ms)=0.163, collided, keep optimizing
[ego_planner_node-2] [0mtraj 2 failed.
[ego_planner_node-2] iter=15,time(ms)=0.095,rebound.
[ego_planner_node-2] iter=6,time(ms)=0.25,rebound.
[ego_planner_node-2] iter=6,time(ms)=0.14,rebound.
[ego_planner_node-2] [ERROR] [1773688165.192326993] [Coord2Index]: Ran out of pool, index=-1 56 119, POOL_SIZE=160 160 160
[ego_planner_node-2] [ERROR] [1773688165.192334396] [AstarSearch]: Unable to handle the initial or end point, force return!
[ego_planner_node-2] [ERROR] [1773688165.192337832] [check_collision_and_rebound]: a star error
[ego_planner_node-2] iter=9,time(ms)=0.033,rebound.
[ego_planner_node-2] iter=5,time(ms)=0.16,rebound.
[ego_planner_node-2] iter=8,time(ms)=0.033,rebound.
[ego_planner_node-2] iter=18,time(ms)=0.12,rebound.
[ego_planner_node-2] iter=32,time(ms)=0.19,rebound.
[ego_planner_node-2] [32miter(+1)=59,time(ms)=0.156, collided, keep optimizing
[ego_planner_node-2] [0m[32miter(+1)=59,time(ms)=0.166, collided, keep optimizing
[ego_planner_node-2] [0m[32miter(+1)=38,time(ms)=0.109, collided, keep optimizing
[ego_planner_node-2] [0mtraj 3 failed.
[ego_planner_node-2] iter=17,time(ms)=0.63,rebound.
[ego_planner_node-2] iter=20,time(ms)=0.12,rebound.
[ego_planner_node-2] iter=71,time(ms)=0.18,rebound.
[ego_planner_node-2] [ERROR] [1773688165.194515661] [Coord2Index]: Ran out of pool, index=160 59 88, POOL_SIZE=160 160 160
[ego_planner_node-2] [ERROR] [1773688165.194522452] [AstarSearch]: Unable to handle the initial or end point, force return!
[ego_planner_node-2] [ERROR] [1773688165.194525366] [initControlPoints]: a star error, force return!
[ego_planner_node-2] [32miter(+1)=48,time(ms)=0.115, collided, keep optimizing
[ego_planner_node-2] [0miter=24,time(ms)=0.099,rebound.
[ego_planner_node-2] [ERROR] [1773688165.194779770] [Coord2Index]: Ran out of pool, index=-1 78 92, POOL_SIZE=160 160 160
[ego_planner_node-2] [ERROR] [1773688165.194783269] [AstarSearch]: Unable to handle the initial or end point, force return!
[ego_planner_node-2] [ERROR] [1773688165.194785607] [initControlPoints]: a star error, force return!
[ego_planner_node-2] [32miter(+1)=51,time(ms)=0.127, collided, keep optimizing
[ego_planner_node-2] [0miter=21,time(ms)=0.07,rebound.
[ego_planner_node-2] iter=54,time(ms)=0.16,rebound.
[ego_planner_node-2] iter=7,time(ms)=0.02,rebound.
[ego_planner_node-2] [32miter(+1)=33,time(ms)=0.083, collided, keep optimizing
[ego_planner_node-2] [0mtraj 4 failed.
[ego_planner_node-2] plan_success=0
[ego_planner_node-2] refine_success=0
[ego_planner_node-2] [47;30m
[ego_planner_node-2] [drone 0 replan 114]==============================================[0m
[ego_planner_node-2] [1;33mmulti-trajs=4[1;0m
[ego_planner_node-2] iter=15,time(ms)=0.11,rebound.
[ego_planner_node-2] iter=8,time(ms)=0.026,rebound.
[ego_planner_node-2] iter=26,time(ms)=0.097,rebound.
[ego_planner_node-2] iter=36,time(ms)=1.1,rebound.
[ego_planner_node-2] iter=39,time(ms)=0.23,rebound.
[ego_planner_node-2] iter=7,time(ms)=0.08,rebound.
[ego_planner_node-2] iter=60,time(ms)=0.16,rebound.
[ego_planner_node-2] [32miter(+1)=49,time(ms)=0.122, collided, keep optimizing
[ego_planner_node-2] [0miter=44,time(ms)=0.13,rebound.
[ego_planner_node-2] iter=19,time(ms)=0.085,rebound.
[ego_planner_node-2] [32miter(+1)=23,time(ms)=0.057, collided, keep optimizing
[ego_planner_node-2] [0miter=30,time(ms)=0.088,rebound.
[ego_planner_node-2] [WARN] [1773688165.199157498] [check_collision_and_rebound]: Failed to generate direction. It doesn't matter.
[ego_planner_node-2] [WARN] [1773688165.199177730] [check_collision_and_rebound]: Failed to generate direction. It doesn't matter.
[ego_planner_node-2] [WARN] [1773688165.199193842] [check_collision_and_rebound]: Failed to generate direction. It doesn't matter.
[ego_planner_node-2] [WARN] [1773688165.199210293] [check_collision_and_rebound]: Failed to generate direction. It doesn't matter.
[ego_planner_node-2] iter=15,time(ms)=0.046,rebound.
[ego_planner_node-2] iter=5,time(ms)=0.016,rebound.
[ego_planner_node-2] iter=5,time(ms)=0.015,rebound.
[ego_planner_node-2] iter=5,time(ms)=0.016,rebound.
[ego_planner_node-2] [WARN] [1773688165.199225818] [check_collision_and_rebound]: Failed to generate direction. It doesn't matter.
[ego_planner_node-2] [WARN] [1773688165.199241323] [check_collision_and_rebound]: Failed to generate direction. It doesn't matter.
[ego_planner_node-2] iter=5,time(ms)=0.015,rebound.
[ego_planner_node-2] iter=5,time(ms)=0.015,rebound.
[ego_planner_node-2] [WARN] [1773688165.199256492] [check_collision_and_rebound]: Failed to generate direction. It doesn't matter.
[ego_planner_node-2] [WARN] [1773688165.199271605] [check_collision_and_rebound]: Failed to generate direction. It doesn't matter.
[ego_planner_node-2] [WARN] [1773688165.199287086] [check_collision_and_rebound]: Failed to generate direction. It doesn't matter.
[ego_planner_node-2] [WARN] [1773688165.199302377] [check_collision_and_rebound]: Failed to generate direction. It doesn't matter.
[ego_planner_node-2] [WARN] [1773688165.199317404] [check_collision_and_rebound]: Failed to generate direction. It doesn't matter.
[ego_planner_node-2] iter=5,time(ms)=0.014,rebound.
[ego_planner_node-2] iter=5,time(ms)=0.014,rebound.
[ego_planner_node-2] iter=5,time(ms)=0.015,rebound.
[ego_planner_node-2] iter=5,time(ms)=0.014,rebound.
[ego_planner_node-2] iter=5,time(ms)=0.014,rebound.
[ego_planner_node-2] traj 1 failed.
[ego_planner_node-2] iter=15,time(ms)=0.58,rebound.
[ego_planner_node-2] iter=7,time(ms)=0.021,rebound.
[ego_planner_node-2] iter=17,time(ms)=0.043,rebound.
[ego_planner_node-2] iter=43,time(ms)=0.21,rebound.
[ego_planner_node-2] [32miter(+1)=41,time(ms)=0.097, collided, keep optimizing
[ego_planner_node-2] [0m[32miter(+1)=58,time(ms)=0.139, collided, keep optimizing
[ego_planner_node-2] [0m[32miter(+1)=64,time(ms)=0.165, collided, keep optimizing
[ego_planner_node-2] [0mtraj 2 failed.
[ego_planner_node-2] iter=15,time(ms)=0.098,rebound.
[ego_planner_node-2] iter=6,time(ms)=0.26,rebound.
[ego_planner_node-2] iter=6,time(ms)=0.14,rebound.
[ego_planner_node-2] [ERROR] [1773688165.201458130] [Coord2Index]: Ran out of pool, index=-1 56 119, POOL_SIZE=160 160 160
[ego_planner_node-2] [ERROR] [1773688165.201468953] [AstarSearch]: Unable to handle the initial or end point, force return!
[ego_planner_node-2] [ERROR] [1773688165.201472273] [check_collision_and_rebound]: a star error
[ego_planner_node-2] iter=9,time(ms)=0.036,rebound.
[ego_planner_node-2] iter=5,time(ms)=0.16,rebound.
[ego_planner_node-2] iter=8,time(ms)=0.033,rebound.
[ego_planner_node-2] iter=18,time(ms)=0.12,rebound.
[ego_planner_node-2] iter=32,time(ms)=0.19,rebound.
[ego_planner_node-2] [32miter(+1)=59,time(ms)=0.156, collided, keep optimizing
[ego_planner_node-2] [0m[32miter(+1)=59,time(ms)=0.167, collided, keep optimizing
[ego_planner_node-2] [0m[32miter(+1)=38,time(ms)=0.109, collided, keep optimizing
[ego_planner_node-2] [0mtraj 3 failed.
[ego_planner_node-2] iter=17,time(ms)=0.62,rebound.
[ego_planner_node-2] iter=20,time(ms)=0.12,rebound.
[ego_planner_node-2] iter=71,time(ms)=0.18,rebound.
[ego_planner_node-2] [ERROR] [1773688165.203646778] [Coord2Index]: Ran out of pool, index=160 59 88, POOL_SIZE=160 160 160
[ego_planner_node-2] [ERROR] [1773688165.203652713] [AstarSearch]: Unable to handle the initial or end point, force return!
[ego_planner_node-2] [ERROR] [1773688165.203655839] [initControlPoints]: a star error, force return!
[ego_planner_node-2] [32miter(+1)=48,time(ms)=0.116, collided, keep optimizing
[ego_planner_node-2] [0miter=24,time(ms)=0.1,rebound.
[ego_planner_node-2] [ERROR] [1773688165.203915184] [Coord2Index]: Ran out of pool, index=-1 78 92, POOL_SIZE=160 160 160
[ego_planner_node-2] [ERROR] [1773688165.203919494] [AstarSearch]: Unable to handle the initial or end point, force return!
[ego_planner_node-2] [ERROR] [1773688165.203921949] [initControlPoints]: a star error, force return!
[ego_planner_node-2] [32miter(+1)=51,time(ms)=0.132, collided, keep optimizing
[ego_planner_node-2] [0miter=21,time(ms)=0.069,rebound.
[ego_planner_node-2] iter=54,time(ms)=0.16,rebound.
[ego_planner_node-2] iter=7,time(ms)=0.021,rebound.
[ego_planner_node-2] [32miter(+1)=33,time(ms)=0.083, collided, keep optimizing
[ego_planner_node-2] [0mtraj 4 failed.
[ego_planner_node-2] plan_success=0
[ego_planner_node-2] refine_success=0
[ego_planner_node-2] [47;30m
[ego_planner_node-2] [drone 0 replan 115]==============================================[0m
[ego_planner_node-2] [1;33mmulti-trajs=4[1;0m
[ego_planner_node-2] iter=15,time(ms)=0.11,rebound.
[ego_planner_node-2] iter=8,time(ms)=0.023,rebound.
[ego_planner_node-2] iter=26,time(ms)=0.096,rebound.
[ego_planner_node-2] iter=36,time(ms)=1.1,rebound.
[ego_planner_node-2] iter=39,time(ms)=0.23,rebound.
[ego_planner_node-2] iter=7,time(ms)=0.079,rebound.
[ego_planner_node-2] iter=60,time(ms)=0.16,rebound.
[ego_planner_node-2] [32miter(+1)=49,time(ms)=0.122, collided, keep optimizing
[ego_planner_node-2] [0miter=44,time(ms)=0.13,rebound.
[ego_planner_node-2] iter=20,time(ms)=0.09,rebound.
[ego_planner_node-2] [32miter(+1)=25,time(ms)=0.062, collided, keep optimizing
[ego_planner_node-2] [0miter=32,time(ms)=0.09,rebound.
[ego_planner_node-2] iter=13,time(ms)=0.04,rebound.
[ego_planner_node-2] [WARN] [1773688165.208292782] [check_collision_and_rebound]: Failed to generate direction. It doesn't matter.
[ego_planner_node-2] [WARN] [1773688165.208316633] [check_collision_and_rebound]: Failed to generate direction. It doesn't matter.
[ego_planner_node-2] [WARN] [1773688165.208333324] [check_collision_and_rebound]: Failed to generate direction. It doesn't matter.
[ego_planner_node-2] [WARN] [1773688165.208348835] [check_collision_and_rebound]: Failed to generate direction. It doesn't matter.
[ego_planner_node-2] [WARN] [1773688165.208364857] [check_collision_and_rebound]: Failed to generate direction. It doesn't matter.
[ego_planner_node-2] [WARN] [1773688165.208379910] [check_collision_and_rebound]: Failed to generate direction. It doesn't matter.
[ego_planner_node-2] [WARN] [1773688165.208394898] [check_collision_and_rebound]: Failed to generate direction. It doesn't matter.
[ego_planner_node-2] iter=7,time(ms)=0.02,rebound.
[ego_planner_node-2] iter=5,time(ms)=0.015,rebound.
[ego_planner_node-2] iter=5,time(ms)=0.015,rebound.
[ego_planner_node-2] iter=5,time(ms)=0.015,rebound.
[ego_planner_node-2] iter=5,time(ms)=0.014,rebound.
[ego_planner_node-2] iter=5,time(ms)=0.014,rebound.
[ego_planner_node-2] iter=5,time(ms)=0.014,rebound.
[ego_planner_node-2] [WARN] [1773688165.208409828] [check_collision_and_rebound]: Failed to generate direction. It doesn't matter.
[ego_planner_node-2] [WARN] [1773688165.208424853] [check_collision_and_rebound]: Failed to generate direction. It doesn't matter.
[ego_planner_node-2] [WARN] [1773688165.208439733] [check_collision_and_rebound]: Failed to generate direction. It doesn't matter.
[ego_planner_node-2] [WARN] [1773688165.208454872] [check_collision_and_rebound]: Failed to generate direction. It doesn't matter.
[ego_planner_node-2] iter=5,time(ms)=0.014,rebound.
[ego_planner_node-2] iter=5,time(ms)=0.014,rebound.
[ego_planner_node-2] iter=5,time(ms)=0.014,rebound.
[ego_planner_node-2] traj 1 failed.
[ego_planner_node-2] iter=15,time(ms)=0.57,rebound.
[ego_planner_node-2] iter=7,time(ms)=0.022,rebound.
[ego_planner_node-2] iter=17,time(ms)=0.043,rebound.
[ego_planner_node-2] iter=43,time(ms)=0.21,rebound.
[ego_planner_node-2] [32miter(+1)=41,time(ms)=0.097, collided, keep optimizing
[ego_planner_node-2] [0m[32miter(+1)=58,time(ms)=0.139, collided, keep optimizing
[ego_planner_node-2] [0m[32miter(+1)=64,time(ms)=0.163, collided, keep optimizing
[ego_planner_node-2] [0mtraj 2 failed.
[ego_planner_node-2] iter=15,time(ms)=0.098,rebound.
[ego_planner_node-2] iter=6,time(ms)=0.26,rebound.
[ego_planner_node-2] iter=6,time(ms)=0.14,rebound.
[ego_planner_node-2] [ERROR] [1773688165.210583039] [Coord2Index]: Ran out of pool, index=-1 56 119, POOL_SIZE=160 160 160
[ego_planner_node-2] [ERROR] [1773688165.210589247] [AstarSearch]: Unable to handle the initial or end point, force return!
[ego_planner_node-2] [ERROR] [1773688165.210592332] [check_collision_and_rebound]: a star error
[ego_planner_node-2] iter=9,time(ms)=0.031,rebound.
[ego_planner_node-2] iter=5,time(ms)=0.16,rebound.
[ego_planner_node-2] iter=8,time(ms)=0.033,rebound.
[ego_planner_node-2] iter=18,time(ms)=0.12,rebound.
[ego_planner_node-2] iter=32,time(ms)=0.19,rebound.
[ego_planner_node-2] [32miter(+1)=59,time(ms)=0.157, collided, keep optimizing
[ego_planner_node-2] [0m[32miter(+1)=59,time(ms)=0.167, collided, keep optimizing
[ego_planner_node-2] [0m[32miter(+1)=38,time(ms)=0.109, collided, keep optimizing
[ego_planner_node-2] [0mtraj 3 failed.
[ego_planner_node-2] iter=17,time(ms)=0.62,rebound.
[ego_planner_node-2] iter=20,time(ms)=0.12,rebound.
[ego_planner_node-2] iter=71,time(ms)=0.18,rebound.
[ego_planner_node-2] [ERROR] [1773688165.212770435] [Coord2Index]: Ran out of pool, index=160 59 88, POOL_SIZE=160 160 160
[ego_planner_node-2] [ERROR] [1773688165.212776165] [AstarSearch]: Unable to handle the initial or end point, force return!
[ego_planner_node-2] [ERROR] [1773688165.212778978] [initControlPoints]: a star error, force return!
[ego_planner_node-2] [32miter(+1)=48,time(ms)=0.116, collided, keep optimizing
[ego_planner_node-2] [0miter=24,time(ms)=0.1,rebound.
[ego_planner_node-2] [ERROR] [1773688165.213035942] [Coord2Index]: Ran out of pool, index=-1 78 92, POOL_SIZE=160 160 160
[ego_planner_node-2] [ERROR] [1773688165.213040128] [AstarSearch]: Unable to handle the initial or end point, force return!
[ego_planner_node-2] [ERROR] [1773688165.213042555] [initControlPoints]: a star error, force return!
[ego_planner_node-2] [32miter(+1)=51,time(ms)=0.128, collided, keep optimizing
[ego_planner_node-2] [0miter=21,time(ms)=0.069,rebound.
[ego_planner_node-2] iter=54,time(ms)=0.16,rebound.
[ego_planner_node-2] iter=7,time(ms)=0.02,rebound.
[ego_planner_node-2] [32miter(+1)=33,time(ms)=0.083, collided, keep optimizing
[ego_planner_node-2] [0mtraj 4 failed.
[ego_planner_node-2] plan_success=0
[ego_planner_node-2] refine_success=0
[ego_planner_node-2] [47;30m
[ego_planner_node-2] [drone 0 replan 116]==============================================[0m
[ego_planner_node-2] [1;33mmulti-trajs=4[1;0m
[ego_planner_node-2] iter=15,time(ms)=0.11,rebound.
[ego_planner_node-2] iter=8,time(ms)=0.023,rebound.
[ego_planner_node-2] iter=26,time(ms)=0.096,rebound.
[ego_planner_node-2] iter=36,time(ms)=1.1,rebound.
[ego_planner_node-2] iter=39,time(ms)=0.23,rebound.
[ego_planner_node-2] iter=7,time(ms)=0.081,rebound.
[ego_planner_node-2] iter=60,time(ms)=0.16,rebound.
[ego_planner_node-2] [32miter(+1)=49,time(ms)=0.125, collided, keep optimizing
[ego_planner_node-2] [0miter=44,time(ms)=0.12,rebound.
[ego_planner_node-2] iter=19,time(ms)=0.085,rebound.
[ego_planner_node-2] [WARN] [1773688165.217350346] [check_collision_and_rebound]: Failed to generate direction. It doesn't matter.
[ego_planner_node-2] [WARN] [1773688165.217370927] [check_collision_and_rebound]: Failed to generate direction. It doesn't matter.
[ego_planner_node-2] [WARN] [1773688165.217386334] [check_collision_and_rebound]: Failed to generate direction. It doesn't matter.
[ego_planner_node-2] [32miter(+1)=23,time(ms)=0.057, collided, keep optimizing
[ego_planner_node-2] [0miter=30,time(ms)=0.093,rebound.
[ego_planner_node-2] iter=5,time(ms)=0.015,rebound.
[ego_planner_node-2] iter=5,time(ms)=0.014,rebound.
[ego_planner_node-2] [WARN] [1773688165.217400427] [check_collision_and_rebound]: Failed to generate direction. It doesn't matter.
[ego_planner_node-2] [WARN] [1773688165.217414957] [check_collision_and_rebound]: Failed to generate direction. It doesn't matter.
[ego_planner_node-2] [WARN] [1773688165.217429086] [check_collision_and_rebound]: Failed to generate direction. It doesn't matter.
[ego_planner_node-2] [WARN] [1773688165.217443422] [check_collision_and_rebound]: Failed to generate direction. It doesn't matter.
[ego_planner_node-2] [WARN] [1773688165.217457175] [check_collision_and_rebound]: Failed to generate direction. It doesn't matter.
[ego_planner_node-2] [WARN] [1773688165.217471277] [check_collision_and_rebound]: Failed to generate direction. It doesn't matter.
[ego_planner_node-2] iter=5,time(ms)=0.014,rebound.
[ego_planner_node-2] iter=5,time(ms)=0.014,rebound.
[ego_planner_node-2] iter=5,time(ms)=0.013,rebound.
[ego_planner_node-2] iter=5,time(ms)=0.014,rebound.
[ego_planner_node-2] iter=5,time(ms)=0.013,rebound.
[ego_planner_node-2] iter=5,time(ms)=0.014,rebound.
[ego_planner_node-2] [32miter(+1)=4,time(ms)=0.008, collided, keep optimizing
[ego_planner_node-2] [0mtraj 1 failed.
[ego_planner_node-2] iter=15,time(ms)=0.58,rebound.
[ego_planner_node-2] iter=7,time(ms)=0.021,rebound.
[ego_planner_node-2] iter=17,time(ms)=0.042,rebound.
[ego_planner_node-2] iter=43,time(ms)=0.21,rebound.
[ego_planner_node-2] [32miter(+1)=41,time(ms)=0.097, collided, keep optimizing
[ego_planner_node-2] [0m[32miter(+1)=58,time(ms)=0.139, collided, keep optimizing
[ego_planner_node-2] [0m[32miter(+1)=64,time(ms)=0.163, collided, keep optimizing
[ego_planner_node-2] [0mtraj 2 failed.
[ego_planner_node-2] iter=15,time(ms)=0.095,rebound.
[ego_planner_node-2] iter=6,time(ms)=0.25,rebound.
[ego_planner_node-2] iter=6,time(ms)=0.14,rebound.
[ego_planner_node-2] [ERROR] [1773688165.219774355] [Coord2Index]: Ran out of pool, index=-1 56 119, POOL_SIZE=160 160 160
[ego_planner_node-2] [ERROR] [1773688165.219784662] [AstarSearch]: Unable to handle the initial or end point, force return!
[ego_planner_node-2] [ERROR] [1773688165.219787984] [check_collision_and_rebound]: a star error
[ego_planner_node-2] iter=9,time(ms)=0.035,rebound.
[ego_planner_node-2] iter=5,time(ms)=0.17,rebound.
[ego_planner_node-2] iter=8,time(ms)=0.033,rebound.
[ego_planner_node-2] iter=18,time(ms)=0.12,rebound.
[ego_planner_node-2] iter=32,time(ms)=0.19,rebound.
[ego_planner_node-2] [32miter(+1)=59,time(ms)=0.156, collided, keep optimizing
[ego_planner_node-2] [0m[32miter(+1)=59,time(ms)=0.167, collided, keep optimizing
[ego_planner_node-2] [0m[32miter(+1)=38,time(ms)=0.111, collided, keep optimizing
[ego_planner_node-2] [0mtraj 3 failed.
[ego_planner_node-2] iter=17,time(ms)=0.62,rebound.
[ego_planner_node-2] iter=20,time(ms)=0.12,rebound.
[ego_planner_node-2] iter=71,time(ms)=0.19,rebound.
[ego_planner_node-2] [ERROR] [1773688165.221970608] [Coord2Index]: Ran out of pool, index=160 59 88, POOL_SIZE=160 160 160
[ego_planner_node-2] [ERROR] [1773688165.221976446] [AstarSearch]: Unable to handle the initial or end point, force return!
[ego_planner_node-2] [ERROR] [1773688165.221979233] [initControlPoints]: a star error, force return!
[ego_planner_node-2] [32miter(+1)=48,time(ms)=0.115, collided, keep optimizing
[ego_planner_node-2] [0miter=24,time(ms)=0.1,rebound.
[ego_planner_node-2] [ERROR] [1773688165.222234760] [Coord2Index]: Ran out of pool, index=-1 78 92, POOL_SIZE=160 160 160
[ego_planner_node-2] [ERROR] [1773688165.222238135] [AstarSearch]: Unable to handle the initial or end point, force return!
[ego_planner_node-2] [ERROR] [1773688165.222240469] [initControlPoints]: a star error, force return!
[ego_planner_node-2] [32miter(+1)=51,time(ms)=0.128, collided, keep optimizing
[ego_planner_node-2] [0miter=21,time(ms)=0.069,rebound.
[ego_planner_node-2] iter=54,time(ms)=0.16,rebound.
[ego_planner_node-2] iter=7,time(ms)=0.02,rebound.
[ego_planner_node-2] [32miter(+1)=33,time(ms)=0.083, collided, keep optimizing
[ego_planner_node-2] [0mtraj 4 failed.
[ego_planner_node-2] plan_success=0
[ego_planner_node-2] refine_success=0
[ego_planner_node-2] [47;30m
[ego_planner_node-2] [drone 0 replan 117]==============================================[0m
[ego_planner_node-2] [1;33mmulti-trajs=4[1;0m
[ego_planner_node-2] iter=15,time(ms)=0.11,rebound.
[ego_planner_node-2] iter=8,time(ms)=0.023,rebound.
[ego_planner_node-2] iter=26,time(ms)=0.097,rebound.
[ego_planner_node-2] iter=36,time(ms)=1.1,rebound.
[ego_planner_node-2] iter=39,time(ms)=0.23,rebound.
[ego_planner_node-2] iter=7,time(ms)=0.081,rebound.
[ego_planner_node-2] iter=60,time(ms)=0.16,rebound.
[ego_planner_node-2] [32miter(+1)=49,time(ms)=0.122, collided, keep optimizing
[ego_planner_node-2] [0miter=44,time(ms)=0.12,rebound.
[ego_planner_node-2] iter=18,time(ms)=0.087,rebound.
[ego_planner_node-2] [WARN] [1773688165.226632473] [check_collision_and_rebound]: Failed to generate direction. It doesn't matter.
[ego_planner_node-2] [WARN] [1773688165.226654204] [check_collision_and_rebound]: Failed to generate direction. It doesn't matter.
[ego_planner_node-2] [WARN] [1773688165.226670368] [check_collision_and_rebound]: Failed to generate direction. It doesn't matter.
[ego_planner_node-2] [WARN] [1773688165.226685094] [check_collision_and_rebound]: Failed to generate direction. It doesn't matter.
[ego_planner_node-2] [32miter(+1)=21,time(ms)=0.049, collided, keep optimizing
[ego_planner_node-2] [0miter=43,time(ms)=0.13,rebound.
[ego_planner_node-2] iter=5,time(ms)=0.015,rebound.
[ego_planner_node-2] iter=5,time(ms)=0.014,rebound.
[ego_planner_node-2] iter=5,time(ms)=0.014,rebound.
[ego_planner_node-2] [WARN] [1773688165.226700132] [check_collision_and_rebound]: Failed to generate direction. It doesn't matter.
[ego_planner_node-2] iter=5,time(ms)=0.014,rebound.
[ego_planner_node-2] [32miter(+1)=3,time(ms)=0.007, collided, keep optimizing
[ego_planner_node-2] [0mtraj 1 failed.
[ego_planner_node-2] iter=15,time(ms)=0.58,rebound.
[ego_planner_node-2] iter=7,time(ms)=0.021,rebound.
[ego_planner_node-2] iter=17,time(ms)=0.042,rebound.
[ego_planner_node-2] iter=43,time(ms)=0.21,rebound.
[ego_planner_node-2] [32miter(+1)=41,time(ms)=0.099, collided, keep optimizing
[ego_planner_node-2] [0m[32miter(+1)=58,time(ms)=0.139, collided, keep optimizing
[ego_planner_node-2] [0m[32miter(+1)=64,time(ms)=0.163, collided, keep optimizing
[ego_planner_node-2] [0mtraj 2 failed.
[ego_planner_node-2] iter=15,time(ms)=0.098,rebound.
[ego_planner_node-2] iter=6,time(ms)=0.26,rebound.
[ego_planner_node-2] iter=6,time(ms)=0.14,rebound.
[ego_planner_node-2] [ERROR] [1773688165.229003905] [Coord2Index]: Ran out of pool, index=-1 56 119, POOL_SIZE=160 160 160
[ego_planner_node-2] [ERROR] [1773688165.229010501] [AstarSearch]: Unable to handle the initial or end point, force return!
[ego_planner_node-2] [ERROR] [1773688165.229013605] [check_collision_and_rebound]: a star error
[ego_planner_node-2] iter=9,time(ms)=0.031,rebound.
[ego_planner_node-2] iter=5,time(ms)=0.16,rebound.
[ego_planner_node-2] iter=8,time(ms)=0.033,rebound.
[ego_planner_node-2] iter=18,time(ms)=0.12,rebound.
[ego_planner_node-2] iter=32,time(ms)=0.18,rebound.
[ego_planner_node-2] [32miter(+1)=59,time(ms)=0.157, collided, keep optimizing
[ego_planner_node-2] [0m[32miter(+1)=59,time(ms)=0.174, collided, keep optimizing
[ego_planner_node-2] [0m[32miter(+1)=38,time(ms)=0.110, collided, keep optimizing
[ego_planner_node-2] [0mtraj 3 failed.
[ego_planner_node-2] iter=17,time(ms)=0.62,rebound.
[ego_planner_node-2] iter=20,time(ms)=0.12,rebound.
[ego_planner_node-2] iter=71,time(ms)=0.18,rebound.
[ego_planner_node-2] [ERROR] [1773688165.231197632] [Coord2Index]: Ran out of pool, index=160 59 88, POOL_SIZE=160 160 160
[ego_planner_node-2] [ERROR] [1773688165.231204137] [AstarSearch]: Unable to handle the initial or end point, force return!
[ego_planner_node-2] [ERROR] [1773688165.231207054] [initControlPoints]: a star error, force return!
[ego_planner_node-2] [32miter(+1)=48,time(ms)=0.115, collided, keep optimizing
[ego_planner_node-2] [0miter=24,time(ms)=0.1,rebound.
[ego_planner_node-2] [ERROR] [1773688165.231463003] [Coord2Index]: Ran out of pool, index=-1 78 92, POOL_SIZE=160 160 160
[ego_planner_node-2] [ERROR] [1773688165.231466675] [AstarSearch]: Unable to handle the initial or end point, force return!
[ego_planner_node-2] [ERROR] [1773688165.231469119] [initControlPoints]: a star error, force return!
[ego_planner_node-2] [32miter(+1)=51,time(ms)=0.128, collided, keep optimizing
[ego_planner_node-2] [0miter=21,time(ms)=0.069,rebound.
[ego_planner_node-2] iter=54,time(ms)=0.16,rebound.
[ego_planner_node-2] iter=7,time(ms)=0.02,rebound.
[ego_planner_node-2] [32miter(+1)=33,time(ms)=0.083, collided, keep optimizing
[ego_planner_node-2] [0mtraj 4 failed.
[ego_planner_node-2] plan_success=0
[ego_planner_node-2] refine_success=0
[ego_planner_node-2] [47;30m
[ego_planner_node-2] [drone 0 replan 118]==============================================[0m
[ego_planner_node-2] [1;33mmulti-trajs=4[1;0m
[ego_planner_node-2] iter=15,time(ms)=0.11,rebound.
[ego_planner_node-2] iter=8,time(ms)=0.023,rebound.
[ego_planner_node-2] iter=26,time(ms)=0.096,rebound.
[ego_planner_node-2] iter=36,time(ms)=1.1,rebound.
[ego_planner_node-2] iter=39,time(ms)=0.23,rebound.
[ego_planner_node-2] iter=7,time(ms)=0.079,rebound.
[ego_planner_node-2] iter=60,time(ms)=0.16,rebound.
[ego_planner_node-2] [32miter(+1)=49,time(ms)=0.122, collided, keep optimizing
[ego_planner_node-2] [0miter=44,time(ms)=0.13,rebound.
[ego_planner_node-2] iter=21,time(ms)=0.094,rebound.
[ego_planner_node-2] [32miter(+1)=25,time(ms)=0.063, collided, keep optimizing
[ego_planner_node-2] [0miter=27,time(ms)=0.082,rebound.
[ego_planner_node-2] iter=16,time(ms)=0.044,rebound.
[ego_planner_node-2] [WARN] [1773688165.235906596] [check_collision_and_rebound]: Failed to generate direction. It doesn't matter.
[ego_planner_node-2] [WARN] [1773688165.235926846] [check_collision_and_rebound]: Failed to generate direction. It doesn't matter.
[ego_planner_node-2] [WARN] [1773688165.235943164] [check_collision_and_rebound]: Failed to generate direction. It doesn't matter.
[ego_planner_node-2] iter=17,time(ms)=0.053,rebound.
[ego_planner_node-2] iter=5,time(ms)=0.016,rebound.
[ego_planner_node-2] iter=5,time(ms)=0.015,rebound.
[ego_planner_node-2] [WARN] [1773688165.235959189] [check_collision_and_rebound]: Failed to generate direction. It doesn't matter.
[ego_planner_node-2] [WARN] [1773688165.235974751] [check_collision_and_rebound]: Failed to generate direction. It doesn't matter.
[ego_planner_node-2] [WARN] [1773688165.235990222] [check_collision_and_rebound]: Failed to generate direction. It doesn't matter.
[ego_planner_node-2] [WARN] [1773688165.236005484] [check_collision_and_rebound]: Failed to generate direction. It doesn't matter.
[ego_planner_node-2] [WARN] [1773688165.236020848] [check_collision_and_rebound]: Failed to generate direction. It doesn't matter.
[ego_planner_node-2] [WARN] [1773688165.236035907] [check_collision_and_rebound]: Failed to generate direction. It doesn't matter.
[ego_planner_node-2] [WARN] [1773688165.236051033] [check_collision_and_rebound]: Failed to generate direction. It doesn't matter.
[ego_planner_node-2] iter=5,time(ms)=0.015,rebound.
[ego_planner_node-2] iter=5,time(ms)=0.015,rebound.
[ego_planner_node-2] iter=5,time(ms)=0.015,rebound.
[ego_planner_node-2] iter=5,time(ms)=0.015,rebound.
[ego_planner_node-2] iter=5,time(ms)=0.015,rebound.
[ego_planner_node-2] iter=5,time(ms)=0.014,rebound.
[ego_planner_node-2] iter=5,time(ms)=0.014,rebound.
[ego_planner_node-2] traj 1 failed.
[ego_planner_node-2] iter=15,time(ms)=0.58,rebound.
[ego_planner_node-2] iter=7,time(ms)=0.021,rebound.
[ego_planner_node-2] iter=17,time(ms)=0.042,rebound.
[ego_planner_node-2] iter=43,time(ms)=0.21,rebound.
[ego_planner_node-2] [32miter(+1)=41,time(ms)=0.097, collided, keep optimizing
[ego_planner_node-2] [0m[32miter(+1)=58,time(ms)=0.140, collided, keep optimizing
[ego_planner_node-2] [0m[32miter(+1)=64,time(ms)=0.164, collided, keep optimizing
[ego_planner_node-2] [0mtraj 2 failed.
[ego_planner_node-2] iter=15,time(ms)=0.097,rebound.
[ego_planner_node-2] iter=6,time(ms)=0.26,rebound.
[ego_planner_node-2] iter=6,time(ms)=0.14,rebound.
[ego_planner_node-2] [ERROR] [1773688165.238190141] [Coord2Index]: Ran out of pool, index=-1 56 119, POOL_SIZE=160 160 160
[ego_planner_node-2] [ERROR] [1773688165.238196765] [AstarSearch]: Unable to handle the initial or end point, force return!
[ego_planner_node-2] [ERROR] [1773688165.238199845] [check_collision_and_rebound]: a star error
[ego_planner_node-2] iter=9,time(ms)=0.031,rebound.
[ego_planner_node-2] iter=5,time(ms)=0.16,rebound.
[ego_planner_node-2] iter=8,time(ms)=0.033,rebound.
[ego_planner_node-2] iter=18,time(ms)=0.12,rebound.
[ego_planner_node-2] iter=32,time(ms)=0.18,rebound.
[ego_planner_node-2] [32miter(+1)=59,time(ms)=0.159, collided, keep optimizing
[ego_planner_node-2] [0m[32miter(+1)=59,time(ms)=0.167, collided, keep optimizing
[ego_planner_node-2] [0m[32miter(+1)=38,time(ms)=0.110, collided, keep optimizing
[ego_planner_node-2] [0mtraj 3 failed.
[ego_planner_node-2] iter=17,time(ms)=0.62,rebound.
[ego_planner_node-2] iter=20,time(ms)=0.12,rebound.
[ego_planner_node-2] iter=71,time(ms)=0.18,rebound.
[ego_planner_node-2] [ERROR] [1773688165.240376783] [Coord2Index]: Ran out of pool, index=160 59 88, POOL_SIZE=160 160 160
[ego_planner_node-2] [ERROR] [1773688165.240382585] [AstarSearch]: Unable to handle the initial or end point, force return!
[ego_planner_node-2] [ERROR] [1773688165.240385380] [initControlPoints]: a star error, force return!
[ego_planner_node-2] [32miter(+1)=48,time(ms)=0.115, collided, keep optimizing
[ego_planner_node-2] [0miter=24,time(ms)=0.1,rebound.
[ego_planner_node-2] [ERROR] [1773688165.240639964] [Coord2Index]: Ran out of pool, index=-1 78 92, POOL_SIZE=160 160 160
[ego_planner_node-2] [ERROR] [1773688165.240643527] [AstarSearch]: Unable to handle the initial or end point, force return!
[ego_planner_node-2] [ERROR] [1773688165.240648937] [initControlPoints]: a star error, force return!
[ego_planner_node-2] [32miter(+1)=51,time(ms)=0.128, collided, keep optimizing
[ego_planner_node-2] [0miter=21,time(ms)=0.069,rebound.
[ego_planner_node-2] iter=54,time(ms)=0.16,rebound.
[ego_planner_node-2] iter=7,time(ms)=0.02,rebound.
[ego_planner_node-2] [32miter(+1)=33,time(ms)=0.083, collided, keep optimizing
[ego_planner_node-2] [0mtraj 4 failed.
[ego_planner_node-2] plan_success=0
[ego_planner_node-2] refine_success=0
[ego_planner_node-2] [FSM]: from GEN_NEW_TRAJ to GEN_NEW_TRAJ
[ego_planner_node-2] [47;30m
[ego_planner_node-2] [drone 0 replan 119]==============================================[0m
[ego_planner_node-2] [1;33mmulti-trajs=2[1;0m
[ego_planner_node-2] iter=5,time(ms)=0.021,rebound.
[ego_planner_node-2] iter=11,time(ms)=0.024,rebound.
[ego_planner_node-2] iter=26,time(ms)=0.1,rebound.
[ego_planner_node-2] iter=49,time(ms)=0.13,rebound.
[ego_planner_node-2] iter=12,time(ms)=0.82,rebound.
[ego_planner_node-2] iter=24,time(ms)=0.063,rebound.
[ego_planner_node-2] [32miter(+1)=85,time(ms)=0.216, collided, keep optimizing
[ego_planner_node-2] [0m[32miter(+1)=77,time(ms)=0.203, collided, keep optimizing
[ego_planner_node-2] [0miter=37,time(ms)=0.11,rebound.
[ego_planner_node-2] [32miter(+1)=37,time(ms)=0.090, collided, keep optimizing
[ego_planner_node-2] [0mtraj 1 failed.
[ego_planner_node-2] iter=5,time(ms)=0.017,rebound.
[ego_planner_node-2] iter=13,time(ms)=0.032,rebound.
[ego_planner_node-2] iter=17,time(ms)=0.042,rebound.
[ego_planner_node-2] iter=38,time(ms)=0.18,rebound.
[ego_planner_node-2] [32miter(+1)=37,time(ms)=0.084,total_t(ms)=0.361,cost=0.610
[ego_planner_node-2] [0mtraj 2 success.
[ego_planner_node-2] plan_success=1
[ego_planner_node-2] total time:[42m0.0027[0m,optimize:0.0027,refine:1.4e-06,avg_time=0.003
[ego_planner_node-2] refine_success=1
[ego_planner_node-2] [FSM]: from GEN_NEW_TRAJ to EXEC_TRAJ
[ego_planner_node-2] [47;30m
[ego_planner_node-2] [drone 0 replan 120]==============================================[0m
[ego_planner_node-2] [1;33mmulti-trajs=2[1;0m
[ego_planner_node-2] [32miter(+1)=25,time(ms)=0.152,total_t(ms)=0.153,cost=0.200
[ego_planner_node-2] [0mtraj 1 success.
[ego_planner_node-2] iter=12,time(ms)=0.088,rebound.
[ego_planner_node-2] iter=7,time(ms)=0.092,rebound.
[ego_planner_node-2] [32miter(+1)=9,time(ms)=0.044, collided, keep optimizing
[ego_planner_node-2] [0miter=19,time(ms)=0.15,rebound.
[ego_planner_node-2] [32miter(+1)=15,time(ms)=0.093, collided, keep optimizing
[ego_planner_node-2] [0miter=6,time(ms)=0.1,rebound.
[ego_planner_node-2] iter=13,time(ms)=0.12,rebound.
[ego_planner_node-2] iter=6,time(ms)=0.067,rebound.
[ego_planner_node-2] iter=5,time(ms)=0.058,rebound.
[ego_planner_node-2] iter=24,time(ms)=0.21,rebound.
[ego_planner_node-2] [32miter(+1)=18,time(ms)=0.159, collided, keep optimizing
[ego_planner_node-2] [0mtraj 2 failed.
[ego_planner_node-2] plan_success=1
[ego_planner_node-2] total time:[42m0.002[0m,optimize:0.002,refine:4.1e-06,avg_time=0.0029
[ego_planner_node-2] refine_success=1
[ego_planner_node-2] [SAFETY]: from EXEC_TRAJ to EXEC_TRAJ
[ego_planner_node-2] [47;30m
[ego_planner_node-2] [drone 0 replan 121]==============================================[0m
[ego_planner_node-2] [1;33mmulti-trajs=1[1;0m
[ego_planner_node-2] [32miter(+1)=8,time(ms)=0.080,total_t(ms)=0.081,cost=0.178
[ego_planner_node-2] [0mtraj 1 success.
[ego_planner_node-2] plan_success=1
[ego_planner_node-2] total time:[42m0.00044[0m,optimize:0.00043,refine:5.4e-06,avg_time=0.0029
[ego_planner_node-2] refine_success=1
[ego_planner_node-2] [SAFETY]: from EXEC_TRAJ to EXEC_TRAJ
[ego_planner_node-2] [47;30m
[ego_planner_node-2] [drone 0 replan 122]==============================================[0m
[ego_planner_node-2] [1;33mmulti-trajs=4[1;0m
[ego_planner_node-2] iter=11,time(ms)=0.15,rebound.
[ego_planner_node-2] iter=9,time(ms)=0.2,rebound.
[ego_planner_node-2] [32miter(+1)=14,time(ms)=0.119,total_t(ms)=0.531,cost=0.729
[ego_planner_node-2] [0mtraj 1 success.
[ego_planner_node-2] iter=11,time(ms)=0.098,rebound.
[ego_planner_node-2] iter=8,time(ms)=0.075,rebound.
[ego_planner_node-2] [32miter(+1)=16,time(ms)=0.100, collided, keep optimizing
[ego_planner_node-2] [0m[32miter(+1)=13,time(ms)=0.087,total_t(ms)=0.427,cost=1.916
[ego_planner_node-2] [0mtraj 2 success.
[ego_planner_node-2] iter=12,time(ms)=0.21,rebound.
[ego_planner_node-2] [32miter(+1)=11,time(ms)=0.070, collided, keep optimizing
[ego_planner_node-2] [0m[32miter(+1)=13,time(ms)=0.093, collided, keep optimizing
[ego_planner_node-2] [0miter=5,time(ms)=0.055,rebound.
[ego_planner_node-2] [32miter(+1)=10,time(ms)=0.063, collided, keep optimizing
[ego_planner_node-2] [0mtraj 3 failed.
[ego_planner_node-2] [32miter(+1)=21,time(ms)=0.163, collided, keep optimizing
[ego_planner_node-2] [0miter=5,time(ms)=0.049,rebound.
[ego_planner_node-2] [32miter(+1)=9,time(ms)=0.057, collided, keep optimizing
[ego_planner_node-2] [0m[32miter(+1)=5,time(ms)=0.033, collided, keep optimizing
[ego_planner_node-2] [0mtraj 4 failed.
[ego_planner_node-2] plan_success=1
[ego_planner_node-2] total time:[42m0.0027[0m,optimize:0.0027,refine:5e-06,avg_time=0.0029
[ego_planner_node-2] refine_success=1
[ego_planner_node-2] [SAFETY]: from EXEC_TRAJ to EXEC_TRAJ
[ego_planner_node-2] [47;30m
[ego_planner_node-2] [drone 0 replan 123]==============================================[0m
[ego_planner_node-2] [1;33mmulti-trajs=1[1;0m
[ego_planner_node-2] [32miter(+1)=14,time(ms)=0.058, collided, keep optimizing
[ego_planner_node-2] [0miter=5,time(ms)=0.085,rebound.
[ego_planner_node-2] iter=20,time(ms)=0.14,rebound.
[ego_planner_node-2] iter=5,time(ms)=0.052,rebound.
[ego_planner_node-2] [32miter(+1)=17,time(ms)=0.059,total_t(ms)=0.449,cost=0.995
[ego_planner_node-2] [0mtraj 1 success.
[ego_planner_node-2] plan_success=1
[ego_planner_node-2] total time:[42m0.00058[0m,optimize:0.00058,refine:2.9e-06,avg_time=0.0029
[ego_planner_node-2] refine_success=1
[ego_planner_node-2] [SAFETY]: from EXEC_TRAJ to EXEC_TRAJ
[ego_planner_node-2] [FSM]: state: EXEC_TRAJ
[ego_planner_node-2] [FSM]: from EXEC_TRAJ to REPLAN_TRAJ
[ego_planner_node-2] [47;30m
[ego_planner_node-2] [drone 0 replan 124]==============================================[0m
[ego_planner_node-2] [1;33mmulti-trajs=2[1;0m
[ego_planner_node-2] iter=7,time(ms)=0.11,rebound.
[ego_planner_node-2] iter=7,time(ms)=0.087,rebound.
[ego_planner_node-2] iter=7,time(ms)=0.17,rebound.
[ego_planner_node-2] iter=9,time(ms)=0.26,rebound.
[ego_planner_node-2] iter=8,time(ms)=0.14,rebound.
[ego_planner_node-2] iter=16,time(ms)=0.19,rebound.
[ego_planner_node-2] iter=22,time(ms)=0.4,rebound.
[ego_planner_node-2] [32miter(+1)=17,time(ms)=0.152, collided, keep optimizing
[ego_planner_node-2] [0m[32miter(+1)=14,time(ms)=0.143, collided, keep optimizing
[ego_planner_node-2] [0miter=21,time(ms)=0.23,rebound.
[ego_planner_node-2] [32miter(+1)=18,time(ms)=0.167, collided, keep optimizing
[ego_planner_node-2] [0mtraj 1 failed.
[ego_planner_node-2] iter=19,time(ms)=0.16,rebound.
[ego_planner_node-2] iter=5,time(ms)=0.095,rebound.
[ego_planner_node-2] iter=13,time(ms)=0.11,rebound.
[ego_planner_node-2] iter=8,time(ms)=0.099,rebound.
[ego_planner_node-2] iter=8,time(ms)=0.082,rebound.
[ego_planner_node-2] iter=8,time(ms)=0.099,rebound.
[ego_planner_node-2] [32miter(+1)=15,time(ms)=0.101, collided, keep optimizing
[ego_planner_node-2] [0miter=8,time(ms)=0.089,rebound.
[ego_planner_node-2] iter=30,time(ms)=0.31,rebound.
[ego_planner_node-2] iter=10,time(ms)=0.14,rebound.
[ego_planner_node-2] [ERROR] [1773688166.613426550] [Coord2Index]: Ran out of pool, index=160 82 97, POOL_SIZE=160 160 160
[ego_planner_node-2] [ERROR] [1773688166.613488406] [AstarSearch]: Unable to handle the initial or end point, force return!
[ego_planner_node-2] [ERROR] [1773688166.613500550] [check_collision_and_rebound]: a star error
[ego_planner_node-2] [32miter(+1)=25,time(ms)=0.263, collided, keep optimizing
[ego_planner_node-2] [0miter=18,time(ms)=0.22,rebound.
[ego_planner_node-2] iter=14,time(ms)=0.12,rebound.
[ego_planner_node-2] iter=20,time(ms)=0.23,rebound.
[ego_planner_node-2] [ERROR] [1773688166.613993266] [Coord2Index]: Ran out of pool, index=160 88 91, POOL_SIZE=160 160 160
[ego_planner_node-2] [ERROR] [1773688166.614006565] [AstarSearch]: Unable to handle the initial or end point, force return!
[ego_planner_node-2] [ERROR] [1773688166.614015413] [initControlPoints]: a star error, force return!
[ego_planner_node-2] [32miter(+1)=14,time(ms)=0.092, collided, keep optimizing
[ego_planner_node-2] [0mtraj 2 failed.
[ego_planner_node-2] plan_success=0
[ego_planner_node-2] refine_success=0
[ego_planner_node-2] [47;30m
[ego_planner_node-2] [drone 0 replan 125]==============================================[0m
[ego_planner_node-2] i=0 RichInfoSegs.size()=3
[ego_planner_node-2] RichInfoSegs[i].first.size=1
[ego_planner_node-2] RichInfoSegs[i].first.direction.size()=1
[ego_planner_node-2] RichInfoSegs[i].first.direction[0].size()=1
[ego_planner_node-2] RichInfoSegs[i].first.points.cols()=1
[ego_planner_node-2] RichInfoSegs[i].first.base_point.size()=1
[ego_planner_node-2] RichInfoSegs[i].first.base_point[0].size()=1
[ego_planner_node-2] base_point=  10  1.5 0.95 control point=  10  1.5 0.95
[ego_planner_node-2] [1;33mmulti-trajs=4[1;0m
[ego_planner_node-2] [WARN] [1773688166.614378425] [distinctiveTrajs]: base_point and control point are too close!, 2
[ego_planner_node-2] iter=6,time(ms)=0.094,rebound.
[ego_planner_node-2] iter=16,time(ms)=0.087,rebound.
[ego_planner_node-2] iter=28,time(ms)=0.19,rebound.
[ego_planner_node-2] iter=33,time(ms)=0.25,rebound.
[ego_planner_node-2] [32miter(+1)=51,time(ms)=0.292, collided, keep optimizing
[ego_planner_node-2] [0m[32miter(+1)=42,time(ms)=0.298, collided, keep optimizing
[ego_planner_node-2] [0m[32miter(+1)=29,time(ms)=0.237, collided, keep optimizing
[ego_planner_node-2] [0mtraj 1 failed.
[ego_planner_node-2] iter=14,time(ms)=0.13,rebound.
[ego_planner_node-2] iter=5,time(ms)=0.071,rebound.
[ego_planner_node-2] iter=22,time(ms)=0.18,rebound.
[ego_planner_node-2] iter=44,time(ms)=0.43,rebound.
[ego_planner_node-2] [ERROR] [1773688166.617933794] [Coord2Index]: Ran out of pool, index=160 157 91, POOL_SIZE=160 160 160
[ego_planner_node-2] [ERROR] [1773688166.617945593] [AstarSearch]: Unable to handle the initial or end point, force return!
[ego_planner_node-2] [ERROR] [1773688166.617950800] [initControlPoints]: a star error, force return!
[ego_planner_node-2] [32miter(+1)=56,time(ms)=0.432, collided, keep optimizing
[ego_planner_node-2] [0m[32miter(+1)=47,time(ms)=0.217, collided, keep optimizing
[ego_planner_node-2] [0m[32miter(+1)=56,time(ms)=0.270, collided, keep optimizing
[ego_planner_node-2] [0mtraj 2 failed.
[ego_planner_node-2] iter=6,time(ms)=0.063,rebound.
[ego_planner_node-2] iter=11,time(ms)=0.084,rebound.
[ego_planner_node-2] iter=5,time(ms)=0.024,rebound.
[ego_planner_node-2] [32miter(+1)=53,time(ms)=0.199, collided, keep optimizing
[ego_planner_node-2] [0miter=33,time(ms)=0.19,rebound.
[ego_planner_node-2] iter=46,time(ms)=0.19,rebound.
[ego_planner_node-2] [32miter(+1)=27,time(ms)=0.107, collided, keep optimizing
[ego_planner_node-2] [0m[32miter(+1)=32,time(ms)=0.124, collided, keep optimizing
[ego_planner_node-2] [0mtraj 3 failed.
[ego_planner_node-2] iter=18,time(ms)=0.058,rebound.
[ego_planner_node-2] iter=20,time(ms)=0.067,rebound.
[ego_planner_node-2] iter=12,time(ms)=0.035,rebound.
[ego_planner_node-2] iter=10,time(ms)=0.029,rebound.
[ego_planner_node-2] iter=49,time(ms)=0.2,rebound.
[ego_planner_node-2] [32miter(+1)=45,time(ms)=0.138,total_t(ms)=0.530,cost=0.988
[ego_planner_node-2] [0mtraj 4 success.
[ego_planner_node-2] plan_success=1
[ego_planner_node-2] total time:[42m0.0055[0m,optimize:0.0055,refine:1.6e-06,avg_time=0.0029
[ego_planner_node-2] refine_success=1
[ego_planner_node-2] [FSM]: from REPLAN_TRAJ to EXEC_TRAJ
[ego_planner_node-2] [47;30m
[ego_planner_node-2] [drone 0 replan 126]==============================================[0m
[ego_planner_node-2] [1;33mmulti-trajs=1[1;0m
[ego_planner_node-2] iter=12,time(ms)=0.16,rebound.
[ego_planner_node-2] iter=13,time(ms)=0.2,rebound.
[ego_planner_node-2] iter=8,time(ms)=0.12,rebound.
[ego_planner_node-2] iter=5,time(ms)=0.085,rebound.
[ego_planner_node-2] iter=21,time(ms)=0.2,rebound.
[ego_planner_node-2] [32miter(+1)=17,time(ms)=0.148, collided, keep optimizing
[ego_planner_node-2] [0m[32miter(+1)=18,time(ms)=0.140, collided, keep optimizing
[ego_planner_node-2] [0m[32miter(+1)=14,time(ms)=0.102,total_t(ms)=1.334,cost=4.085
[ego_planner_node-2] [0mtraj 1 success.
[ego_planner_node-2] plan_success=1
[ego_planner_node-2] total time:[42m0.0017[0m,optimize:0.0017,refine:4.3e-06,avg_time=0.0029
[ego_planner_node-2] refine_success=1
[ego_planner_node-2] [SAFETY]: from EXEC_TRAJ to EXEC_TRAJ
[ego_planner_node-2] [FSM]: state: EXEC_TRAJ
[ego_planner_node-2] [FSM]: from EXEC_TRAJ to REPLAN_TRAJ
[ego_planner_node-2] [47;30m
[ego_planner_node-2] [drone 0 replan 127]==============================================[0m
[ego_planner_node-2] [1;33mmulti-trajs=1[1;0m
[ego_planner_node-2] iter=5,time(ms)=0.33,rebound.
[ego_planner_node-2] iter=9,time(ms)=0.14,rebound.
[ego_planner_node-2] iter=20,time(ms)=0.26,rebound.
[ego_planner_node-2] iter=13,time(ms)=0.17,rebound.
[ego_planner_node-2] iter=7,time(ms)=0.098,rebound.
[ego_planner_node-2] [32miter(+1)=10,time(ms)=0.095, collided, keep optimizing
[ego_planner_node-2] [0miter=17,time(ms)=0.26,rebound.
[ego_planner_node-2] iter=8,time(ms)=0.21,rebound.
[ego_planner_node-2] iter=22,time(ms)=0.46,rebound.
[ego_planner_node-2] [32miter(+1)=23,time(ms)=0.301,total_t(ms)=2.492,cost=1.861
[ego_planner_node-2] [0mtraj 1 success.
[ego_planner_node-2] plan_success=1
[ego_planner_node-2] total time:[42m0.0029[0m,optimize:0.0029,refine:6.1e-06,avg_time=0.0029
[ego_planner_node-2] refine_success=1
[ego_planner_node-2] [FSM]: from REPLAN_TRAJ to EXEC_TRAJ
[ego_planner_node-2] [47;30m
[ego_planner_node-2] [drone 0 replan 128]==============================================[0m
[ego_planner_node-2] [1;33mmulti-trajs=1[1;0m
[ego_planner_node-2] [32miter(+1)=17,time(ms)=0.141,total_t(ms)=0.142,cost=0.096
[ego_planner_node-2] [0mtraj 1 success.
[ego_planner_node-2] plan_success=1
[ego_planner_node-2] total time:[42m0.00048[0m,optimize:0.00047,refine:4.9e-06,avg_time=0.0028
[ego_planner_node-2] refine_success=1
[ego_planner_node-2] [SAFETY]: from EXEC_TRAJ to EXEC_TRAJ
[ego_planner_node-2] [47;30m
[ego_planner_node-2] [drone 0 replan 129]==============================================[0m
[ego_planner_node-2] [1;33mmulti-trajs=1[1;0m
[ego_planner_node-2] [32miter(+1)=16,time(ms)=0.167,total_t(ms)=0.168,cost=0.083
[ego_planner_node-2] [0mtraj 1 success.
[ego_planner_node-2] plan_success=1
[ego_planner_node-2] total time:[42m0.00054[0m,optimize:0.00054,refine:5.9e-06,avg_time=0.0028
[ego_planner_node-2] refine_success=1
[ego_planner_node-2] [SAFETY]: from EXEC_TRAJ to EXEC_TRAJ
[ego_planner_node-2] [FSM]: state: EXEC_TRAJ
[ego_planner_node-2] [FSM]: from EXEC_TRAJ to REPLAN_TRAJ
[ego_planner_node-2] [47;30m
[ego_planner_node-2] [drone 0 replan 130]==============================================[0m
[ego_planner_node-2] [1;33mmulti-trajs=2[1;0m
[ego_planner_node-2] iter=12,time(ms)=0.18,rebound.
[ego_planner_node-2] iter=20,time(ms)=0.18,rebound.
[ego_planner_node-2] iter=5,time(ms)=0.06,rebound.
[ego_planner_node-2] iter=20,time(ms)=0.15,rebound.
[ego_planner_node-2] iter=7,time(ms)=0.068,rebound.
[ego_planner_node-2] [ERROR] [1773688168.762743852] [Coord2Index]: Ran out of pool, index=160 150 91, POOL_SIZE=160 160 160
[ego_planner_node-2] [ERROR] [1773688168.762797930] [AstarSearch]: Unable to handle the initial or end point, force return!
[ego_planner_node-2] [ERROR] [1773688168.762806284] [check_collision_and_rebound]: a star error
[ego_planner_node-2] [ERROR] [1773688168.762852018] [Coord2Index]: Ran out of pool, index=160 150 91, POOL_SIZE=160 160 160
[ego_planner_node-2] [ERROR] [1773688168.762859529] [AstarSearch]: Unable to handle the initial or end point, force return!
[ego_planner_node-2] [ERROR] [1773688168.762864885] [check_collision_and_rebound]: a star error
[ego_planner_node-2] [ERROR] [1773688168.762923266] [Coord2Index]: Ran out of pool, index=160 152 90, POOL_SIZE=160 160 160
[ego_planner_node-2] [ERROR] [1773688168.762929913] [AstarSearch]: Unable to handle the initial or end point, force return!
[ego_planner_node-2] [ERROR] [1773688168.762934995] [check_collision_and_rebound]: a star error
[ego_planner_node-2] iter=12,time(ms)=0.14,rebound.
[ego_planner_node-2] iter=5,time(ms)=0.046,rebound.
[ego_planner_node-2] iter=5,time(ms)=0.069,rebound.
[ego_planner_node-2] iter=5,time(ms)=0.041,rebound.
[ego_planner_node-2] iter=22,time(ms)=0.14,rebound.
[ego_planner_node-2] iter=7,time(ms)=0.085,rebound.
[ego_planner_node-2] [32miter(+1)=21,time(ms)=0.117, collided, keep optimizing
[ego_planner_node-2] [0m[32miter(+1)=23,time(ms)=0.131,total_t(ms)=1.465,cost=1.899
[ego_planner_node-2] [0mtraj 1 success.
[ego_planner_node-2] [32miter(+1)=29,time(ms)=0.123,total_t(ms)=0.123,cost=0.070
[ego_planner_node-2] [0mtraj 2 success.
[ego_planner_node-2] plan_success=1
[ego_planner_node-2] total time:[42m0.0019[0m,optimize:0.0019,refine:2.5e-06,avg_time=0.0028
[ego_planner_node-2] refine_success=1
[ego_planner_node-2] [FSM]: from REPLAN_TRAJ to EXEC_TRAJ
[ego_planner_node-2] [47;30m
[ego_planner_node-2] [drone 0 replan 131]==============================================[0m
[ego_planner_node-2] [1;33mmulti-trajs=1[1;0m
[ego_planner_node-2] [32miter(+1)=15,time(ms)=0.210, collided, keep optimizing
[ego_planner_node-2] [0m[32miter(+1)=1,time(ms)=0.023, collided, keep optimizing
[ego_planner_node-2] [0m[32miter(+1)=1,time(ms)=0.020, collided, keep optimizing
[ego_planner_node-2] [0mtraj 1 failed.
[ego_planner_node-2] plan_success=0
[ego_planner_node-2] refine_success=0
[ego_planner_node-2] [47;30m
[ego_planner_node-2] [drone 0 replan 132]==============================================[0m
[ego_planner_node-2] [1;33mmulti-trajs=4[1;0m
[ego_planner_node-2] iter=30,time(ms)=0.5,rebound.
[ego_planner_node-2] iter=16,time(ms)=0.23,rebound.
[ego_planner_node-2] iter=28,time(ms)=0.39,rebound.
[ego_planner_node-2] iter=11,time(ms)=0.24,rebound.
[ego_planner_node-2] iter=21,time(ms)=0.31,rebound.
[ego_planner_node-2] iter=39,time(ms)=0.79,rebound.
[ego_planner_node-2] [32miter(+1)=47,time(ms)=0.614, collided, keep optimizing
[ego_planner_node-2] [0m[32miter(+1)=27,time(ms)=0.337, collided, keep optimizing
[ego_planner_node-2] [0miter=45,time(ms)=0.59,rebound.
[ego_planner_node-2] iter=48,time(ms)=0.68,rebound.
[ego_planner_node-2] [32miter(+1)=40,time(ms)=0.547,total_t(ms)=5.514,cost=7.106
[ego_planner_node-2] [0mtraj 1 success.
[ego_planner_node-2] iter=17,time(ms)=0.17,rebound.
[ego_planner_node-2] iter=9,time(ms)=0.11,rebound.
[ego_planner_node-2] iter=12,time(ms)=0.13,rebound.
[ego_planner_node-2] iter=56,time(ms)=0.65,rebound.
[ego_planner_node-2] [32miter(+1)=34,time(ms)=0.323,total_t(ms)=1.421,cost=0.586
[ego_planner_node-2] [0mtraj 2 success.
[ego_planner_node-2] iter=27,time(ms)=0.37,rebound.
[ego_planner_node-2] iter=29,time(ms)=0.25,rebound.
[ego_planner_node-2] iter=16,time(ms)=0.12,rebound.
[ego_planner_node-2] iter=44,time(ms)=0.36,rebound.
[ego_planner_node-2] iter=37,time(ms)=0.32,rebound.
[ego_planner_node-2] [32miter(+1)=38,time(ms)=0.281,total_t(ms)=1.729,cost=0.844
[ego_planner_node-2] [0mtraj 3 success.
[ego_planner_node-2] iter=14,time(ms)=0.075,rebound.
[ego_planner_node-2] iter=12,time(ms)=0.27,rebound.
[ego_planner_node-2] iter=28,time(ms)=0.17,rebound.
[ego_planner_node-2] iter=11,time(ms)=0.08,rebound.
[ego_planner_node-2] iter=17,time(ms)=0.13,rebound.
[ego_planner_node-2] iter=47,time(ms)=0.34,rebound.
[ego_planner_node-2] [ERROR] [1773688168.804422889] [Coord2Index]: Ran out of pool, index=160 77 91, POOL_SIZE=160 160 160
[ego_planner_node-2] [ERROR] [1773688168.804456776] [AstarSearch]: Unable to handle the initial or end point, force return!
[ego_planner_node-2] [ERROR] [1773688168.804467844] [check_collision_and_rebound]: a star error
[ego_planner_node-2] [ERROR] [1773688168.804512869] [Coord2Index]: Ran out of pool, index=160 77 91, POOL_SIZE=160 160 160
[ego_planner_node-2] [ERROR] [1773688168.804522864] [AstarSearch]: Unable to handle the initial or end point, force return!
[ego_planner_node-2] [ERROR] [1773688168.804530258] [check_collision_and_rebound]: a star error
[ego_planner_node-2] [ERROR] [1773688168.804569061] [Coord2Index]: Ran out of pool, index=160 77 91, POOL_SIZE=160 160 160
[ego_planner_node-2] [ERROR] [1773688168.804578855] [AstarSearch]: Unable to handle the initial or end point, force return!
[ego_planner_node-2] [ERROR] [1773688168.804586384] [check_collision_and_rebound]: a star error
[ego_planner_node-2] iter=18,time(ms)=0.16,rebound.
[ego_planner_node-2] iter=5,time(ms)=0.052,rebound.
[ego_planner_node-2] iter=5,time(ms)=0.052,rebound.
[ego_planner_node-2] [ERROR] [1773688168.804624983] [Coord2Index]: Ran out of pool, index=160 77 91, POOL_SIZE=160 160 160
[ego_planner_node-2] [ERROR] [1773688168.804634369] [AstarSearch]: Unable to handle the initial or end point, force return!
[ego_planner_node-2] [ERROR] [1773688168.804641569] [check_collision_and_rebound]: a star error
[ego_planner_node-2] [ERROR] [1773688168.804678320] [Coord2Index]: Ran out of pool, index=160 77 91, POOL_SIZE=160 160 160
[ego_planner_node-2] [ERROR] [1773688168.804687940] [AstarSearch]: Unable to handle the initial or end point, force return!
[ego_planner_node-2] [ERROR] [1773688168.804694935] [check_collision_and_rebound]: a star error
[ego_planner_node-2] [ERROR] [1773688168.804731342] [Coord2Index]: Ran out of pool, index=160 77 91, POOL_SIZE=160 160 160
[ego_planner_node-2] [ERROR] [1773688168.804739995] [AstarSearch]: Unable to handle the initial or end point, force return!
[ego_planner_node-2] [ERROR] [1773688168.804747014] [check_collision_and_rebound]: a star error
[ego_planner_node-2] [ERROR] [1773688168.804783019] [Coord2Index]: Ran out of pool, index=160 77 91, POOL_SIZE=160 160 160
[ego_planner_node-2] [ERROR] [1773688168.804791999] [AstarSearch]: Unable to handle the initial or end point, force return!
[ego_planner_node-2] [ERROR] [1773688168.804798831] [check_collision_and_rebound]: a star error
[ego_planner_node-2] [ERROR] [1773688168.804839844] [Coord2Index]: Ran out of pool, index=160 77 91, POOL_SIZE=160 160 160
[ego_planner_node-2] [ERROR] [1773688168.804851665] [AstarSearch]: Unable to handle the initial or end point, force return!
[ego_planner_node-2] [ERROR] [1773688168.804859403] [check_collision_and_rebound]: a star error
[ego_planner_node-2] [ERROR] [1773688168.804922892] [Coord2Index]: Ran out of pool, index=160 77 91, POOL_SIZE=160 160 160
[ego_planner_node-2] [ERROR] [1773688168.804931053] [AstarSearch]: Unable to handle the initial or end point, force return!
[ego_planner_node-2] [ERROR] [1773688168.804937090] [check_collision_and_rebound]: a star error
[ego_planner_node-2] [ERROR] [1773688168.804967821] [Coord2Index]: Ran out of pool, index=160 77 91, POOL_SIZE=160 160 160
[ego_planner_node-2] [ERROR] [1773688168.804975374] [AstarSearch]: Unable to handle the initial or end point, force return!
[ego_planner_node-2] [ERROR] [1773688168.804981442] [check_collision_and_rebound]: a star error
[ego_planner_node-2] iter=5,time(ms)=0.05,rebound.
[ego_planner_node-2] iter=5,time(ms)=0.05,rebound.
[ego_planner_node-2] iter=5,time(ms)=0.048,rebound.
[ego_planner_node-2] iter=5,time(ms)=0.052,rebound.
[ego_planner_node-2] iter=5,time(ms)=0.078,rebound.
[ego_planner_node-2] iter=5,time(ms)=0.042,rebound.
[ego_planner_node-2] iter=5,time(ms)=0.041,rebound.
[ego_planner_node-2] [ERROR] [1773688168.805027550] [Coord2Index]: Ran out of pool, index=160 77 90, POOL_SIZE=160 160 160
[ego_planner_node-2] [ERROR] [1773688168.805044503] [AstarSearch]: Unable to handle the initial or end point, force return!
[ego_planner_node-2] [ERROR] [1773688168.805048260] [check_collision_and_rebound]: a star error
[ego_planner_node-2] iter=5,time(ms)=0.06,rebound.
[ego_planner_node-2] iter=5,time(ms)=0.022,rebound.
[ego_planner_node-2] [32miter(+1)=3,time(ms)=0.007, collided, keep optimizing
[ego_planner_node-2] [0miter=5,time(ms)=0.02,rebound.
[ego_planner_node-2] [ERROR] [1773688168.805072996] [Coord2Index]: Ran out of pool, index=160 77 90, POOL_SIZE=160 160 160
[ego_planner_node-2] [ERROR] [1773688168.805076440] [AstarSearch]: Unable to handle the initial or end point, force return!
[ego_planner_node-2] [ERROR] [1773688168.805078867] [check_collision_and_rebound]: a star error
[ego_planner_node-2] [ERROR] [1773688168.805111514] [Coord2Index]: Ran out of pool, index=160 77 90, POOL_SIZE=160 160 160
[ego_planner_node-2] [ERROR] [1773688168.805114684] [AstarSearch]: Unable to handle the initial or end point, force return!
[ego_planner_node-2] [ERROR] [1773688168.805117352] [initControlPoints]: a star error, force return!
[ego_planner_node-2] [ERROR] [1773688168.805131700] [Coord2Index]: Ran out of pool, index=160 77 91, POOL_SIZE=160 160 160
[ego_planner_node-2] [ERROR] [1773688168.805134824] [AstarSearch]: Unable to handle the initial or end point, force return!
[ego_planner_node-2] [ERROR] [1773688168.805137186] [check_collision_and_rebound]: a star error
[ego_planner_node-2] [ERROR] [1773688168.805152663] [Coord2Index]: Ran out of pool, index=160 77 91, POOL_SIZE=160 160 160
[ego_planner_node-2] [ERROR] [1773688168.805155519] [AstarSearch]: Unable to handle the initial or end point, force return!
[ego_planner_node-2] [ERROR] [1773688168.805157810] [check_collision_and_rebound]: a star error
[ego_planner_node-2] iter=5,time(ms)=0.02,rebound.
[ego_planner_node-2] iter=5,time(ms)=0.02,rebound.
[ego_planner_node-2] traj 4 failed.
[ego_planner_node-2] plan_success=1
[ego_planner_node-2] total time:[42m0.012[0m,optimize:0.012,refine:1.6e-06,avg_time=0.0029
[ego_planner_node-2] refine_success=1
[ego_planner_node-2] [SAFETY]: from EXEC_TRAJ to EXEC_TRAJ
[ego_planner_node-2] [ERROR] [1773688168.805173162] [Coord2Index]: Ran out of pool, index=160 77 91, POOL_SIZE=160 160 160
[ego_planner_node-2] [ERROR] [1773688168.805176243] [AstarSearch]: Unable to handle the initial or end point, force return!
[ego_planner_node-2] [ERROR] [1773688168.805178494] [check_collision_and_rebound]: a star error
[ego_planner_node-2] [47;30m
[ego_planner_node-2] [drone 0 replan 133]==============================================[0m
[ego_planner_node-2] i=0 RichInfoSegs.size()=1
[ego_planner_node-2] RichInfoSegs[i].first.size=1
[ego_planner_node-2] RichInfoSegs[i].first.direction.size()=1
[ego_planner_node-2] RichInfoSegs[i].first.direction[0].size()=1
[ego_planner_node-2] RichInfoSegs[i].first.points.cols()=1
[ego_planner_node-2] RichInfoSegs[i].first.base_point.size()=1
[ego_planner_node-2] RichInfoSegs[i].first.base_point[0].size()=1
[ego_planner_node-2] base_point= 5.9  1.5 0.81 control point= 5.9  1.5 0.81
[ego_planner_node-2] [1;33mmulti-trajs=1[1;0m
[ego_planner_node-2] [WARN] [1773688168.842804226] [distinctiveTrajs]: base_point and control point are too close!, 2
[ego_planner_node-2] iter=23,time(ms)=0.29,rebound.
[ego_planner_node-2] [32miter(+1)=26,time(ms)=0.268, collided, keep optimizing
[ego_planner_node-2] [0miter=6,time(ms)=0.12,rebound.
[ego_planner_node-2] iter=27,time(ms)=0.35,rebound.
[ego_planner_node-2] iter=8,time(ms)=0.12,rebound.
[ego_planner_node-2] [32miter(+1)=26,time(ms)=0.326, collided, keep optimizing
[ego_planner_node-2] [0miter=6,time(ms)=0.078,rebound.
[ego_planner_node-2] iter=8,time(ms)=0.1,rebound.
[ego_planner_node-2] [32miter(+1)=21,time(ms)=0.212, collided, keep optimizing
[ego_planner_node-2] [0mtraj 1 failed.
[ego_planner_node-2] plan_success=0
[ego_planner_node-2] refine_success=0
[ego_planner_node-2] [47;30m
[ego_planner_node-2] [drone 0 replan 134]==============================================[0m
[ego_planner_node-2] [1;33mmulti-trajs=2[1;0m
[ego_planner_node-2] iter=10,time(ms)=0.11,rebound.
[ego_planner_node-2] iter=28,time(ms)=0.33,rebound.
[ego_planner_node-2] iter=35,time(ms)=0.43,rebound.
[ego_planner_node-2] iter=36,time(ms)=0.56,rebound.
[ego_planner_node-2] iter=49,time(ms)=0.62,rebound.
[ego_planner_node-2] [32miter(+1)=42,time(ms)=0.479,total_t(ms)=2.576,cost=0.708
[ego_planner_node-2] [0mtraj 1 success.
[ego_planner_node-2] iter=22,time(ms)=0.49,rebound.
[ego_planner_node-2] iter=22,time(ms)=0.23,rebound.
[ego_planner_node-2] iter=28,time(ms)=0.34,rebound.
[ego_planner_node-2] iter=6,time(ms)=0.1,rebound.
[ego_planner_node-2] iter=12,time(ms)=0.15,rebound.
[ego_planner_node-2] iter=14,time(ms)=0.17,rebound.
[ego_planner_node-2] iter=32,time(ms)=0.42,rebound.
[ego_planner_node-2] [WARN] [1773688168.851153189] [rebound_optimize]: First 3 control points in obstacles! return false, t=0.111668
[ego_planner_node-2] [32miter(+1)=35,time(ms)=0.415, collided, keep optimizing
[ego_planner_node-2] [0mtraj 2 failed.
[ego_planner_node-2] plan_success=1
[ego_planner_node-2] total time:[42m0.0061[0m,optimize:0.0061,refine:2.1e-06,avg_time=0.003
[ego_planner_node-2] refine_success=1
[ego_planner_node-2] [SAFETY]: from EXEC_TRAJ to EXEC_TRAJ
[ego_planner_node-2] [FSM]: state: EXEC_TRAJ
[ego_planner_node-2] [47;30m
[ego_planner_node-2] [drone 0 replan 135]==============================================[0m
[ego_planner_node-2] [1;33mmulti-trajs=1[1;0m
[ego_planner_node-2] iter=14,time(ms)=0.21,rebound.
[ego_planner_node-2] iter=6,time(ms)=0.094,rebound.
[ego_planner_node-2] iter=9,time(ms)=0.27,rebound.
[ego_planner_node-2] iter=5,time(ms)=0.23,rebound.
[ego_planner_node-2] iter=6,time(ms)=0.16,rebound.
[ego_planner_node-2] iter=7,time(ms)=0.13,rebound.
[ego_planner_node-2] iter=8,time(ms)=0.11,rebound.
[ego_planner_node-2] iter=20,time(ms)=0.25,rebound.
[ego_planner_node-2] iter=23,time(ms)=0.35,rebound.
[ego_planner_node-2] iter=12,time(ms)=0.17,rebound.
[ego_planner_node-2] iter=7,time(ms)=0.17,rebound.
[ego_planner_node-2] iter=22,time(ms)=0.26,rebound.
[ego_planner_node-2] iter=9,time(ms)=0.11,rebound.
[ego_planner_node-2] iter=11,time(ms)=0.13,rebound.
[ego_planner_node-2] traj 1 failed.
[ego_planner_node-2] plan_success=0
[ego_planner_node-2] refine_success=0
[ego_planner_node-2] [WARN] [1773688168.895794278] [rebound_optimize]: First 3 control points in obstacles! return false, t=0.083646
[ego_planner_node-2] [47;30m
[ego_planner_node-2] [drone 0 replan 136]==============================================[0m
[ego_planner_node-2] [1;33mmulti-trajs=2[1;0m
[ego_planner_node-2] iter=18,time(ms)=0.19,rebound.
[ego_planner_node-2] iter=22,time(ms)=0.31,rebound.
[ego_planner_node-2] iter=32,time(ms)=0.41,rebound.
[ego_planner_node-2] iter=15,time(ms)=0.17,rebound.
[ego_planner_node-2] iter=19,time(ms)=0.26,rebound.
[ego_planner_node-2] iter=36,time(ms)=0.52,rebound.
[ego_planner_node-2] [32miter(+1)=38,time(ms)=0.505, collided, keep optimizing
[ego_planner_node-2] [0m[32miter(+1)=21,time(ms)=0.268, collided, keep optimizing
[ego_planner_node-2] [0miter=51,time(ms)=0.7,rebound.
[ego_planner_node-2] [32miter(+1)=32,time(ms)=0.304, collided, keep optimizing
[ego_planner_node-2] [0mtraj 1 failed.
[ego_planner_node-2] iter=19,time(ms)=0.087,rebound.
[ego_planner_node-2] iter=8,time(ms)=0.031,rebound.
[ego_planner_node-2] iter=33,time(ms)=0.23,rebound.
[ego_planner_node-2] iter=6,time(ms)=0.031,rebound.
[ego_planner_node-2] iter=11,time(ms)=0.062,rebound.
[ego_planner_node-2] iter=54,time(ms)=0.27,rebound.
[ego_planner_node-2] [32miter(+1)=32,time(ms)=0.138,total_t(ms)=0.876,cost=0.644
[ego_planner_node-2] [0mtraj 2 success.
[ego_planner_node-2] plan_success=1
[ego_planner_node-2] total time:[42m0.0051[0m,optimize:0.0051,refine:2.3e-06,avg_time=0.003
[ego_planner_node-2] refine_success=1
[ego_planner_node-2] [SAFETY]: from EXEC_TRAJ to EXEC_TRAJ
[ego_planner_node-2] [47;30m
[ego_planner_node-2] [drone 0 replan 137]==============================================[0m
[ego_planner_node-2] [1;33mmulti-trajs=1[1;0m
[ego_planner_node-2] iter=21,time(ms)=0.44,rebound.
[ego_planner_node-2] iter=11,time(ms)=0.16,rebound.
[ego_planner_node-2] iter=15,time(ms)=0.22,rebound.
[ego_planner_node-2] iter=17,time(ms)=0.26,rebound.
[ego_planner_node-2] iter=9,time(ms)=0.16,rebound.
[ego_planner_node-2] [32miter(+1)=12,time(ms)=0.146,total_t(ms)=1.465,cost=0.570
[ego_planner_node-2] [0mtraj 1 success.
[ego_planner_node-2] plan_success=1
[ego_planner_node-2] total time:[42m0.0019[0m,optimize:0.0019,refine:7.5e-06,avg_time=0.003
[ego_planner_node-2] refine_success=1
[ego_planner_node-2] [SAFETY]: from EXEC_TRAJ to EXEC_TRAJ
[ego_planner_node-2] [47;30m
[ego_planner_node-2] [drone 0 replan 138]==============================================[0m
[ego_planner_node-2] [1;33mmulti-trajs=1[1;0m
[ego_planner_node-2] iter=5,time(ms)=0.11,rebound.
[ego_planner_node-2] iter=7,time(ms)=0.085,rebound.
[ego_planner_node-2] iter=8,time(ms)=0.089,rebound.
[ego_planner_node-2] iter=8,time(ms)=0.12,rebound.
[ego_planner_node-2] iter=17,time(ms)=0.21,rebound.
[ego_planner_node-2] iter=8,time(ms)=0.23,rebound.
[ego_planner_node-2] iter=17,time(ms)=0.25,rebound.
[ego_planner_node-2] iter=5,time(ms)=0.087,rebound.
[ego_planner_node-2] iter=26,time(ms)=2.4,rebound.
[ego_planner_node-2] iter=14,time(ms)=1,rebound.
[ego_planner_node-2] iter=17,time(ms)=0.23,rebound.
[ego_planner_node-2] iter=5,time(ms)=0.093,rebound.
[ego_planner_node-2] [32miter(+1)=43,time(ms)=0.549, collided, keep optimizing
[ego_planner_node-2] [0m[32miter(+1)=35,time(ms)=0.442,total_t(ms)=6.142,cost=4.533
[ego_planner_node-2] [0mtraj 1 success.
[ego_planner_node-2] plan_success=1
[ego_planner_node-2] Need to reallocate time.
[ego_planner_node-2] total time:[42m0.0071[0m,optimize:0.0064,refine:0.0007,avg_time=0.003
[ego_planner_node-2] refine_success=1
[ego_planner_node-2] [SAFETY]: from EXEC_TRAJ to EXEC_TRAJ
[ego_planner_node-2] [47;30m
[ego_planner_node-2] [drone 0 replan 139]==============================================[0m
[ego_planner_node-2] [1;33mmulti-trajs=1[1;0m
[ego_planner_node-2] iter=11,time(ms)=0.14,rebound.
[ego_planner_node-2] iter=18,time(ms)=0.19,rebound.
[ego_planner_node-2] iter=5,time(ms)=0.067,rebound.
[ego_planner_node-2] iter=14,time(ms)=0.15,rebound.
[ego_planner_node-2] [32miter(+1)=23,time(ms)=0.240,total_t(ms)=0.828,cost=0.480
[ego_planner_node-2] [0mtraj 1 success.
[ego_planner_node-2] plan_success=1
[ego_planner_node-2] total time:[42m0.0012[0m,optimize:0.0012,refine:5.4e-06,avg_time=0.003
[ego_planner_node-2] refine_success=1
[ego_planner_node-2] [SAFETY]: from EXEC_TRAJ to EXEC_TRAJ
[ego_planner_node-2] [47;30m
[ego_planner_node-2] [drone 0 replan 140]==============================================[0m
[ego_planner_node-2] [1;33mmulti-trajs=2[1;0m
[ego_planner_node-2] iter=15,time(ms)=0.21,rebound.
[ego_planner_node-2] iter=23,time(ms)=0.26,rebound.
[ego_planner_node-2] iter=18,time(ms)=0.16,rebound.
[ego_planner_node-2] iter=17,time(ms)=0.17,rebound.
[ego_planner_node-2] iter=23,time(ms)=0.28,rebound.
[ego_planner_node-2] iter=8,time(ms)=0.3,rebound.
[ego_planner_node-2] iter=19,time(ms)=0.18,rebound.
[ego_planner_node-2] iter=10,time(ms)=0.15,rebound.
[ego_planner_node-2] [32miter(+1)=33,time(ms)=0.291, collided, keep optimizing
[ego_planner_node-2] [0m[32miter(+1)=35,time(ms)=0.325, collided, keep optimizing
[ego_planner_node-2] [0m[32miter(+1)=13,time(ms)=0.099, collided, keep optimizing
[ego_planner_node-2] [0mtraj 1 failed.
[ego_planner_node-2] iter=17,time(ms)=0.12,rebound.
[ego_planner_node-2] [32miter(+1)=16,time(ms)=0.095,total_t(ms)=0.221,cost=0.235
[ego_planner_node-2] [0mtraj 2 success.
[ego_planner_node-2] plan_success=1
[ego_planner_node-2] total time:[42m0.0035[0m,optimize:0.0035,refine:3.9e-06,avg_time=0.003
[ego_planner_node-2] refine_success=1
[ego_planner_node-2] [SAFETY]: from EXEC_TRAJ to EXEC_TRAJ
[ego_planner_node-2] [47;30m
[ego_planner_node-2] [drone 0 replan 141]==============================================[0m
[ego_planner_node-2] [1;33mmulti-trajs=2[1;0m
[ego_planner_node-2] iter=27,time(ms)=0.43,rebound.
[ego_planner_node-2] iter=8,time(ms)=0.15,rebound.
[ego_planner_node-2] iter=19,time(ms)=1.1,rebound.
[ego_planner_node-2] [32miter(+1)=26,time(ms)=0.355, collided, keep optimizing
[ego_planner_node-2] [0miter=24,time(ms)=0.4,rebound.
[ego_planner_node-2] iter=10,time(ms)=0.13,rebound.
[ego_planner_node-2] iter=15,time(ms)=0.19,rebound.
[ego_planner_node-2] [32miter(+1)=21,time(ms)=0.260,total_t(ms)=3.259,cost=2.163
[ego_planner_node-2] [0mtraj 1 success.
[ego_planner_node-2] iter=10,time(ms)=0.25,rebound.
[ego_planner_node-2] iter=20,time(ms)=0.25,rebound.
[ego_planner_node-2] iter=7,time(ms)=0.15,rebound.
[ego_planner_node-2] iter=13,time(ms)=0.16,rebound.
[ego_planner_node-2] [32miter(+1)=15,time(ms)=0.138, collided, keep optimizing
[ego_planner_node-2] [0miter=30,time(ms)=0.4,rebound.
[ego_planner_node-2] [32miter(+1)=20,time(ms)=0.202, collided, keep optimizing
[ego_planner_node-2] [0miter=7,time(ms)=0.084,rebound.
[ego_planner_node-2] [32miter(+1)=74,time(ms)=0.920, collided, keep optimizing
[ego_planner_node-2] [0mtraj 2 failed.
[ego_planner_node-2] plan_success=1
[ego_planner_node-2] total time:[42m0.0065[0m,optimize:0.0065,refine:4.7e-06,avg_time=0.0031
[ego_planner_node-2] refine_success=1
[ego_planner_node-2] [SAFETY]: from EXEC_TRAJ to EXEC_TRAJ
[ego_planner_node-2] [47;30m
[ego_planner_node-2] [drone 0 replan 142]==============================================[0m
[ego_planner_node-2] [1;33mmulti-trajs=1[1;0m
[ego_planner_node-2] iter=17,time(ms)=0.29,rebound.
[ego_planner_node-2] iter=9,time(ms)=0.22,rebound.
[ego_planner_node-2] [32miter(+1)=19,time(ms)=0.206, collided, keep optimizing
[ego_planner_node-2] [0miter=6,time(ms)=0.085,rebound.
[ego_planner_node-2] [32miter(+1)=18,time(ms)=0.200,total_t(ms)=1.270,cost=1.101
[ego_planner_node-2] [0mtraj 1 success.
[ego_planner_node-2] plan_success=1
[ego_planner_node-2] total time:[42m0.0016[0m,optimize:0.0016,refine:5.8e-06,avg_time=0.0031
[ego_planner_node-2] refine_success=1
[ego_planner_node-2] [SAFETY]: from EXEC_TRAJ to EXEC_TRAJ
[ego_planner_node-2] [FSM]: state: EXEC_TRAJ
[ego_planner_node-2] [FSM]: from EXEC_TRAJ to REPLAN_TRAJ
[ego_planner_node-2] [47;30m
[ego_planner_node-2] [drone 0 replan 143]==============================================[0m
[ego_planner_node-2] [1;33mmulti-trajs=1[1;0m
[ego_planner_node-2] iter=19,time(ms)=0.14,rebound.
[ego_planner_node-2] iter=6,time(ms)=0.16,rebound.
[ego_planner_node-2] iter=35,time(ms)=0.2,rebound.
[ego_planner_node-2] [32miter(+1)=18,time(ms)=0.080, collided, keep optimizing
[ego_planner_node-2] [0miter=11,time(ms)=0.07,rebound.
[ego_planner_node-2] iter=30,time(ms)=0.18,rebound.
[ego_planner_node-2] [32miter(+1)=24,time(ms)=0.125,total_t(ms)=1.055,cost=1.830
[ego_planner_node-2] [0mtraj 1 success.
[ego_planner_node-2] plan_success=1
[ego_planner_node-2] total time:[42m0.0012[0m,optimize:0.0012,refine:2.9e-06,avg_time=0.003
[ego_planner_node-2] refine_success=1
[ego_planner_node-2] [FSM]: from REPLAN_TRAJ to EXEC_TRAJ
[ego_planner_node-2] [FSM]: state: EXEC_TRAJ
[ego_planner_node-2] [47;30m
[ego_planner_node-2] [drone 0 replan 144]==============================================[0m
[ego_planner_node-2] [1;33mmulti-trajs=2[1;0m
[ego_planner_node-2] iter=7,time(ms)=0.12,rebound.
[ego_planner_node-2] iter=6,time(ms)=0.054,rebound.
[ego_planner_node-2] iter=9,time(ms)=0.077,rebound.
[ego_planner_node-2] iter=5,time(ms)=0.052,rebound.
[ego_planner_node-2] [WARN] [1773688171.193471595] [check_collision_and_rebound]: Failed to generate direction. It doesn't matter.
[ego_planner_node-2] [WARN] [1773688171.193562168] [check_collision_and_rebound]: Failed to generate direction. It doesn't matter.
[ego_planner_node-2] iter=17,time(ms)=0.17,rebound.
[ego_planner_node-2] iter=5,time(ms)=0.048,rebound.
[ego_planner_node-2] iter=5,time(ms)=0.056,rebound.
[ego_planner_node-2] iter=8,time(ms)=0.064,rebound.
[ego_planner_node-2] iter=8,time(ms)=0.099,rebound.
[ego_planner_node-2] iter=13,time(ms)=0.14,rebound.
[ego_planner_node-2] iter=7,time(ms)=0.21,rebound.
[ego_planner_node-2] iter=10,time(ms)=0.092,rebound.
[ego_planner_node-2] iter=23,time(ms)=0.67,rebound.
[ego_planner_node-2] iter=28,time(ms)=0.25,rebound.
[ego_planner_node-2] iter=8,time(ms)=0.057,rebound.
[ego_planner_node-2] [32miter(+1)=72,time(ms)=0.530, collided, keep optimizing
[ego_planner_node-2] [0m[32miter(+1)=24,time(ms)=0.156, collided, keep optimizing
[ego_planner_node-2] [0miter=26,time(ms)=0.23,rebound.
[ego_planner_node-2] [32miter(+1)=30,time(ms)=0.184,total_t(ms)=3.415,cost=20.955
[ego_planner_node-2] [0mtraj 1 success.
[ego_planner_node-2] [32miter(+1)=30,time(ms)=0.128,total_t(ms)=0.129,cost=0.016
[ego_planner_node-2] [0mtraj 2 success.
[ego_planner_node-2] plan_success=1
[ego_planner_node-2] total time:[42m0.0039[0m,optimize:0.0039,refine:2.6e-06,avg_time=0.003
[ego_planner_node-2] refine_success=1
[ego_planner_node-2] [SAFETY]: from EXEC_TRAJ to EXEC_TRAJ
[ego_planner_node-2] [FSM]: state: EXEC_TRAJ
[WARNING] [launch]: user interrupted with ctrl-c (SIGINT)
[INFO] [pcl_render_node-6]: sending signal 'SIGINT' to process[pcl_render_node-6]
[INFO] [odom_visualization-5]: sending signal 'SIGINT' to process[odom_visualization-5]
[INFO] [poscmd_2_odom-4]: sending signal 'SIGINT' to process[poscmd_2_odom-4]
[INFO] [traj_server-3]: sending signal 'SIGINT' to process[traj_server-3]
[INFO] [ego_planner_node-2]: sending signal 'SIGINT' to process[ego_planner_node-2]
[INFO] [random_forest-1]: sending signal 'SIGINT' to process[random_forest-1]
[ERROR] [odom_visualization-5]: process has died [pid 34341, exit code -2, cmd '/home/cube/WorkSpace/ROS/Ego_Planner/ego-planner-swarm/install/odom_visualization/lib/odom_visualization/odom_visualization --ros-args -r __node:=drone_0_odom_visualization --params-file /tmp/launch_params_f_8orhzb --params-file /tmp/launch_params_x09z2zyz --params-file /tmp/launch_params_sc7zjywz --params-file /tmp/launch_params_5fuhehj1 --params-file /tmp/launch_params_zw7qvfba --params-file /tmp/launch_params_zshjdiy_ --params-file /tmp/launch_params_2hudx3hr --params-file /tmp/launch_params_1_9lb25s -r odom:=drone_0_visual_slam/odom -r robot:=drone_0_vis/robot -r path:=drone_0_vis/path -r time_gap:=drone_0_vis/time_gap'].
[ego_planner_node-2] [INFO] [1773688172.172036105] [rclcpp]: signal_handler(SIGINT/SIGTERM)
[ERROR] [traj_server-3]: process has died [pid 34337, exit code -2, cmd '/home/cube/WorkSpace/ROS/Ego_Planner/ego-planner-swarm/install/ego_planner/lib/ego_planner/traj_server --ros-args -r __node:=drone_0_traj_server --params-file /tmp/launch_params_g079c2nr -r position_cmd:=drone_0_planning/pos_cmd -r planning/bspline:=drone_0_planning/bspline'].
[traj_server-3] [INFO] [1773688172.172036210] [rclcpp]: signal_handler(SIGINT/SIGTERM)
[pcl_render_node-6] [INFO] [1773688172.172058810] [rclcpp]: signal_handler(SIGINT/SIGTERM)
[pcl_render_node-6] terminate called after throwing an instance of 'rclcpp::exceptions::RCLError'
[pcl_render_node-6]   what():  failed to create guard condition: the given context is not valid, either rcl_init() was not called or rcl_shutdown() was called., at ./src/rcl/guard_condition.c:67
[random_forest-1] [INFO] [1773688172.172106827] [rclcpp]: signal_handler(SIGINT/SIGTERM)
[poscmd_2_odom-4] [INFO] [1773688172.172101014] [rclcpp]: signal_handler(SIGINT/SIGTERM)
[poscmd_2_odom-4] terminate called after throwing an instance of 'rclcpp::exceptions::RCLError'
[poscmd_2_odom-4]   what():  failed to create guard condition: the given context is not valid, either rcl_init() was not called or rcl_shutdown() was called., at ./src/rcl/guard_condition.c:67
[odom_visualization-5] [INFO] [1773688172.172102922] [rclcpp]: signal_handler(SIGINT/SIGTERM)
[ERROR] [random_forest-1]: process has died [pid 34333, exit code -2, cmd '/home/cube/WorkSpace/ROS/Ego_Planner/ego-planner-swarm/install/map_generator/lib/map_generator/random_forest --ros-args -r __node:=random_forest --params-file /tmp/launch_params_biye72j8 --params-file /tmp/launch_params_mr6s0zh5 --params-file /tmp/launch_params_huqunonu --params-file /tmp/launch_params_x63ubtny --params-file /tmp/launch_params_e5ksfj74 --params-file /tmp/launch_params_45i6osxx --params-file /tmp/launch_params_mo5ipipd --params-file /tmp/launch_params_mvof1qh8 --params-file /tmp/launch_params_9yu0scgu --params-file /tmp/launch_params_d2k9bfgx --params-file /tmp/launch_params_xilffacz --params-file /tmp/launch_params_qjaf_irw --params-file /tmp/launch_params_awkwte1q --params-file /tmp/launch_params_l6b3y6d2 --params-file /tmp/launch_params_sxcdnsvv --params-file /tmp/launch_params_gf48yiaw --params-file /tmp/launch_params_u56js0si --params-file /tmp/launch_params_mne1mu0g'].
[ERROR] [ego_planner_node-2]: process has died [pid 34335, exit code -2, cmd '/home/cube/WorkSpace/ROS/Ego_Planner/ego-planner-swarm/install/ego_planner/lib/ego_planner/ego_planner_node --ros-args -r __node:=drone_0_ego_planner_node --params-file /tmp/launch_params_ueg6b511 --params-file /tmp/launch_params_xxyms85a --params-file /tmp/launch_params_naf0w9ri --params-file /tmp/launch_params_m_04sxws --params-file /tmp/launch_params_1w9zjam9 --params-file /tmp/launch_params_ctobigpo --params-file /tmp/launch_params_w62u8u77 --params-file /tmp/launch_params_imm_ocdg --params-file /tmp/launch_params_jqz22wn7 --params-file /tmp/launch_params_meclhy9l --params-file /tmp/launch_params_1lbjryv8 --params-file /tmp/launch_params_17gmhc85 --params-file /tmp/launch_params_bmmrttmv --params-file /tmp/launch_params_skpadxy1 --params-file /tmp/launch_params_uaofbhcv --params-file /tmp/launch_params_2mq3zg0l --params-file /tmp/launch_params_duk4x_nx --params-file /tmp/launch_params_08vhrrju --params-file /tmp/launch_params_aqi3sats --params-file /tmp/launch_params_avf09q2h --params-file /tmp/launch_params_kp32heec --params-file /tmp/launch_params_oho3p9lf --params-file /tmp/launch_params_x24bci20 --params-file /tmp/launch_params_vm_j84th --params-file /tmp/launch_params_q51nsqs8 --params-file /tmp/launch_params_pyzc5oao --params-file /tmp/launch_params_x79uussc --params-file /tmp/launch_params_76cglfu9 --params-file /tmp/launch_params_51pmmgi9 --params-file /tmp/launch_params_34fabub_ --params-file /tmp/launch_params_j_sxq4lk --params-file /tmp/launch_params_33_wv92z --params-file /tmp/launch_params_hea7dbqy --params-file /tmp/launch_params_tiz_mtrr --params-file /tmp/launch_params_359nqme7 --params-file /tmp/launch_params_yk76hfvr --params-file /tmp/launch_params_5_m53q0u --params-file /tmp/launch_params_yfnq8s95 --params-file /tmp/launch_params_33cgz73a --params-file /tmp/launch_params_p034nsrp --params-file /tmp/launch_params_4o7mvpyb --params-file /tmp/launch_params_v03fktia --params-file /tmp/launch_params__5udlhvn --params-file /tmp/launch_params_na173xdu --params-file /tmp/launch_params_acva3yk9 --params-file /tmp/launch_params_jkljx943 --params-file /tmp/launch_params_iuaocm95 --params-file /tmp/launch_params_g0d6rqbu --params-file /tmp/launch_params_u803hn1e --params-file /tmp/launch_params_5qnxnpmw --params-file /tmp/launch_params_enequyl2 --params-file /tmp/launch_params_xs3gbgge --params-file /tmp/launch_params_pvvwmgin --params-file /tmp/launch_params_dmg_vrck --params-file /tmp/launch_params_mmnxbu5q --params-file /tmp/launch_params_6xhm8o7w --params-file /tmp/launch_params_kbut24oj --params-file /tmp/launch_params_408fci1b --params-file /tmp/launch_params__7ek4vrl --params-file /tmp/launch_params_zar7e5av --params-file /tmp/launch_params_gv25igiz --params-file /tmp/launch_params_ka_cmfd8 --params-file /tmp/launch_params_l8avd0hp --params-file /tmp/launch_params_dz8761gd --params-file /tmp/launch_params_3phltxjp --params-file /tmp/launch_params_s0fvu_ps --params-file /tmp/launch_params_r50p9ac2 --params-file /tmp/launch_params_8cf4__4p --params-file /tmp/launch_params_48qc_g1v --params-file /tmp/launch_params_5s4htmyp --params-file /tmp/launch_params_cj60msl3 --params-file /tmp/launch_params_ri5btxtj --params-file /tmp/launch_params_u7xnge0y --params-file /tmp/launch_params_fodp6370 --params-file /tmp/launch_params_kzhav07_ --params-file /tmp/launch_params_bams5zzh --params-file /tmp/launch_params_z18apmvl --params-file /tmp/launch_params_hdc4i91o --params-file /tmp/launch_params_w83w3z8b --params-file /tmp/launch_params_tsrezrr_ --params-file /tmp/launch_params_xpaoxcfm --params-file /tmp/launch_params_78ufz5te --params-file /tmp/launch_params__fypzflu --params-file /tmp/launch_params_yf2wnnow --params-file /tmp/launch_params_kihdsz0s --params-file /tmp/launch_params_bu4dq_os --params-file /tmp/launch_params_w68f_tzj --params-file /tmp/launch_params_oujgzlh5 --params-file /tmp/launch_params_ouvw269w --params-file /tmp/launch_params__i1vdseh --params-file /tmp/launch_params_pjcxa942 --params-file /tmp/launch_params_2dms7hoa -r odom_world:=drone_0_visual_slam/odom -r planning/bspline:=drone_0_planning/bspline -r planning/data_display:=drone_0_planning/data_display -r planning/broadcast_bspline_from_planner:=/broadcast_bspline -r planning/broadcast_bspline_to_planner:=/broadcast_bspline -r goal_point:=drone_0_plan_vis/goal_point -r global_list:=drone_0_plan_vis/global_list -r init_list:=drone_0_plan_vis/init_list -r optimal_list:=drone_0_plan_vis/optimal_list -r a_star_list:=drone_0_plan_vis/a_star_list -r grid_map/odom:=drone_0_visual_slam/odom -r grid_map/cloud:=drone_0_pcl_render_node/cloud -r grid_map/lidar:=drone_0_lidar_points -r grid_map/pose:=drone_0_pcl_render_node/camera_pose -r grid_map/depth:=drone_0_pcl_render_node/depth -r grid_map/occupancy_inflate:=drone_0_grid/grid_map/occupancy_inflate'].
[ERROR] [poscmd_2_odom-4]: process has died [pid 34339, exit code -6, cmd '/home/cube/WorkSpace/ROS/Ego_Planner/ego-planner-swarm/install/poscmd_2_odom/lib/poscmd_2_odom/poscmd_2_odom --ros-args -r __node:=drone_0_poscmd_2_odom --params-file /tmp/launch_params_hspml3da --params-file /tmp/launch_params_f2t8nbpm --params-file /tmp/launch_params_p85uz1ff -r command:=drone_0_planning/pos_cmd -r odometry:=drone_0_visual_slam/odom'].
[ERROR] [pcl_render_node-6]: process has died [pid 34343, exit code -6, cmd '/home/cube/WorkSpace/ROS/Ego_Planner/ego-planner-swarm/install/local_sensing/lib/local_sensing/pcl_render_node --ros-args -r __node:=drone_0_pcl_render_node --params-file /tmp/launch_params_o9n9i9ho --params-file /tmp/launch_params_ut5gtpne --params-file /tmp/launch_params_kd9fe4ba --params-file /tmp/launch_params_w8_2wjnv --params-file /tmp/launch_params_5pe5qj_u --params-file /tmp/launch_params_x828b6n5 --params-file /home/cube/WorkSpace/ROS/Ego_Planner/ego-planner-swarm/install/local_sensing/share/local_sensing/config/camera.yaml -r global_map:=/map_generator/global_cloud -r odometry:=drone_0_visual_slam/odom -r pcl_render_node/cloud:=drone_0_pcl_render_node/cloud -r depth:=drone_0_pcl_render_node/depth'].
